ISO-10303-21;
HEADER;
/* Generated by software containing ST-Developer
 * from STEP Tools, Inc. (www.steptools.com) 
 */
/* OPTION: using custom renumber hook */

FILE_DESCRIPTION(
/* description */ ('STEP AP242 Edition 2',
'CAx-IF Rec.Pracs.---Representation and Presentation of Product Manufa
cturing Information (PMI)---4.0---2014-10-13',
'CAx-IF Rec.Pracs.---3D Tessellated Geometry---0.4---2014-09-14','2;1',
'CAx-IF Rec.Pracs.---User Defined Attributes---1.5---2016-08-15'),
/* implementation_level */ '2;1');

FILE_NAME(
/* name */ 'CaseTopRight',
/* time_stamp */ '2026-06-29T20:28:41Z',
/* author */ (''),
/* organization */ (''),
/* preprocessor_version */ 'ST-DEVELOPER v20',
/* originating_system */ 'ONSHAPE BY PTC INC, 1.217',
/* authorisation */ '  ');

FILE_SCHEMA (('AP242_MANAGED_MODEL_BASED_3D_ENGINEERING_MIM_LF { 1 0 10303 442 3 1 4 }'));
ENDSEC;

DATA;
#10=SHAPE_REPRESENTATION_RELATIONSHIP('','',#2765,#11);
#11=ADVANCED_BREP_SHAPE_REPRESENTATION('',(#2763),#4407);
#12=CYLINDRICAL_SURFACE('',#2884,0.0015);
#13=CYLINDRICAL_SURFACE('',#2886,0.0015);
#14=CYLINDRICAL_SURFACE('',#2888,0.0015);
#15=CYLINDRICAL_SURFACE('',#2890,0.0015);
#16=CYLINDRICAL_SURFACE('',#2918,0.0075);
#17=CYLINDRICAL_SURFACE('',#2919,0.0075);
#18=CYLINDRICAL_SURFACE('',#2920,0.0075);
#19=CYLINDRICAL_SURFACE('',#2921,0.0075);
#20=CYLINDRICAL_SURFACE('',#2922,0.0075);
#21=CYLINDRICAL_SURFACE('',#2923,0.0075);
#22=CYLINDRICAL_SURFACE('',#2924,0.02);
#23=CYLINDRICAL_SURFACE('',#2935,0.002);
#24=CYLINDRICAL_SURFACE('',#2936,0.002);
#25=CYLINDRICAL_SURFACE('',#2937,0.002);
#26=CYLINDRICAL_SURFACE('',#2938,0.002);
#27=CYLINDRICAL_SURFACE('',#2943,0.002);
#28=CYLINDRICAL_SURFACE('',#2944,0.002);
#29=CYLINDRICAL_SURFACE('',#2945,0.002);
#30=CYLINDRICAL_SURFACE('',#2946,0.002);
#31=CIRCLE('',#2772,0.02);
#32=CIRCLE('',#2773,0.0075);
#33=CIRCLE('',#2774,0.0075);
#34=CIRCLE('',#2775,0.0075);
#35=CIRCLE('',#2776,0.0075);
#36=CIRCLE('',#2777,0.0075);
#37=CIRCLE('',#2778,0.0075);
#38=CIRCLE('',#2779,0.0015);
#39=CIRCLE('',#2780,0.0015);
#40=CIRCLE('',#2781,0.0015);
#41=CIRCLE('',#2782,0.0015);
#42=CIRCLE('',#2885,0.0015);
#43=CIRCLE('',#2887,0.0015);
#44=CIRCLE('',#2889,0.0015);
#45=CIRCLE('',#2891,0.0015);
#46=CIRCLE('',#2911,0.02);
#47=CIRCLE('',#2912,0.0075);
#48=CIRCLE('',#2913,0.0075);
#49=CIRCLE('',#2914,0.0075);
#50=CIRCLE('',#2915,0.0075);
#51=CIRCLE('',#2916,0.0075);
#52=CIRCLE('',#2917,0.0075);
#53=ELLIPSE('',#2768,0.00346410161513775,0.002);
#54=ELLIPSE('',#2769,0.00346410161513775,0.002);
#55=ELLIPSE('',#2770,0.00346410161513775,0.002);
#56=ELLIPSE('',#2771,0.00346410161513775,0.002);
#57=ELLIPSE('',#2783,0.00346410161513775,0.002);
#58=ELLIPSE('',#2784,0.00346410161513775,0.002);
#59=ELLIPSE('',#2785,0.00346410161513775,0.002);
#60=ELLIPSE('',#2786,0.00346410161513775,0.002);
#61=ELLIPSE('',#2788,0.00346410161513775,0.002);
#62=ELLIPSE('',#2789,0.00346410161513775,0.002);
#63=ELLIPSE('',#2791,0.00346410161513775,0.002);
#64=ELLIPSE('',#2792,0.00346410161513775,0.002);
#65=ELLIPSE('',#2794,0.00346410161513775,0.002);
#66=ELLIPSE('',#2795,0.00346410161513775,0.002);
#67=ELLIPSE('',#2797,0.00346410161513775,0.002);
#68=ELLIPSE('',#2798,0.00346410161513775,0.002);
#69=ELLIPSE('',#2800,0.00346410161513775,0.002);
#70=ELLIPSE('',#2801,0.00346410161513775,0.002);
#71=ELLIPSE('',#2803,0.00346410161513776,0.002);
#72=ELLIPSE('',#2804,0.00346410161513775,0.002);
#73=ELLIPSE('',#2875,0.00346410161513775,0.002);
#74=ELLIPSE('',#2876,0.00346410161513775,0.002);
#75=ELLIPSE('',#2908,0.00346410161513775,0.002);
#76=ELLIPSE('',#2909,0.00346410161513775,0.002);
#77=ELLIPSE('',#2926,0.00346410161513775,0.002);
#78=ELLIPSE('',#2927,0.00346410161513775,0.002);
#79=ELLIPSE('',#2929,0.00346410161513775,0.002);
#80=ELLIPSE('',#2930,0.00346410161513775,0.002);
#81=ORIENTED_EDGE('',*,*,#841,.T.);
#82=ORIENTED_EDGE('',*,*,#842,.T.);
#83=ORIENTED_EDGE('',*,*,#843,.T.);
#84=ORIENTED_EDGE('',*,*,#844,.T.);
#85=ORIENTED_EDGE('',*,*,#845,.T.);
#86=ORIENTED_EDGE('',*,*,#846,.T.);
#87=ORIENTED_EDGE('',*,*,#847,.T.);
#88=ORIENTED_EDGE('',*,*,#848,.T.);
#89=ORIENTED_EDGE('',*,*,#849,.T.);
#90=ORIENTED_EDGE('',*,*,#850,.T.);
#91=ORIENTED_EDGE('',*,*,#851,.T.);
#92=ORIENTED_EDGE('',*,*,#852,.T.);
#93=ORIENTED_EDGE('',*,*,#853,.T.);
#94=ORIENTED_EDGE('',*,*,#854,.T.);
#95=ORIENTED_EDGE('',*,*,#855,.T.);
#96=ORIENTED_EDGE('',*,*,#856,.T.);
#97=ORIENTED_EDGE('',*,*,#857,.T.);
#98=ORIENTED_EDGE('',*,*,#858,.T.);
#99=ORIENTED_EDGE('',*,*,#859,.F.);
#100=ORIENTED_EDGE('',*,*,#860,.T.);
#101=ORIENTED_EDGE('',*,*,#861,.T.);
#102=ORIENTED_EDGE('',*,*,#862,.T.);
#103=ORIENTED_EDGE('',*,*,#863,.T.);
#104=ORIENTED_EDGE('',*,*,#864,.T.);
#105=ORIENTED_EDGE('',*,*,#865,.T.);
#106=ORIENTED_EDGE('',*,*,#866,.T.);
#107=ORIENTED_EDGE('',*,*,#867,.T.);
#108=ORIENTED_EDGE('',*,*,#868,.T.);
#109=ORIENTED_EDGE('',*,*,#869,.T.);
#110=ORIENTED_EDGE('',*,*,#870,.T.);
#111=ORIENTED_EDGE('',*,*,#871,.T.);
#112=ORIENTED_EDGE('',*,*,#872,.T.);
#113=ORIENTED_EDGE('',*,*,#873,.T.);
#114=ORIENTED_EDGE('',*,*,#874,.T.);
#115=ORIENTED_EDGE('',*,*,#875,.T.);
#116=ORIENTED_EDGE('',*,*,#876,.T.);
#117=ORIENTED_EDGE('',*,*,#877,.T.);
#118=ORIENTED_EDGE('',*,*,#878,.T.);
#119=ORIENTED_EDGE('',*,*,#879,.T.);
#120=ORIENTED_EDGE('',*,*,#880,.T.);
#121=ORIENTED_EDGE('',*,*,#881,.T.);
#122=ORIENTED_EDGE('',*,*,#882,.T.);
#123=ORIENTED_EDGE('',*,*,#883,.T.);
#124=ORIENTED_EDGE('',*,*,#884,.T.);
#125=ORIENTED_EDGE('',*,*,#885,.T.);
#126=ORIENTED_EDGE('',*,*,#886,.F.);
#127=ORIENTED_EDGE('',*,*,#887,.T.);
#128=ORIENTED_EDGE('',*,*,#888,.T.);
#129=ORIENTED_EDGE('',*,*,#889,.T.);
#130=ORIENTED_EDGE('',*,*,#890,.T.);
#131=ORIENTED_EDGE('',*,*,#891,.T.);
#132=ORIENTED_EDGE('',*,*,#892,.T.);
#133=ORIENTED_EDGE('',*,*,#893,.T.);
#134=ORIENTED_EDGE('',*,*,#894,.T.);
#135=ORIENTED_EDGE('',*,*,#895,.T.);
#136=ORIENTED_EDGE('',*,*,#896,.T.);
#137=ORIENTED_EDGE('',*,*,#897,.T.);
#138=ORIENTED_EDGE('',*,*,#898,.T.);
#139=ORIENTED_EDGE('',*,*,#899,.T.);
#140=ORIENTED_EDGE('',*,*,#900,.T.);
#141=ORIENTED_EDGE('',*,*,#901,.T.);
#142=ORIENTED_EDGE('',*,*,#902,.T.);
#143=ORIENTED_EDGE('',*,*,#903,.T.);
#144=ORIENTED_EDGE('',*,*,#904,.T.);
#145=ORIENTED_EDGE('',*,*,#905,.T.);
#146=ORIENTED_EDGE('',*,*,#906,.T.);
#147=ORIENTED_EDGE('',*,*,#907,.T.);
#148=ORIENTED_EDGE('',*,*,#908,.T.);
#149=ORIENTED_EDGE('',*,*,#909,.T.);
#150=ORIENTED_EDGE('',*,*,#910,.T.);
#151=ORIENTED_EDGE('',*,*,#911,.T.);
#152=ORIENTED_EDGE('',*,*,#912,.T.);
#153=ORIENTED_EDGE('',*,*,#913,.T.);
#154=ORIENTED_EDGE('',*,*,#914,.T.);
#155=ORIENTED_EDGE('',*,*,#915,.T.);
#156=ORIENTED_EDGE('',*,*,#916,.T.);
#157=ORIENTED_EDGE('',*,*,#917,.T.);
#158=ORIENTED_EDGE('',*,*,#918,.T.);
#159=ORIENTED_EDGE('',*,*,#919,.T.);
#160=ORIENTED_EDGE('',*,*,#920,.T.);
#161=ORIENTED_EDGE('',*,*,#921,.T.);
#162=ORIENTED_EDGE('',*,*,#922,.T.);
#163=ORIENTED_EDGE('',*,*,#923,.T.);
#164=ORIENTED_EDGE('',*,*,#924,.T.);
#165=ORIENTED_EDGE('',*,*,#925,.F.);
#166=ORIENTED_EDGE('',*,*,#926,.F.);
#167=ORIENTED_EDGE('',*,*,#927,.F.);
#168=ORIENTED_EDGE('',*,*,#928,.F.);
#169=ORIENTED_EDGE('',*,*,#929,.F.);
#170=ORIENTED_EDGE('',*,*,#930,.F.);
#171=ORIENTED_EDGE('',*,*,#931,.F.);
#172=ORIENTED_EDGE('',*,*,#932,.F.);
#173=ORIENTED_EDGE('',*,*,#933,.F.);
#174=ORIENTED_EDGE('',*,*,#934,.F.);
#175=ORIENTED_EDGE('',*,*,#935,.F.);
#176=ORIENTED_EDGE('',*,*,#936,.F.);
#177=ORIENTED_EDGE('',*,*,#937,.F.);
#178=ORIENTED_EDGE('',*,*,#938,.F.);
#179=ORIENTED_EDGE('',*,*,#939,.F.);
#180=ORIENTED_EDGE('',*,*,#940,.F.);
#181=ORIENTED_EDGE('',*,*,#941,.F.);
#182=ORIENTED_EDGE('',*,*,#942,.F.);
#183=ORIENTED_EDGE('',*,*,#943,.F.);
#184=ORIENTED_EDGE('',*,*,#944,.F.);
#185=ORIENTED_EDGE('',*,*,#945,.F.);
#186=ORIENTED_EDGE('',*,*,#946,.F.);
#187=ORIENTED_EDGE('',*,*,#947,.F.);
#188=ORIENTED_EDGE('',*,*,#948,.F.);
#189=ORIENTED_EDGE('',*,*,#949,.F.);
#190=ORIENTED_EDGE('',*,*,#950,.F.);
#191=ORIENTED_EDGE('',*,*,#951,.T.);
#192=ORIENTED_EDGE('',*,*,#952,.T.);
#193=ORIENTED_EDGE('',*,*,#953,.T.);
#194=ORIENTED_EDGE('',*,*,#954,.T.);
#195=ORIENTED_EDGE('',*,*,#955,.T.);
#196=ORIENTED_EDGE('',*,*,#956,.T.);
#197=ORIENTED_EDGE('',*,*,#957,.F.);
#198=ORIENTED_EDGE('',*,*,#958,.T.);
#199=ORIENTED_EDGE('',*,*,#959,.T.);
#200=ORIENTED_EDGE('',*,*,#960,.T.);
#201=ORIENTED_EDGE('',*,*,#961,.T.);
#202=ORIENTED_EDGE('',*,*,#962,.T.);
#203=ORIENTED_EDGE('',*,*,#963,.F.);
#204=ORIENTED_EDGE('',*,*,#964,.F.);
#205=ORIENTED_EDGE('',*,*,#963,.T.);
#206=ORIENTED_EDGE('',*,*,#965,.T.);
#207=ORIENTED_EDGE('',*,*,#966,.T.);
#208=ORIENTED_EDGE('',*,*,#967,.T.);
#209=ORIENTED_EDGE('',*,*,#968,.F.);
#210=ORIENTED_EDGE('',*,*,#969,.F.);
#211=ORIENTED_EDGE('',*,*,#968,.T.);
#212=ORIENTED_EDGE('',*,*,#970,.T.);
#213=ORIENTED_EDGE('',*,*,#971,.T.);
#214=ORIENTED_EDGE('',*,*,#972,.T.);
#215=ORIENTED_EDGE('',*,*,#973,.F.);
#216=ORIENTED_EDGE('',*,*,#974,.F.);
#217=ORIENTED_EDGE('',*,*,#975,.T.);
#218=ORIENTED_EDGE('',*,*,#976,.T.);
#219=ORIENTED_EDGE('',*,*,#977,.T.);
#220=ORIENTED_EDGE('',*,*,#978,.T.);
#221=ORIENTED_EDGE('',*,*,#979,.F.);
#222=ORIENTED_EDGE('',*,*,#980,.F.);
#223=ORIENTED_EDGE('',*,*,#979,.T.);
#224=ORIENTED_EDGE('',*,*,#981,.T.);
#225=ORIENTED_EDGE('',*,*,#982,.T.);
#226=ORIENTED_EDGE('',*,*,#983,.T.);
#227=ORIENTED_EDGE('',*,*,#984,.F.);
#228=ORIENTED_EDGE('',*,*,#985,.F.);
#229=ORIENTED_EDGE('',*,*,#984,.T.);
#230=ORIENTED_EDGE('',*,*,#986,.T.);
#231=ORIENTED_EDGE('',*,*,#987,.T.);
#232=ORIENTED_EDGE('',*,*,#988,.T.);
#233=ORIENTED_EDGE('',*,*,#989,.F.);
#234=ORIENTED_EDGE('',*,*,#990,.F.);
#235=ORIENTED_EDGE('',*,*,#947,.T.);
#236=ORIENTED_EDGE('',*,*,#991,.F.);
#237=ORIENTED_EDGE('',*,*,#992,.F.);
#238=ORIENTED_EDGE('',*,*,#993,.T.);
#239=ORIENTED_EDGE('',*,*,#950,.T.);
#240=ORIENTED_EDGE('',*,*,#994,.F.);
#241=ORIENTED_EDGE('',*,*,#995,.F.);
#242=ORIENTED_EDGE('',*,*,#991,.T.);
#243=ORIENTED_EDGE('',*,*,#949,.T.);
#244=ORIENTED_EDGE('',*,*,#996,.F.);
#245=ORIENTED_EDGE('',*,*,#997,.F.);
#246=ORIENTED_EDGE('',*,*,#994,.T.);
#247=ORIENTED_EDGE('',*,*,#943,.T.);
#248=ORIENTED_EDGE('',*,*,#998,.F.);
#249=ORIENTED_EDGE('',*,*,#999,.F.);
#250=ORIENTED_EDGE('',*,*,#1000,.T.);
#251=ORIENTED_EDGE('',*,*,#946,.T.);
#252=ORIENTED_EDGE('',*,*,#1001,.F.);
#253=ORIENTED_EDGE('',*,*,#1002,.F.);
#254=ORIENTED_EDGE('',*,*,#998,.T.);
#255=ORIENTED_EDGE('',*,*,#945,.T.);
#256=ORIENTED_EDGE('',*,*,#1003,.F.);
#257=ORIENTED_EDGE('',*,*,#1004,.F.);
#258=ORIENTED_EDGE('',*,*,#1001,.T.);
#259=ORIENTED_EDGE('',*,*,#939,.T.);
#260=ORIENTED_EDGE('',*,*,#1005,.F.);
#261=ORIENTED_EDGE('',*,*,#1006,.F.);
#262=ORIENTED_EDGE('',*,*,#1007,.T.);
#263=ORIENTED_EDGE('',*,*,#942,.T.);
#264=ORIENTED_EDGE('',*,*,#1008,.F.);
#265=ORIENTED_EDGE('',*,*,#1009,.F.);
#266=ORIENTED_EDGE('',*,*,#1005,.T.);
#267=ORIENTED_EDGE('',*,*,#941,.T.);
#268=ORIENTED_EDGE('',*,*,#1010,.F.);
#269=ORIENTED_EDGE('',*,*,#1011,.F.);
#270=ORIENTED_EDGE('',*,*,#1008,.T.);
#271=ORIENTED_EDGE('',*,*,#935,.T.);
#272=ORIENTED_EDGE('',*,*,#1012,.F.);
#273=ORIENTED_EDGE('',*,*,#1013,.F.);
#274=ORIENTED_EDGE('',*,*,#1014,.T.);
#275=ORIENTED_EDGE('',*,*,#938,.T.);
#276=ORIENTED_EDGE('',*,*,#1015,.F.);
#277=ORIENTED_EDGE('',*,*,#1016,.F.);
#278=ORIENTED_EDGE('',*,*,#1012,.T.);
#279=ORIENTED_EDGE('',*,*,#937,.T.);
#280=ORIENTED_EDGE('',*,*,#1017,.F.);
#281=ORIENTED_EDGE('',*,*,#1018,.F.);
#282=ORIENTED_EDGE('',*,*,#1015,.T.);
#283=ORIENTED_EDGE('',*,*,#931,.T.);
#284=ORIENTED_EDGE('',*,*,#1019,.F.);
#285=ORIENTED_EDGE('',*,*,#1020,.F.);
#286=ORIENTED_EDGE('',*,*,#1021,.T.);
#287=ORIENTED_EDGE('',*,*,#934,.T.);
#288=ORIENTED_EDGE('',*,*,#1022,.F.);
#289=ORIENTED_EDGE('',*,*,#1023,.F.);
#290=ORIENTED_EDGE('',*,*,#1019,.T.);
#291=ORIENTED_EDGE('',*,*,#933,.T.);
#292=ORIENTED_EDGE('',*,*,#1024,.F.);
#293=ORIENTED_EDGE('',*,*,#1025,.F.);
#294=ORIENTED_EDGE('',*,*,#1022,.T.);
#295=ORIENTED_EDGE('',*,*,#927,.T.);
#296=ORIENTED_EDGE('',*,*,#1026,.F.);
#297=ORIENTED_EDGE('',*,*,#1027,.F.);
#298=ORIENTED_EDGE('',*,*,#1028,.T.);
#299=ORIENTED_EDGE('',*,*,#930,.T.);
#300=ORIENTED_EDGE('',*,*,#1029,.F.);
#301=ORIENTED_EDGE('',*,*,#1030,.F.);
#302=ORIENTED_EDGE('',*,*,#1026,.T.);
#303=ORIENTED_EDGE('',*,*,#929,.T.);
#304=ORIENTED_EDGE('',*,*,#1031,.F.);
#305=ORIENTED_EDGE('',*,*,#1032,.F.);
#306=ORIENTED_EDGE('',*,*,#1029,.T.);
#307=ORIENTED_EDGE('',*,*,#923,.F.);
#308=ORIENTED_EDGE('',*,*,#1033,.F.);
#309=ORIENTED_EDGE('',*,*,#1034,.T.);
#310=ORIENTED_EDGE('',*,*,#1035,.T.);
#311=ORIENTED_EDGE('',*,*,#926,.T.);
#312=ORIENTED_EDGE('',*,*,#1036,.F.);
#313=ORIENTED_EDGE('',*,*,#1037,.F.);
#314=ORIENTED_EDGE('',*,*,#1033,.T.);
#315=ORIENTED_EDGE('',*,*,#925,.T.);
#316=ORIENTED_EDGE('',*,*,#1038,.F.);
#317=ORIENTED_EDGE('',*,*,#1039,.F.);
#318=ORIENTED_EDGE('',*,*,#1036,.T.);
#319=ORIENTED_EDGE('',*,*,#915,.F.);
#320=ORIENTED_EDGE('',*,*,#1040,.F.);
#321=ORIENTED_EDGE('',*,*,#1041,.T.);
#322=ORIENTED_EDGE('',*,*,#1042,.T.);
#323=ORIENTED_EDGE('',*,*,#918,.F.);
#324=ORIENTED_EDGE('',*,*,#1043,.F.);
#325=ORIENTED_EDGE('',*,*,#1044,.T.);
#326=ORIENTED_EDGE('',*,*,#1040,.T.);
#327=ORIENTED_EDGE('',*,*,#917,.F.);
#328=ORIENTED_EDGE('',*,*,#1045,.F.);
#329=ORIENTED_EDGE('',*,*,#1046,.T.);
#330=ORIENTED_EDGE('',*,*,#1043,.T.);
#331=ORIENTED_EDGE('',*,*,#911,.F.);
#332=ORIENTED_EDGE('',*,*,#1047,.F.);
#333=ORIENTED_EDGE('',*,*,#1048,.T.);
#334=ORIENTED_EDGE('',*,*,#1049,.T.);
#335=ORIENTED_EDGE('',*,*,#914,.F.);
#336=ORIENTED_EDGE('',*,*,#1050,.F.);
#337=ORIENTED_EDGE('',*,*,#1051,.T.);
#338=ORIENTED_EDGE('',*,*,#1047,.T.);
#339=ORIENTED_EDGE('',*,*,#913,.F.);
#340=ORIENTED_EDGE('',*,*,#1052,.F.);
#341=ORIENTED_EDGE('',*,*,#1053,.T.);
#342=ORIENTED_EDGE('',*,*,#1050,.T.);
#343=ORIENTED_EDGE('',*,*,#907,.F.);
#344=ORIENTED_EDGE('',*,*,#1054,.F.);
#345=ORIENTED_EDGE('',*,*,#1055,.T.);
#346=ORIENTED_EDGE('',*,*,#1056,.T.);
#347=ORIENTED_EDGE('',*,*,#910,.F.);
#348=ORIENTED_EDGE('',*,*,#1057,.F.);
#349=ORIENTED_EDGE('',*,*,#1058,.T.);
#350=ORIENTED_EDGE('',*,*,#1054,.T.);
#351=ORIENTED_EDGE('',*,*,#909,.F.);
#352=ORIENTED_EDGE('',*,*,#1059,.F.);
#353=ORIENTED_EDGE('',*,*,#1060,.T.);
#354=ORIENTED_EDGE('',*,*,#1057,.T.);
#355=ORIENTED_EDGE('',*,*,#903,.F.);
#356=ORIENTED_EDGE('',*,*,#1061,.F.);
#357=ORIENTED_EDGE('',*,*,#1062,.T.);
#358=ORIENTED_EDGE('',*,*,#1063,.T.);
#359=ORIENTED_EDGE('',*,*,#906,.F.);
#360=ORIENTED_EDGE('',*,*,#1064,.F.);
#361=ORIENTED_EDGE('',*,*,#1065,.T.);
#362=ORIENTED_EDGE('',*,*,#1061,.T.);
#363=ORIENTED_EDGE('',*,*,#905,.F.);
#364=ORIENTED_EDGE('',*,*,#1066,.F.);
#365=ORIENTED_EDGE('',*,*,#1067,.T.);
#366=ORIENTED_EDGE('',*,*,#1064,.T.);
#367=ORIENTED_EDGE('',*,*,#899,.F.);
#368=ORIENTED_EDGE('',*,*,#1068,.F.);
#369=ORIENTED_EDGE('',*,*,#1069,.T.);
#370=ORIENTED_EDGE('',*,*,#1070,.T.);
#371=ORIENTED_EDGE('',*,*,#902,.F.);
#372=ORIENTED_EDGE('',*,*,#1071,.F.);
#373=ORIENTED_EDGE('',*,*,#1072,.T.);
#374=ORIENTED_EDGE('',*,*,#1068,.T.);
#375=ORIENTED_EDGE('',*,*,#901,.F.);
#376=ORIENTED_EDGE('',*,*,#1073,.F.);
#377=ORIENTED_EDGE('',*,*,#1074,.T.);
#378=ORIENTED_EDGE('',*,*,#1071,.T.);
#379=ORIENTED_EDGE('',*,*,#895,.F.);
#380=ORIENTED_EDGE('',*,*,#1075,.F.);
#381=ORIENTED_EDGE('',*,*,#1076,.T.);
#382=ORIENTED_EDGE('',*,*,#1077,.T.);
#383=ORIENTED_EDGE('',*,*,#898,.F.);
#384=ORIENTED_EDGE('',*,*,#1078,.F.);
#385=ORIENTED_EDGE('',*,*,#1079,.T.);
#386=ORIENTED_EDGE('',*,*,#1075,.T.);
#387=ORIENTED_EDGE('',*,*,#897,.F.);
#388=ORIENTED_EDGE('',*,*,#1080,.F.);
#389=ORIENTED_EDGE('',*,*,#1081,.T.);
#390=ORIENTED_EDGE('',*,*,#1078,.T.);
#391=ORIENTED_EDGE('',*,*,#891,.F.);
#392=ORIENTED_EDGE('',*,*,#1082,.F.);
#393=ORIENTED_EDGE('',*,*,#1083,.T.);
#394=ORIENTED_EDGE('',*,*,#1084,.T.);
#395=ORIENTED_EDGE('',*,*,#894,.F.);
#396=ORIENTED_EDGE('',*,*,#1085,.F.);
#397=ORIENTED_EDGE('',*,*,#1086,.T.);
#398=ORIENTED_EDGE('',*,*,#1082,.T.);
#399=ORIENTED_EDGE('',*,*,#893,.F.);
#400=ORIENTED_EDGE('',*,*,#1087,.F.);
#401=ORIENTED_EDGE('',*,*,#1088,.T.);
#402=ORIENTED_EDGE('',*,*,#1085,.T.);
#403=ORIENTED_EDGE('',*,*,#887,.F.);
#404=ORIENTED_EDGE('',*,*,#1089,.F.);
#405=ORIENTED_EDGE('',*,*,#1090,.T.);
#406=ORIENTED_EDGE('',*,*,#1091,.T.);
#407=ORIENTED_EDGE('',*,*,#890,.F.);
#408=ORIENTED_EDGE('',*,*,#1092,.F.);
#409=ORIENTED_EDGE('',*,*,#1093,.T.);
#410=ORIENTED_EDGE('',*,*,#1089,.T.);
#411=ORIENTED_EDGE('',*,*,#889,.F.);
#412=ORIENTED_EDGE('',*,*,#1094,.F.);
#413=ORIENTED_EDGE('',*,*,#1095,.T.);
#414=ORIENTED_EDGE('',*,*,#1092,.T.);
#415=ORIENTED_EDGE('',*,*,#883,.F.);
#416=ORIENTED_EDGE('',*,*,#1096,.F.);
#417=ORIENTED_EDGE('',*,*,#1097,.T.);
#418=ORIENTED_EDGE('',*,*,#1098,.T.);
#419=ORIENTED_EDGE('',*,*,#886,.T.);
#420=ORIENTED_EDGE('',*,*,#1099,.F.);
#421=ORIENTED_EDGE('',*,*,#1100,.F.);
#422=ORIENTED_EDGE('',*,*,#1096,.T.);
#423=ORIENTED_EDGE('',*,*,#885,.F.);
#424=ORIENTED_EDGE('',*,*,#1101,.F.);
#425=ORIENTED_EDGE('',*,*,#1102,.T.);
#426=ORIENTED_EDGE('',*,*,#1099,.T.);
#427=ORIENTED_EDGE('',*,*,#879,.F.);
#428=ORIENTED_EDGE('',*,*,#1103,.F.);
#429=ORIENTED_EDGE('',*,*,#1104,.T.);
#430=ORIENTED_EDGE('',*,*,#1105,.T.);
#431=ORIENTED_EDGE('',*,*,#882,.F.);
#432=ORIENTED_EDGE('',*,*,#1106,.F.);
#433=ORIENTED_EDGE('',*,*,#1107,.T.);
#434=ORIENTED_EDGE('',*,*,#1103,.T.);
#435=ORIENTED_EDGE('',*,*,#881,.F.);
#436=ORIENTED_EDGE('',*,*,#1108,.F.);
#437=ORIENTED_EDGE('',*,*,#1109,.T.);
#438=ORIENTED_EDGE('',*,*,#1106,.T.);
#439=ORIENTED_EDGE('',*,*,#875,.F.);
#440=ORIENTED_EDGE('',*,*,#1110,.F.);
#441=ORIENTED_EDGE('',*,*,#1111,.T.);
#442=ORIENTED_EDGE('',*,*,#1112,.T.);
#443=ORIENTED_EDGE('',*,*,#878,.F.);
#444=ORIENTED_EDGE('',*,*,#1113,.F.);
#445=ORIENTED_EDGE('',*,*,#1114,.T.);
#446=ORIENTED_EDGE('',*,*,#1110,.T.);
#447=ORIENTED_EDGE('',*,*,#877,.F.);
#448=ORIENTED_EDGE('',*,*,#1115,.F.);
#449=ORIENTED_EDGE('',*,*,#1116,.T.);
#450=ORIENTED_EDGE('',*,*,#1113,.T.);
#451=ORIENTED_EDGE('',*,*,#871,.F.);
#452=ORIENTED_EDGE('',*,*,#1117,.F.);
#453=ORIENTED_EDGE('',*,*,#1118,.T.);
#454=ORIENTED_EDGE('',*,*,#1119,.T.);
#455=ORIENTED_EDGE('',*,*,#874,.F.);
#456=ORIENTED_EDGE('',*,*,#1120,.F.);
#457=ORIENTED_EDGE('',*,*,#1121,.T.);
#458=ORIENTED_EDGE('',*,*,#1117,.T.);
#459=ORIENTED_EDGE('',*,*,#873,.F.);
#460=ORIENTED_EDGE('',*,*,#1122,.F.);
#461=ORIENTED_EDGE('',*,*,#1123,.T.);
#462=ORIENTED_EDGE('',*,*,#1120,.T.);
#463=ORIENTED_EDGE('',*,*,#867,.F.);
#464=ORIENTED_EDGE('',*,*,#1124,.F.);
#465=ORIENTED_EDGE('',*,*,#1125,.T.);
#466=ORIENTED_EDGE('',*,*,#1126,.T.);
#467=ORIENTED_EDGE('',*,*,#870,.F.);
#468=ORIENTED_EDGE('',*,*,#1127,.F.);
#469=ORIENTED_EDGE('',*,*,#1128,.T.);
#470=ORIENTED_EDGE('',*,*,#1124,.T.);
#471=ORIENTED_EDGE('',*,*,#869,.F.);
#472=ORIENTED_EDGE('',*,*,#1129,.F.);
#473=ORIENTED_EDGE('',*,*,#1130,.T.);
#474=ORIENTED_EDGE('',*,*,#1127,.T.);
#475=ORIENTED_EDGE('',*,*,#863,.F.);
#476=ORIENTED_EDGE('',*,*,#1131,.F.);
#477=ORIENTED_EDGE('',*,*,#1132,.T.);
#478=ORIENTED_EDGE('',*,*,#1133,.T.);
#479=ORIENTED_EDGE('',*,*,#866,.F.);
#480=ORIENTED_EDGE('',*,*,#1134,.F.);
#481=ORIENTED_EDGE('',*,*,#1135,.T.);
#482=ORIENTED_EDGE('',*,*,#1131,.T.);
#483=ORIENTED_EDGE('',*,*,#865,.F.);
#484=ORIENTED_EDGE('',*,*,#1136,.F.);
#485=ORIENTED_EDGE('',*,*,#1137,.T.);
#486=ORIENTED_EDGE('',*,*,#1134,.T.);
#487=ORIENTED_EDGE('',*,*,#1138,.T.);
#488=ORIENTED_EDGE('',*,*,#1139,.T.);
#489=ORIENTED_EDGE('',*,*,#849,.F.);
#490=ORIENTED_EDGE('',*,*,#1140,.T.);
#491=ORIENTED_EDGE('',*,*,#1141,.T.);
#492=ORIENTED_EDGE('',*,*,#1142,.T.);
#493=ORIENTED_EDGE('',*,*,#861,.F.);
#494=ORIENTED_EDGE('',*,*,#1143,.T.);
#495=ORIENTED_EDGE('',*,*,#1144,.F.);
#496=ORIENTED_EDGE('',*,*,#1145,.T.);
#497=ORIENTED_EDGE('',*,*,#859,.T.);
#498=ORIENTED_EDGE('',*,*,#1146,.T.);
#499=ORIENTED_EDGE('',*,*,#1147,.T.);
#500=ORIENTED_EDGE('',*,*,#1148,.T.);
#501=ORIENTED_EDGE('',*,*,#857,.F.);
#502=ORIENTED_EDGE('',*,*,#1149,.T.);
#503=ORIENTED_EDGE('',*,*,#855,.F.);
#504=ORIENTED_EDGE('',*,*,#1150,.T.);
#505=ORIENTED_EDGE('',*,*,#1151,.T.);
#506=ORIENTED_EDGE('',*,*,#1152,.T.);
#507=ORIENTED_EDGE('',*,*,#853,.F.);
#508=ORIENTED_EDGE('',*,*,#1153,.T.);
#509=ORIENTED_EDGE('',*,*,#1154,.T.);
#510=ORIENTED_EDGE('',*,*,#1155,.T.);
#511=ORIENTED_EDGE('',*,*,#1156,.F.);
#512=ORIENTED_EDGE('',*,*,#1157,.T.);
#513=ORIENTED_EDGE('',*,*,#975,.F.);
#514=ORIENTED_EDGE('',*,*,#1158,.T.);
#515=ORIENTED_EDGE('',*,*,#989,.T.);
#516=ORIENTED_EDGE('',*,*,#1159,.T.);
#517=ORIENTED_EDGE('',*,*,#948,.T.);
#518=ORIENTED_EDGE('',*,*,#993,.F.);
#519=ORIENTED_EDGE('',*,*,#1160,.F.);
#520=ORIENTED_EDGE('',*,*,#996,.T.);
#521=ORIENTED_EDGE('',*,*,#944,.T.);
#522=ORIENTED_EDGE('',*,*,#1000,.F.);
#523=ORIENTED_EDGE('',*,*,#1161,.F.);
#524=ORIENTED_EDGE('',*,*,#1003,.T.);
#525=ORIENTED_EDGE('',*,*,#940,.T.);
#526=ORIENTED_EDGE('',*,*,#1007,.F.);
#527=ORIENTED_EDGE('',*,*,#1162,.F.);
#528=ORIENTED_EDGE('',*,*,#1010,.T.);
#529=ORIENTED_EDGE('',*,*,#936,.T.);
#530=ORIENTED_EDGE('',*,*,#1014,.F.);
#531=ORIENTED_EDGE('',*,*,#1163,.F.);
#532=ORIENTED_EDGE('',*,*,#1017,.T.);
#533=ORIENTED_EDGE('',*,*,#932,.T.);
#534=ORIENTED_EDGE('',*,*,#1021,.F.);
#535=ORIENTED_EDGE('',*,*,#1164,.F.);
#536=ORIENTED_EDGE('',*,*,#1024,.T.);
#537=ORIENTED_EDGE('',*,*,#928,.T.);
#538=ORIENTED_EDGE('',*,*,#1028,.F.);
#539=ORIENTED_EDGE('',*,*,#1165,.F.);
#540=ORIENTED_EDGE('',*,*,#1031,.T.);
#541=ORIENTED_EDGE('',*,*,#924,.F.);
#542=ORIENTED_EDGE('',*,*,#1035,.F.);
#543=ORIENTED_EDGE('',*,*,#1166,.T.);
#544=ORIENTED_EDGE('',*,*,#1038,.T.);
#545=ORIENTED_EDGE('',*,*,#1167,.T.);
#546=ORIENTED_EDGE('',*,*,#922,.F.);
#547=ORIENTED_EDGE('',*,*,#1168,.T.);
#548=ORIENTED_EDGE('',*,*,#921,.F.);
#549=ORIENTED_EDGE('',*,*,#1169,.T.);
#550=ORIENTED_EDGE('',*,*,#920,.F.);
#551=ORIENTED_EDGE('',*,*,#1170,.T.);
#552=ORIENTED_EDGE('',*,*,#919,.F.);
#553=ORIENTED_EDGE('',*,*,#916,.F.);
#554=ORIENTED_EDGE('',*,*,#1042,.F.);
#555=ORIENTED_EDGE('',*,*,#1171,.T.);
#556=ORIENTED_EDGE('',*,*,#1045,.T.);
#557=ORIENTED_EDGE('',*,*,#912,.F.);
#558=ORIENTED_EDGE('',*,*,#1049,.F.);
#559=ORIENTED_EDGE('',*,*,#1172,.T.);
#560=ORIENTED_EDGE('',*,*,#1052,.T.);
#561=ORIENTED_EDGE('',*,*,#908,.F.);
#562=ORIENTED_EDGE('',*,*,#1056,.F.);
#563=ORIENTED_EDGE('',*,*,#1173,.T.);
#564=ORIENTED_EDGE('',*,*,#1059,.T.);
#565=ORIENTED_EDGE('',*,*,#904,.F.);
#566=ORIENTED_EDGE('',*,*,#1063,.F.);
#567=ORIENTED_EDGE('',*,*,#1174,.T.);
#568=ORIENTED_EDGE('',*,*,#1066,.T.);
#569=ORIENTED_EDGE('',*,*,#900,.F.);
#570=ORIENTED_EDGE('',*,*,#1070,.F.);
#571=ORIENTED_EDGE('',*,*,#1175,.T.);
#572=ORIENTED_EDGE('',*,*,#1073,.T.);
#573=ORIENTED_EDGE('',*,*,#896,.F.);
#574=ORIENTED_EDGE('',*,*,#1077,.F.);
#575=ORIENTED_EDGE('',*,*,#1176,.T.);
#576=ORIENTED_EDGE('',*,*,#1080,.T.);
#577=ORIENTED_EDGE('',*,*,#892,.F.);
#578=ORIENTED_EDGE('',*,*,#1084,.F.);
#579=ORIENTED_EDGE('',*,*,#1177,.T.);
#580=ORIENTED_EDGE('',*,*,#1087,.T.);
#581=ORIENTED_EDGE('',*,*,#888,.F.);
#582=ORIENTED_EDGE('',*,*,#1091,.F.);
#583=ORIENTED_EDGE('',*,*,#1178,.T.);
#584=ORIENTED_EDGE('',*,*,#1094,.T.);
#585=ORIENTED_EDGE('',*,*,#884,.F.);
#586=ORIENTED_EDGE('',*,*,#1098,.F.);
#587=ORIENTED_EDGE('',*,*,#1179,.T.);
#588=ORIENTED_EDGE('',*,*,#1101,.T.);
#589=ORIENTED_EDGE('',*,*,#880,.F.);
#590=ORIENTED_EDGE('',*,*,#1105,.F.);
#591=ORIENTED_EDGE('',*,*,#1180,.T.);
#592=ORIENTED_EDGE('',*,*,#1108,.T.);
#593=ORIENTED_EDGE('',*,*,#876,.F.);
#594=ORIENTED_EDGE('',*,*,#1112,.F.);
#595=ORIENTED_EDGE('',*,*,#1181,.T.);
#596=ORIENTED_EDGE('',*,*,#1115,.T.);
#597=ORIENTED_EDGE('',*,*,#872,.F.);
#598=ORIENTED_EDGE('',*,*,#1119,.F.);
#599=ORIENTED_EDGE('',*,*,#1182,.T.);
#600=ORIENTED_EDGE('',*,*,#1122,.T.);
#601=ORIENTED_EDGE('',*,*,#868,.F.);
#602=ORIENTED_EDGE('',*,*,#1126,.F.);
#603=ORIENTED_EDGE('',*,*,#1183,.T.);
#604=ORIENTED_EDGE('',*,*,#1129,.T.);
#605=ORIENTED_EDGE('',*,*,#864,.F.);
#606=ORIENTED_EDGE('',*,*,#1133,.F.);
#607=ORIENTED_EDGE('',*,*,#1184,.T.);
#608=ORIENTED_EDGE('',*,*,#1136,.T.);
#609=ORIENTED_EDGE('',*,*,#851,.F.);
#610=ORIENTED_EDGE('',*,*,#1185,.T.);
#611=ORIENTED_EDGE('',*,*,#1186,.T.);
#612=ORIENTED_EDGE('',*,*,#1187,.T.);
#613=ORIENTED_EDGE('',*,*,#973,.T.);
#614=ORIENTED_EDGE('',*,*,#1188,.T.);
#615=ORIENTED_EDGE('',*,*,#1189,.T.);
#616=ORIENTED_EDGE('',*,*,#1190,.T.);
#617=ORIENTED_EDGE('',*,*,#959,.F.);
#618=ORIENTED_EDGE('',*,*,#1191,.F.);
#619=ORIENTED_EDGE('',*,*,#1186,.F.);
#620=ORIENTED_EDGE('',*,*,#1192,.T.);
#621=ORIENTED_EDGE('',*,*,#1138,.F.);
#622=ORIENTED_EDGE('',*,*,#1193,.T.);
#623=ORIENTED_EDGE('',*,*,#1141,.F.);
#624=ORIENTED_EDGE('',*,*,#1194,.T.);
#625=ORIENTED_EDGE('',*,*,#1144,.T.);
#626=ORIENTED_EDGE('',*,*,#1195,.T.);
#627=ORIENTED_EDGE('',*,*,#1147,.F.);
#628=ORIENTED_EDGE('',*,*,#1196,.T.);
#629=ORIENTED_EDGE('',*,*,#1151,.F.);
#630=ORIENTED_EDGE('',*,*,#1197,.T.);
#631=ORIENTED_EDGE('',*,*,#1154,.F.);
#632=ORIENTED_EDGE('',*,*,#1198,.T.);
#633=ORIENTED_EDGE('',*,*,#1132,.F.);
#634=ORIENTED_EDGE('',*,*,#1135,.F.);
#635=ORIENTED_EDGE('',*,*,#1137,.F.);
#636=ORIENTED_EDGE('',*,*,#1184,.F.);
#637=ORIENTED_EDGE('',*,*,#1125,.F.);
#638=ORIENTED_EDGE('',*,*,#1128,.F.);
#639=ORIENTED_EDGE('',*,*,#1130,.F.);
#640=ORIENTED_EDGE('',*,*,#1183,.F.);
#641=ORIENTED_EDGE('',*,*,#1118,.F.);
#642=ORIENTED_EDGE('',*,*,#1121,.F.);
#643=ORIENTED_EDGE('',*,*,#1123,.F.);
#644=ORIENTED_EDGE('',*,*,#1182,.F.);
#645=ORIENTED_EDGE('',*,*,#1111,.F.);
#646=ORIENTED_EDGE('',*,*,#1114,.F.);
#647=ORIENTED_EDGE('',*,*,#1116,.F.);
#648=ORIENTED_EDGE('',*,*,#1181,.F.);
#649=ORIENTED_EDGE('',*,*,#1104,.F.);
#650=ORIENTED_EDGE('',*,*,#1107,.F.);
#651=ORIENTED_EDGE('',*,*,#1109,.F.);
#652=ORIENTED_EDGE('',*,*,#1180,.F.);
#653=ORIENTED_EDGE('',*,*,#1097,.F.);
#654=ORIENTED_EDGE('',*,*,#1100,.T.);
#655=ORIENTED_EDGE('',*,*,#1102,.F.);
#656=ORIENTED_EDGE('',*,*,#1179,.F.);
#657=ORIENTED_EDGE('',*,*,#1090,.F.);
#658=ORIENTED_EDGE('',*,*,#1093,.F.);
#659=ORIENTED_EDGE('',*,*,#1095,.F.);
#660=ORIENTED_EDGE('',*,*,#1178,.F.);
#661=ORIENTED_EDGE('',*,*,#1083,.F.);
#662=ORIENTED_EDGE('',*,*,#1086,.F.);
#663=ORIENTED_EDGE('',*,*,#1088,.F.);
#664=ORIENTED_EDGE('',*,*,#1177,.F.);
#665=ORIENTED_EDGE('',*,*,#1076,.F.);
#666=ORIENTED_EDGE('',*,*,#1079,.F.);
#667=ORIENTED_EDGE('',*,*,#1081,.F.);
#668=ORIENTED_EDGE('',*,*,#1176,.F.);
#669=ORIENTED_EDGE('',*,*,#1069,.F.);
#670=ORIENTED_EDGE('',*,*,#1072,.F.);
#671=ORIENTED_EDGE('',*,*,#1074,.F.);
#672=ORIENTED_EDGE('',*,*,#1175,.F.);
#673=ORIENTED_EDGE('',*,*,#1062,.F.);
#674=ORIENTED_EDGE('',*,*,#1065,.F.);
#675=ORIENTED_EDGE('',*,*,#1067,.F.);
#676=ORIENTED_EDGE('',*,*,#1174,.F.);
#677=ORIENTED_EDGE('',*,*,#1055,.F.);
#678=ORIENTED_EDGE('',*,*,#1058,.F.);
#679=ORIENTED_EDGE('',*,*,#1060,.F.);
#680=ORIENTED_EDGE('',*,*,#1173,.F.);
#681=ORIENTED_EDGE('',*,*,#1048,.F.);
#682=ORIENTED_EDGE('',*,*,#1051,.F.);
#683=ORIENTED_EDGE('',*,*,#1053,.F.);
#684=ORIENTED_EDGE('',*,*,#1172,.F.);
#685=ORIENTED_EDGE('',*,*,#1041,.F.);
#686=ORIENTED_EDGE('',*,*,#1044,.F.);
#687=ORIENTED_EDGE('',*,*,#1046,.F.);
#688=ORIENTED_EDGE('',*,*,#1171,.F.);
#689=ORIENTED_EDGE('',*,*,#1170,.F.);
#690=ORIENTED_EDGE('',*,*,#1169,.F.);
#691=ORIENTED_EDGE('',*,*,#1168,.F.);
#692=ORIENTED_EDGE('',*,*,#1167,.F.);
#693=ORIENTED_EDGE('',*,*,#1034,.F.);
#694=ORIENTED_EDGE('',*,*,#1037,.T.);
#695=ORIENTED_EDGE('',*,*,#1039,.T.);
#696=ORIENTED_EDGE('',*,*,#1166,.F.);
#697=ORIENTED_EDGE('',*,*,#1027,.T.);
#698=ORIENTED_EDGE('',*,*,#1030,.T.);
#699=ORIENTED_EDGE('',*,*,#1032,.T.);
#700=ORIENTED_EDGE('',*,*,#1165,.T.);
#701=ORIENTED_EDGE('',*,*,#1020,.T.);
#702=ORIENTED_EDGE('',*,*,#1023,.T.);
#703=ORIENTED_EDGE('',*,*,#1025,.T.);
#704=ORIENTED_EDGE('',*,*,#1164,.T.);
#705=ORIENTED_EDGE('',*,*,#1013,.T.);
#706=ORIENTED_EDGE('',*,*,#1016,.T.);
#707=ORIENTED_EDGE('',*,*,#1018,.T.);
#708=ORIENTED_EDGE('',*,*,#1163,.T.);
#709=ORIENTED_EDGE('',*,*,#1006,.T.);
#710=ORIENTED_EDGE('',*,*,#1009,.T.);
#711=ORIENTED_EDGE('',*,*,#1011,.T.);
#712=ORIENTED_EDGE('',*,*,#1162,.T.);
#713=ORIENTED_EDGE('',*,*,#999,.T.);
#714=ORIENTED_EDGE('',*,*,#1002,.T.);
#715=ORIENTED_EDGE('',*,*,#1004,.T.);
#716=ORIENTED_EDGE('',*,*,#1161,.T.);
#717=ORIENTED_EDGE('',*,*,#992,.T.);
#718=ORIENTED_EDGE('',*,*,#995,.T.);
#719=ORIENTED_EDGE('',*,*,#997,.T.);
#720=ORIENTED_EDGE('',*,*,#1160,.T.);
#721=ORIENTED_EDGE('',*,*,#980,.T.);
#722=ORIENTED_EDGE('',*,*,#985,.T.);
#723=ORIENTED_EDGE('',*,*,#990,.T.);
#724=ORIENTED_EDGE('',*,*,#1158,.F.);
#725=ORIENTED_EDGE('',*,*,#964,.T.);
#726=ORIENTED_EDGE('',*,*,#969,.T.);
#727=ORIENTED_EDGE('',*,*,#974,.T.);
#728=ORIENTED_EDGE('',*,*,#1191,.T.);
#729=ORIENTED_EDGE('',*,*,#1198,.F.);
#730=ORIENTED_EDGE('',*,*,#1153,.F.);
#731=ORIENTED_EDGE('',*,*,#852,.F.);
#732=ORIENTED_EDGE('',*,*,#1187,.F.);
#733=ORIENTED_EDGE('',*,*,#1193,.F.);
#734=ORIENTED_EDGE('',*,*,#1140,.F.);
#735=ORIENTED_EDGE('',*,*,#862,.F.);
#736=ORIENTED_EDGE('',*,*,#1142,.F.);
#737=ORIENTED_EDGE('',*,*,#1194,.F.);
#738=ORIENTED_EDGE('',*,*,#1143,.F.);
#739=ORIENTED_EDGE('',*,*,#860,.F.);
#740=ORIENTED_EDGE('',*,*,#1145,.F.);
#741=ORIENTED_EDGE('',*,*,#1195,.F.);
#742=ORIENTED_EDGE('',*,*,#1146,.F.);
#743=ORIENTED_EDGE('',*,*,#858,.F.);
#744=ORIENTED_EDGE('',*,*,#1148,.F.);
#745=ORIENTED_EDGE('',*,*,#1197,.F.);
#746=ORIENTED_EDGE('',*,*,#1150,.F.);
#747=ORIENTED_EDGE('',*,*,#854,.F.);
#748=ORIENTED_EDGE('',*,*,#1155,.F.);
#749=ORIENTED_EDGE('',*,*,#1196,.F.);
#750=ORIENTED_EDGE('',*,*,#1149,.F.);
#751=ORIENTED_EDGE('',*,*,#856,.F.);
#752=ORIENTED_EDGE('',*,*,#1152,.F.);
#753=ORIENTED_EDGE('',*,*,#1192,.F.);
#754=ORIENTED_EDGE('',*,*,#1185,.F.);
#755=ORIENTED_EDGE('',*,*,#850,.F.);
#756=ORIENTED_EDGE('',*,*,#1139,.F.);
#757=ORIENTED_EDGE('',*,*,#957,.T.);
#758=ORIENTED_EDGE('',*,*,#1199,.T.);
#759=ORIENTED_EDGE('',*,*,#1200,.T.);
#760=ORIENTED_EDGE('',*,*,#1201,.T.);
#761=ORIENTED_EDGE('',*,*,#1202,.T.);
#762=ORIENTED_EDGE('',*,*,#1203,.T.);
#763=ORIENTED_EDGE('',*,*,#953,.F.);
#764=ORIENTED_EDGE('',*,*,#1204,.T.);
#765=ORIENTED_EDGE('',*,*,#843,.F.);
#766=ORIENTED_EDGE('',*,*,#1205,.T.);
#767=ORIENTED_EDGE('',*,*,#971,.F.);
#768=ORIENTED_EDGE('',*,*,#1206,.T.);
#769=ORIENTED_EDGE('',*,*,#1189,.F.);
#770=ORIENTED_EDGE('',*,*,#1207,.T.);
#771=ORIENTED_EDGE('',*,*,#841,.F.);
#772=ORIENTED_EDGE('',*,*,#1208,.T.);
#773=ORIENTED_EDGE('',*,*,#966,.F.);
#774=ORIENTED_EDGE('',*,*,#1209,.T.);
#775=ORIENTED_EDGE('',*,*,#845,.F.);
#776=ORIENTED_EDGE('',*,*,#1210,.T.);
#777=ORIENTED_EDGE('',*,*,#961,.F.);
#778=ORIENTED_EDGE('',*,*,#1211,.T.);
#779=ORIENTED_EDGE('',*,*,#847,.F.);
#780=ORIENTED_EDGE('',*,*,#1212,.T.);
#781=ORIENTED_EDGE('',*,*,#972,.F.);
#782=ORIENTED_EDGE('',*,*,#1205,.F.);
#783=ORIENTED_EDGE('',*,*,#842,.F.);
#784=ORIENTED_EDGE('',*,*,#1207,.F.);
#785=ORIENTED_EDGE('',*,*,#1188,.F.);
#786=ORIENTED_EDGE('',*,*,#1190,.F.);
#787=ORIENTED_EDGE('',*,*,#1208,.F.);
#788=ORIENTED_EDGE('',*,*,#848,.F.);
#789=ORIENTED_EDGE('',*,*,#1211,.F.);
#790=ORIENTED_EDGE('',*,*,#960,.F.);
#791=ORIENTED_EDGE('',*,*,#846,.F.);
#792=ORIENTED_EDGE('',*,*,#1209,.F.);
#793=ORIENTED_EDGE('',*,*,#965,.F.);
#794=ORIENTED_EDGE('',*,*,#962,.F.);
#795=ORIENTED_EDGE('',*,*,#1212,.F.);
#796=ORIENTED_EDGE('',*,*,#844,.F.);
#797=ORIENTED_EDGE('',*,*,#1206,.F.);
#798=ORIENTED_EDGE('',*,*,#970,.F.);
#799=ORIENTED_EDGE('',*,*,#967,.F.);
#800=ORIENTED_EDGE('',*,*,#1210,.F.);
#801=ORIENTED_EDGE('',*,*,#1156,.T.);
#802=ORIENTED_EDGE('',*,*,#1213,.T.);
#803=ORIENTED_EDGE('',*,*,#955,.F.);
#804=ORIENTED_EDGE('',*,*,#1214,.T.);
#805=ORIENTED_EDGE('',*,*,#951,.F.);
#806=ORIENTED_EDGE('',*,*,#1215,.T.);
#807=ORIENTED_EDGE('',*,*,#982,.F.);
#808=ORIENTED_EDGE('',*,*,#1216,.T.);
#809=ORIENTED_EDGE('',*,*,#1200,.F.);
#810=ORIENTED_EDGE('',*,*,#1217,.T.);
#811=ORIENTED_EDGE('',*,*,#987,.F.);
#812=ORIENTED_EDGE('',*,*,#1218,.T.);
#813=ORIENTED_EDGE('',*,*,#977,.F.);
#814=ORIENTED_EDGE('',*,*,#1219,.T.);
#815=ORIENTED_EDGE('',*,*,#1202,.F.);
#816=ORIENTED_EDGE('',*,*,#1220,.T.);
#817=ORIENTED_EDGE('',*,*,#988,.F.);
#818=ORIENTED_EDGE('',*,*,#1217,.F.);
#819=ORIENTED_EDGE('',*,*,#1199,.F.);
#820=ORIENTED_EDGE('',*,*,#956,.F.);
#821=ORIENTED_EDGE('',*,*,#1213,.F.);
#822=ORIENTED_EDGE('',*,*,#1159,.F.);
#823=ORIENTED_EDGE('',*,*,#1203,.F.);
#824=ORIENTED_EDGE('',*,*,#1219,.F.);
#825=ORIENTED_EDGE('',*,*,#976,.F.);
#826=ORIENTED_EDGE('',*,*,#1157,.F.);
#827=ORIENTED_EDGE('',*,*,#1214,.F.);
#828=ORIENTED_EDGE('',*,*,#954,.F.);
#829=ORIENTED_EDGE('',*,*,#1201,.F.);
#830=ORIENTED_EDGE('',*,*,#1218,.F.);
#831=ORIENTED_EDGE('',*,*,#986,.F.);
#832=ORIENTED_EDGE('',*,*,#983,.F.);
#833=ORIENTED_EDGE('',*,*,#1215,.F.);
#834=ORIENTED_EDGE('',*,*,#958,.F.);
#835=ORIENTED_EDGE('',*,*,#978,.F.);
#836=ORIENTED_EDGE('',*,*,#1220,.F.);
#837=ORIENTED_EDGE('',*,*,#1204,.F.);
#838=ORIENTED_EDGE('',*,*,#952,.F.);
#839=ORIENTED_EDGE('',*,*,#1216,.F.);
#840=ORIENTED_EDGE('',*,*,#981,.F.);
#841=EDGE_CURVE('',#1221,#1222,#1477,.T.);
#842=EDGE_CURVE('',#1222,#1223,#53,.T.);
#843=EDGE_CURVE('',#1223,#1224,#1478,.F.);
#844=EDGE_CURVE('',#1224,#1225,#54,.T.);
#845=EDGE_CURVE('',#1225,#1226,#1479,.F.);
#846=EDGE_CURVE('',#1226,#1227,#55,.T.);
#847=EDGE_CURVE('',#1227,#1228,#1480,.T.);
#848=EDGE_CURVE('',#1228,#1221,#56,.T.);
#849=EDGE_CURVE('',#1229,#1230,#1481,.T.);
#850=EDGE_CURVE('',#1230,#1231,#31,.F.);
#851=EDGE_CURVE('',#1231,#1232,#1482,.T.);
#852=EDGE_CURVE('',#1232,#1233,#32,.F.);
#853=EDGE_CURVE('',#1233,#1234,#1483,.T.);
#854=EDGE_CURVE('',#1234,#1235,#33,.F.);
#855=EDGE_CURVE('',#1235,#1236,#1484,.T.);
#856=EDGE_CURVE('',#1236,#1237,#34,.F.);
#857=EDGE_CURVE('',#1237,#1238,#1485,.T.);
#858=EDGE_CURVE('',#1238,#1239,#35,.F.);
#859=EDGE_CURVE('',#1240,#1239,#1486,.T.);
#860=EDGE_CURVE('',#1240,#1241,#36,.F.);
#861=EDGE_CURVE('',#1241,#1242,#1487,.T.);
#862=EDGE_CURVE('',#1242,#1229,#37,.F.);
#863=EDGE_CURVE('',#1243,#1244,#1488,.T.);
#864=EDGE_CURVE('',#1244,#1245,#1489,.T.);
#865=EDGE_CURVE('',#1245,#1246,#1490,.T.);
#866=EDGE_CURVE('',#1246,#1243,#1491,.T.);
#867=EDGE_CURVE('',#1247,#1248,#1492,.T.);
#868=EDGE_CURVE('',#1248,#1249,#1493,.T.);
#869=EDGE_CURVE('',#1249,#1250,#1494,.T.);
#870=EDGE_CURVE('',#1250,#1247,#1495,.T.);
#871=EDGE_CURVE('',#1251,#1252,#1496,.T.);
#872=EDGE_CURVE('',#1252,#1253,#1497,.T.);
#873=EDGE_CURVE('',#1253,#1254,#1498,.T.);
#874=EDGE_CURVE('',#1254,#1251,#1499,.T.);
#875=EDGE_CURVE('',#1255,#1256,#1500,.T.);
#876=EDGE_CURVE('',#1256,#1257,#1501,.T.);
#877=EDGE_CURVE('',#1257,#1258,#1502,.T.);
#878=EDGE_CURVE('',#1258,#1255,#1503,.T.);
#879=EDGE_CURVE('',#1259,#1260,#1504,.T.);
#880=EDGE_CURVE('',#1260,#1261,#1505,.T.);
#881=EDGE_CURVE('',#1261,#1262,#1506,.T.);
#882=EDGE_CURVE('',#1262,#1259,#1507,.T.);
#883=EDGE_CURVE('',#1263,#1264,#1508,.T.);
#884=EDGE_CURVE('',#1264,#1265,#1509,.T.);
#885=EDGE_CURVE('',#1265,#1266,#1510,.T.);
#886=EDGE_CURVE('',#1263,#1266,#1511,.T.);
#887=EDGE_CURVE('',#1267,#1268,#1512,.T.);
#888=EDGE_CURVE('',#1268,#1269,#1513,.T.);
#889=EDGE_CURVE('',#1269,#1270,#1514,.T.);
#890=EDGE_CURVE('',#1270,#1267,#1515,.T.);
#891=EDGE_CURVE('',#1271,#1272,#1516,.T.);
#892=EDGE_CURVE('',#1272,#1273,#1517,.T.);
#893=EDGE_CURVE('',#1273,#1274,#1518,.T.);
#894=EDGE_CURVE('',#1274,#1271,#1519,.T.);
#895=EDGE_CURVE('',#1275,#1276,#1520,.T.);
#896=EDGE_CURVE('',#1276,#1277,#1521,.T.);
#897=EDGE_CURVE('',#1277,#1278,#1522,.T.);
#898=EDGE_CURVE('',#1278,#1275,#1523,.T.);
#899=EDGE_CURVE('',#1279,#1280,#1524,.T.);
#900=EDGE_CURVE('',#1280,#1281,#1525,.T.);
#901=EDGE_CURVE('',#1281,#1282,#1526,.T.);
#902=EDGE_CURVE('',#1282,#1279,#1527,.T.);
#903=EDGE_CURVE('',#1283,#1284,#1528,.T.);
#904=EDGE_CURVE('',#1284,#1285,#1529,.T.);
#905=EDGE_CURVE('',#1285,#1286,#1530,.T.);
#906=EDGE_CURVE('',#1286,#1283,#1531,.T.);
#907=EDGE_CURVE('',#1287,#1288,#1532,.T.);
#908=EDGE_CURVE('',#1288,#1289,#1533,.T.);
#909=EDGE_CURVE('',#1289,#1290,#1534,.T.);
#910=EDGE_CURVE('',#1290,#1287,#1535,.T.);
#911=EDGE_CURVE('',#1291,#1292,#1536,.T.);
#912=EDGE_CURVE('',#1292,#1293,#1537,.T.);
#913=EDGE_CURVE('',#1293,#1294,#1538,.T.);
#914=EDGE_CURVE('',#1294,#1291,#1539,.T.);
#915=EDGE_CURVE('',#1295,#1296,#1540,.T.);
#916=EDGE_CURVE('',#1296,#1297,#1541,.T.);
#917=EDGE_CURVE('',#1297,#1298,#1542,.T.);
#918=EDGE_CURVE('',#1298,#1295,#1543,.T.);
#919=EDGE_CURVE('',#1299,#1299,#38,.T.);
#920=EDGE_CURVE('',#1300,#1300,#39,.T.);
#921=EDGE_CURVE('',#1301,#1301,#40,.T.);
#922=EDGE_CURVE('',#1302,#1302,#41,.T.);
#923=EDGE_CURVE('',#1303,#1304,#1544,.T.);
#924=EDGE_CURVE('',#1304,#1305,#1545,.T.);
#925=EDGE_CURVE('',#1306,#1305,#1546,.T.);
#926=EDGE_CURVE('',#1303,#1306,#1547,.T.);
#927=EDGE_CURVE('',#1307,#1308,#1548,.T.);
#928=EDGE_CURVE('',#1309,#1307,#1549,.T.);
#929=EDGE_CURVE('',#1310,#1309,#1550,.T.);
#930=EDGE_CURVE('',#1308,#1310,#1551,.T.);
#931=EDGE_CURVE('',#1311,#1312,#1552,.T.);
#932=EDGE_CURVE('',#1313,#1311,#1553,.T.);
#933=EDGE_CURVE('',#1314,#1313,#1554,.T.);
#934=EDGE_CURVE('',#1312,#1314,#1555,.T.);
#935=EDGE_CURVE('',#1315,#1316,#1556,.T.);
#936=EDGE_CURVE('',#1317,#1315,#1557,.T.);
#937=EDGE_CURVE('',#1318,#1317,#1558,.T.);
#938=EDGE_CURVE('',#1316,#1318,#1559,.T.);
#939=EDGE_CURVE('',#1319,#1320,#1560,.T.);
#940=EDGE_CURVE('',#1321,#1319,#1561,.T.);
#941=EDGE_CURVE('',#1322,#1321,#1562,.T.);
#942=EDGE_CURVE('',#1320,#1322,#1563,.T.);
#943=EDGE_CURVE('',#1323,#1324,#1564,.T.);
#944=EDGE_CURVE('',#1325,#1323,#1565,.T.);
#945=EDGE_CURVE('',#1326,#1325,#1566,.T.);
#946=EDGE_CURVE('',#1324,#1326,#1567,.T.);
#947=EDGE_CURVE('',#1327,#1328,#1568,.T.);
#948=EDGE_CURVE('',#1329,#1327,#1569,.T.);
#949=EDGE_CURVE('',#1330,#1329,#1570,.T.);
#950=EDGE_CURVE('',#1328,#1330,#1571,.T.);
#951=EDGE_CURVE('',#1331,#1332,#1572,.T.);
#952=EDGE_CURVE('',#1332,#1333,#57,.T.);
#953=EDGE_CURVE('',#1333,#1334,#1573,.T.);
#954=EDGE_CURVE('',#1334,#1335,#58,.T.);
#955=EDGE_CURVE('',#1335,#1336,#1574,.T.);
#956=EDGE_CURVE('',#1336,#1337,#59,.T.);
#957=EDGE_CURVE('',#1338,#1337,#1575,.T.);
#958=EDGE_CURVE('',#1338,#1331,#60,.T.);
#959=EDGE_CURVE('',#1339,#1340,#1576,.T.);
#960=EDGE_CURVE('',#1340,#1341,#61,.T.);
#961=EDGE_CURVE('',#1341,#1342,#1577,.T.);
#962=EDGE_CURVE('',#1342,#1343,#62,.T.);
#963=EDGE_CURVE('',#1344,#1343,#1578,.T.);
#964=EDGE_CURVE('',#1339,#1344,#1579,.T.);
#965=EDGE_CURVE('',#1343,#1345,#63,.T.);
#966=EDGE_CURVE('',#1345,#1346,#1580,.T.);
#967=EDGE_CURVE('',#1346,#1347,#64,.T.);
#968=EDGE_CURVE('',#1348,#1347,#1581,.T.);
#969=EDGE_CURVE('',#1344,#1348,#1582,.T.);
#970=EDGE_CURVE('',#1347,#1349,#65,.T.);
#971=EDGE_CURVE('',#1349,#1350,#1583,.T.);
#972=EDGE_CURVE('',#1350,#1351,#66,.T.);
#973=EDGE_CURVE('',#1352,#1351,#1584,.T.);
#974=EDGE_CURVE('',#1348,#1352,#1585,.T.);
#975=EDGE_CURVE('',#1353,#1354,#1586,.T.);
#976=EDGE_CURVE('',#1354,#1355,#67,.T.);
#977=EDGE_CURVE('',#1355,#1356,#1587,.T.);
#978=EDGE_CURVE('',#1356,#1357,#68,.T.);
#979=EDGE_CURVE('',#1358,#1357,#1588,.T.);
#980=EDGE_CURVE('',#1353,#1358,#1589,.T.);
#981=EDGE_CURVE('',#1357,#1359,#69,.T.);
#982=EDGE_CURVE('',#1359,#1360,#1590,.T.);
#983=EDGE_CURVE('',#1360,#1361,#70,.T.);
#984=EDGE_CURVE('',#1362,#1361,#1591,.T.);
#985=EDGE_CURVE('',#1358,#1362,#1592,.T.);
#986=EDGE_CURVE('',#1361,#1363,#71,.T.);
#987=EDGE_CURVE('',#1363,#1364,#1593,.T.);
#988=EDGE_CURVE('',#1364,#1365,#72,.T.);
#989=EDGE_CURVE('',#1366,#1365,#1594,.T.);
#990=EDGE_CURVE('',#1362,#1366,#1595,.T.);
#991=EDGE_CURVE('',#1367,#1328,#1596,.T.);
#992=EDGE_CURVE('',#1368,#1367,#1597,.T.);
#993=EDGE_CURVE('',#1368,#1327,#1598,.T.);
#994=EDGE_CURVE('',#1369,#1330,#1599,.T.);
#995=EDGE_CURVE('',#1367,#1369,#1600,.T.);
#996=EDGE_CURVE('',#1370,#1329,#1601,.T.);
#997=EDGE_CURVE('',#1369,#1370,#1602,.T.);
#998=EDGE_CURVE('',#1371,#1324,#1603,.T.);
#999=EDGE_CURVE('',#1372,#1371,#1604,.T.);
#1000=EDGE_CURVE('',#1372,#1323,#1605,.T.);
#1001=EDGE_CURVE('',#1373,#1326,#1606,.T.);
#1002=EDGE_CURVE('',#1371,#1373,#1607,.T.);
#1003=EDGE_CURVE('',#1374,#1325,#1608,.T.);
#1004=EDGE_CURVE('',#1373,#1374,#1609,.T.);
#1005=EDGE_CURVE('',#1375,#1320,#1610,.T.);
#1006=EDGE_CURVE('',#1376,#1375,#1611,.T.);
#1007=EDGE_CURVE('',#1376,#1319,#1612,.T.);
#1008=EDGE_CURVE('',#1377,#1322,#1613,.T.);
#1009=EDGE_CURVE('',#1375,#1377,#1614,.T.);
#1010=EDGE_CURVE('',#1378,#1321,#1615,.T.);
#1011=EDGE_CURVE('',#1377,#1378,#1616,.T.);
#1012=EDGE_CURVE('',#1379,#1316,#1617,.T.);
#1013=EDGE_CURVE('',#1380,#1379,#1618,.T.);
#1014=EDGE_CURVE('',#1380,#1315,#1619,.T.);
#1015=EDGE_CURVE('',#1381,#1318,#1620,.T.);
#1016=EDGE_CURVE('',#1379,#1381,#1621,.T.);
#1017=EDGE_CURVE('',#1382,#1317,#1622,.T.);
#1018=EDGE_CURVE('',#1381,#1382,#1623,.T.);
#1019=EDGE_CURVE('',#1383,#1312,#1624,.T.);
#1020=EDGE_CURVE('',#1384,#1383,#1625,.T.);
#1021=EDGE_CURVE('',#1384,#1311,#1626,.T.);
#1022=EDGE_CURVE('',#1385,#1314,#1627,.T.);
#1023=EDGE_CURVE('',#1383,#1385,#1628,.T.);
#1024=EDGE_CURVE('',#1386,#1313,#1629,.T.);
#1025=EDGE_CURVE('',#1385,#1386,#1630,.T.);
#1026=EDGE_CURVE('',#1387,#1308,#1631,.T.);
#1027=EDGE_CURVE('',#1388,#1387,#1632,.T.);
#1028=EDGE_CURVE('',#1388,#1307,#1633,.T.);
#1029=EDGE_CURVE('',#1389,#1310,#1634,.T.);
#1030=EDGE_CURVE('',#1387,#1389,#1635,.T.);
#1031=EDGE_CURVE('',#1390,#1309,#1636,.T.);
#1032=EDGE_CURVE('',#1389,#1390,#1637,.T.);
#1033=EDGE_CURVE('',#1391,#1303,#1638,.T.);
#1034=EDGE_CURVE('',#1391,#1392,#1639,.T.);
#1035=EDGE_CURVE('',#1392,#1304,#1640,.T.);
#1036=EDGE_CURVE('',#1393,#1306,#1641,.T.);
#1037=EDGE_CURVE('',#1391,#1393,#1642,.T.);
#1038=EDGE_CURVE('',#1394,#1305,#1643,.T.);
#1039=EDGE_CURVE('',#1393,#1394,#1644,.T.);
#1040=EDGE_CURVE('',#1395,#1295,#1645,.T.);
#1041=EDGE_CURVE('',#1395,#1396,#1646,.T.);
#1042=EDGE_CURVE('',#1396,#1296,#1647,.T.);
#1043=EDGE_CURVE('',#1397,#1298,#1648,.T.);
#1044=EDGE_CURVE('',#1397,#1395,#1649,.T.);
#1045=EDGE_CURVE('',#1398,#1297,#1650,.T.);
#1046=EDGE_CURVE('',#1398,#1397,#1651,.T.);
#1047=EDGE_CURVE('',#1399,#1291,#1652,.T.);
#1048=EDGE_CURVE('',#1399,#1400,#1653,.T.);
#1049=EDGE_CURVE('',#1400,#1292,#1654,.T.);
#1050=EDGE_CURVE('',#1401,#1294,#1655,.T.);
#1051=EDGE_CURVE('',#1401,#1399,#1656,.T.);
#1052=EDGE_CURVE('',#1402,#1293,#1657,.T.);
#1053=EDGE_CURVE('',#1402,#1401,#1658,.T.);
#1054=EDGE_CURVE('',#1403,#1287,#1659,.T.);
#1055=EDGE_CURVE('',#1403,#1404,#1660,.T.);
#1056=EDGE_CURVE('',#1404,#1288,#1661,.T.);
#1057=EDGE_CURVE('',#1405,#1290,#1662,.T.);
#1058=EDGE_CURVE('',#1405,#1403,#1663,.T.);
#1059=EDGE_CURVE('',#1406,#1289,#1664,.T.);
#1060=EDGE_CURVE('',#1406,#1405,#1665,.T.);
#1061=EDGE_CURVE('',#1407,#1283,#1666,.T.);
#1062=EDGE_CURVE('',#1407,#1408,#1667,.T.);
#1063=EDGE_CURVE('',#1408,#1284,#1668,.T.);
#1064=EDGE_CURVE('',#1409,#1286,#1669,.T.);
#1065=EDGE_CURVE('',#1409,#1407,#1670,.T.);
#1066=EDGE_CURVE('',#1410,#1285,#1671,.T.);
#1067=EDGE_CURVE('',#1410,#1409,#1672,.T.);
#1068=EDGE_CURVE('',#1411,#1279,#1673,.T.);
#1069=EDGE_CURVE('',#1411,#1412,#1674,.T.);
#1070=EDGE_CURVE('',#1412,#1280,#1675,.T.);
#1071=EDGE_CURVE('',#1413,#1282,#1676,.T.);
#1072=EDGE_CURVE('',#1413,#1411,#1677,.T.);
#1073=EDGE_CURVE('',#1414,#1281,#1678,.T.);
#1074=EDGE_CURVE('',#1414,#1413,#1679,.T.);
#1075=EDGE_CURVE('',#1415,#1275,#1680,.T.);
#1076=EDGE_CURVE('',#1415,#1416,#1681,.T.);
#1077=EDGE_CURVE('',#1416,#1276,#1682,.T.);
#1078=EDGE_CURVE('',#1417,#1278,#1683,.T.);
#1079=EDGE_CURVE('',#1417,#1415,#1684,.T.);
#1080=EDGE_CURVE('',#1418,#1277,#1685,.T.);
#1081=EDGE_CURVE('',#1418,#1417,#1686,.T.);
#1082=EDGE_CURVE('',#1419,#1271,#1687,.T.);
#1083=EDGE_CURVE('',#1419,#1420,#1688,.T.);
#1084=EDGE_CURVE('',#1420,#1272,#1689,.T.);
#1085=EDGE_CURVE('',#1421,#1274,#1690,.T.);
#1086=EDGE_CURVE('',#1421,#1419,#1691,.T.);
#1087=EDGE_CURVE('',#1422,#1273,#1692,.T.);
#1088=EDGE_CURVE('',#1422,#1421,#1693,.T.);
#1089=EDGE_CURVE('',#1423,#1267,#1694,.T.);
#1090=EDGE_CURVE('',#1423,#1424,#1695,.T.);
#1091=EDGE_CURVE('',#1424,#1268,#1696,.T.);
#1092=EDGE_CURVE('',#1425,#1270,#1697,.T.);
#1093=EDGE_CURVE('',#1425,#1423,#1698,.T.);
#1094=EDGE_CURVE('',#1426,#1269,#1699,.T.);
#1095=EDGE_CURVE('',#1426,#1425,#1700,.T.);
#1096=EDGE_CURVE('',#1427,#1263,#1701,.T.);
#1097=EDGE_CURVE('',#1427,#1428,#1702,.T.);
#1098=EDGE_CURVE('',#1428,#1264,#1703,.T.);
#1099=EDGE_CURVE('',#1429,#1266,#1704,.T.);
#1100=EDGE_CURVE('',#1427,#1429,#1705,.T.);
#1101=EDGE_CURVE('',#1430,#1265,#1706,.T.);
#1102=EDGE_CURVE('',#1430,#1429,#1707,.T.);
#1103=EDGE_CURVE('',#1431,#1259,#1708,.T.);
#1104=EDGE_CURVE('',#1431,#1432,#1709,.T.);
#1105=EDGE_CURVE('',#1432,#1260,#1710,.T.);
#1106=EDGE_CURVE('',#1433,#1262,#1711,.T.);
#1107=EDGE_CURVE('',#1433,#1431,#1712,.T.);
#1108=EDGE_CURVE('',#1434,#1261,#1713,.T.);
#1109=EDGE_CURVE('',#1434,#1433,#1714,.T.);
#1110=EDGE_CURVE('',#1435,#1255,#1715,.T.);
#1111=EDGE_CURVE('',#1435,#1436,#1716,.T.);
#1112=EDGE_CURVE('',#1436,#1256,#1717,.T.);
#1113=EDGE_CURVE('',#1437,#1258,#1718,.T.);
#1114=EDGE_CURVE('',#1437,#1435,#1719,.T.);
#1115=EDGE_CURVE('',#1438,#1257,#1720,.T.);
#1116=EDGE_CURVE('',#1438,#1437,#1721,.T.);
#1117=EDGE_CURVE('',#1439,#1251,#1722,.T.);
#1118=EDGE_CURVE('',#1439,#1440,#1723,.T.);
#1119=EDGE_CURVE('',#1440,#1252,#1724,.T.);
#1120=EDGE_CURVE('',#1441,#1254,#1725,.T.);
#1121=EDGE_CURVE('',#1441,#1439,#1726,.T.);
#1122=EDGE_CURVE('',#1442,#1253,#1727,.T.);
#1123=EDGE_CURVE('',#1442,#1441,#1728,.T.);
#1124=EDGE_CURVE('',#1443,#1247,#1729,.T.);
#1125=EDGE_CURVE('',#1443,#1444,#1730,.T.);
#1126=EDGE_CURVE('',#1444,#1248,#1731,.T.);
#1127=EDGE_CURVE('',#1445,#1250,#1732,.T.);
#1128=EDGE_CURVE('',#1445,#1443,#1733,.T.);
#1129=EDGE_CURVE('',#1446,#1249,#1734,.T.);
#1130=EDGE_CURVE('',#1446,#1445,#1735,.T.);
#1131=EDGE_CURVE('',#1447,#1243,#1736,.T.);
#1132=EDGE_CURVE('',#1447,#1448,#1737,.T.);
#1133=EDGE_CURVE('',#1448,#1244,#1738,.T.);
#1134=EDGE_CURVE('',#1449,#1246,#1739,.T.);
#1135=EDGE_CURVE('',#1449,#1447,#1740,.T.);
#1136=EDGE_CURVE('',#1450,#1245,#1741,.T.);
#1137=EDGE_CURVE('',#1450,#1449,#1742,.T.);
#1138=EDGE_CURVE('',#1451,#1452,#1743,.T.);
#1139=EDGE_CURVE('',#1452,#1230,#1744,.T.);
#1140=EDGE_CURVE('',#1229,#1451,#1745,.F.);
#1141=EDGE_CURVE('',#1453,#1454,#1746,.T.);
#1142=EDGE_CURVE('',#1454,#1242,#1747,.T.);
#1143=EDGE_CURVE('',#1241,#1453,#1748,.F.);
#1144=EDGE_CURVE('',#1455,#1456,#1749,.T.);
#1145=EDGE_CURVE('',#1455,#1240,#1750,.T.);
#1146=EDGE_CURVE('',#1239,#1456,#1751,.F.);
#1147=EDGE_CURVE('',#1457,#1458,#1752,.T.);
#1148=EDGE_CURVE('',#1458,#1238,#1753,.T.);
#1149=EDGE_CURVE('',#1237,#1457,#1754,.F.);
#1150=EDGE_CURVE('',#1235,#1459,#1755,.F.);
#1151=EDGE_CURVE('',#1459,#1460,#1756,.T.);
#1152=EDGE_CURVE('',#1460,#1236,#1757,.T.);
#1153=EDGE_CURVE('',#1233,#1461,#1758,.F.);
#1154=EDGE_CURVE('',#1461,#1462,#1759,.T.);
#1155=EDGE_CURVE('',#1462,#1234,#1760,.T.);
#1156=EDGE_CURVE('',#1463,#1464,#1761,.T.);
#1157=EDGE_CURVE('',#1463,#1354,#73,.F.);
#1158=EDGE_CURVE('',#1353,#1366,#1762,.T.);
#1159=EDGE_CURVE('',#1365,#1464,#74,.F.);
#1160=EDGE_CURVE('',#1370,#1368,#1763,.T.);
#1161=EDGE_CURVE('',#1374,#1372,#1764,.T.);
#1162=EDGE_CURVE('',#1378,#1376,#1765,.T.);
#1163=EDGE_CURVE('',#1382,#1380,#1766,.T.);
#1164=EDGE_CURVE('',#1386,#1384,#1767,.T.);
#1165=EDGE_CURVE('',#1390,#1388,#1768,.T.);
#1166=EDGE_CURVE('',#1392,#1394,#1769,.T.);
#1167=EDGE_CURVE('',#1465,#1465,#42,.T.);
#1168=EDGE_CURVE('',#1466,#1466,#43,.T.);
#1169=EDGE_CURVE('',#1467,#1467,#44,.T.);
#1170=EDGE_CURVE('',#1468,#1468,#45,.T.);
#1171=EDGE_CURVE('',#1396,#1398,#1770,.T.);
#1172=EDGE_CURVE('',#1400,#1402,#1771,.T.);
#1173=EDGE_CURVE('',#1404,#1406,#1772,.T.);
#1174=EDGE_CURVE('',#1408,#1410,#1773,.T.);
#1175=EDGE_CURVE('',#1412,#1414,#1774,.T.);
#1176=EDGE_CURVE('',#1416,#1418,#1775,.T.);
#1177=EDGE_CURVE('',#1420,#1422,#1776,.T.);
#1178=EDGE_CURVE('',#1424,#1426,#1777,.T.);
#1179=EDGE_CURVE('',#1428,#1430,#1778,.T.);
#1180=EDGE_CURVE('',#1432,#1434,#1779,.T.);
#1181=EDGE_CURVE('',#1436,#1438,#1780,.T.);
#1182=EDGE_CURVE('',#1440,#1442,#1781,.T.);
#1183=EDGE_CURVE('',#1444,#1446,#1782,.T.);
#1184=EDGE_CURVE('',#1448,#1450,#1783,.T.);
#1185=EDGE_CURVE('',#1231,#1469,#1784,.F.);
#1186=EDGE_CURVE('',#1469,#1470,#1785,.T.);
#1187=EDGE_CURVE('',#1470,#1232,#1786,.T.);
#1188=EDGE_CURVE('',#1351,#1471,#75,.T.);
#1189=EDGE_CURVE('',#1471,#1472,#1787,.T.);
#1190=EDGE_CURVE('',#1472,#1340,#76,.T.);
#1191=EDGE_CURVE('',#1352,#1339,#1788,.T.);
#1192=EDGE_CURVE('',#1469,#1452,#46,.T.);
#1193=EDGE_CURVE('',#1451,#1454,#47,.T.);
#1194=EDGE_CURVE('',#1453,#1455,#48,.T.);
#1195=EDGE_CURVE('',#1456,#1458,#49,.T.);
#1196=EDGE_CURVE('',#1457,#1460,#50,.T.);
#1197=EDGE_CURVE('',#1459,#1462,#51,.T.);
#1198=EDGE_CURVE('',#1461,#1470,#52,.T.);
#1199=EDGE_CURVE('',#1337,#1473,#77,.T.);
#1200=EDGE_CURVE('',#1473,#1474,#1789,.T.);
#1201=EDGE_CURVE('',#1474,#1338,#78,.T.);
#1202=EDGE_CURVE('',#1475,#1476,#1790,.T.);
#1203=EDGE_CURVE('',#1476,#1334,#79,.F.);
#1204=EDGE_CURVE('',#1333,#1475,#80,.F.);
#1205=EDGE_CURVE('',#1223,#1350,#1791,.F.);
#1206=EDGE_CURVE('',#1349,#1224,#1792,.T.);
#1207=EDGE_CURVE('',#1471,#1222,#1793,.F.);
#1208=EDGE_CURVE('',#1221,#1472,#1794,.F.);
#1209=EDGE_CURVE('',#1345,#1226,#1795,.F.);
#1210=EDGE_CURVE('',#1225,#1346,#1796,.F.);
#1211=EDGE_CURVE('',#1341,#1228,#1797,.T.);
#1212=EDGE_CURVE('',#1227,#1342,#1798,.F.);
#1213=EDGE_CURVE('',#1464,#1336,#1799,.T.);
#1214=EDGE_CURVE('',#1335,#1463,#1800,.F.);
#1215=EDGE_CURVE('',#1331,#1360,#1801,.T.);
#1216=EDGE_CURVE('',#1359,#1332,#1802,.F.);
#1217=EDGE_CURVE('',#1473,#1364,#1803,.F.);
#1218=EDGE_CURVE('',#1363,#1474,#1804,.F.);
#1219=EDGE_CURVE('',#1355,#1476,#1805,.F.);
#1220=EDGE_CURVE('',#1475,#1356,#1806,.F.);
#1221=VERTEX_POINT('',#3642);
#1222=VERTEX_POINT('',#3643);
#1223=VERTEX_POINT('',#3645);
#1224=VERTEX_POINT('',#3647);
#1225=VERTEX_POINT('',#3649);
#1226=VERTEX_POINT('',#3651);
#1227=VERTEX_POINT('',#3653);
#1228=VERTEX_POINT('',#3655);
#1229=VERTEX_POINT('',#3658);
#1230=VERTEX_POINT('',#3659);
#1231=VERTEX_POINT('',#3661);
#1232=VERTEX_POINT('',#3663);
#1233=VERTEX_POINT('',#3665);
#1234=VERTEX_POINT('',#3667);
#1235=VERTEX_POINT('',#3669);
#1236=VERTEX_POINT('',#3671);
#1237=VERTEX_POINT('',#3673);
#1238=VERTEX_POINT('',#3675);
#1239=VERTEX_POINT('',#3677);
#1240=VERTEX_POINT('',#3679);
#1241=VERTEX_POINT('',#3681);
#1242=VERTEX_POINT('',#3683);
#1243=VERTEX_POINT('',#3686);
#1244=VERTEX_POINT('',#3687);
#1245=VERTEX_POINT('',#3689);
#1246=VERTEX_POINT('',#3691);
#1247=VERTEX_POINT('',#3694);
#1248=VERTEX_POINT('',#3695);
#1249=VERTEX_POINT('',#3697);
#1250=VERTEX_POINT('',#3699);
#1251=VERTEX_POINT('',#3702);
#1252=VERTEX_POINT('',#3703);
#1253=VERTEX_POINT('',#3705);
#1254=VERTEX_POINT('',#3707);
#1255=VERTEX_POINT('',#3710);
#1256=VERTEX_POINT('',#3711);
#1257=VERTEX_POINT('',#3713);
#1258=VERTEX_POINT('',#3715);
#1259=VERTEX_POINT('',#3718);
#1260=VERTEX_POINT('',#3719);
#1261=VERTEX_POINT('',#3721);
#1262=VERTEX_POINT('',#3723);
#1263=VERTEX_POINT('',#3726);
#1264=VERTEX_POINT('',#3727);
#1265=VERTEX_POINT('',#3729);
#1266=VERTEX_POINT('',#3731);
#1267=VERTEX_POINT('',#3734);
#1268=VERTEX_POINT('',#3735);
#1269=VERTEX_POINT('',#3737);
#1270=VERTEX_POINT('',#3739);
#1271=VERTEX_POINT('',#3742);
#1272=VERTEX_POINT('',#3743);
#1273=VERTEX_POINT('',#3745);
#1274=VERTEX_POINT('',#3747);
#1275=VERTEX_POINT('',#3750);
#1276=VERTEX_POINT('',#3751);
#1277=VERTEX_POINT('',#3753);
#1278=VERTEX_POINT('',#3755);
#1279=VERTEX_POINT('',#3758);
#1280=VERTEX_POINT('',#3759);
#1281=VERTEX_POINT('',#3761);
#1282=VERTEX_POINT('',#3763);
#1283=VERTEX_POINT('',#3766);
#1284=VERTEX_POINT('',#3767);
#1285=VERTEX_POINT('',#3769);
#1286=VERTEX_POINT('',#3771);
#1287=VERTEX_POINT('',#3774);
#1288=VERTEX_POINT('',#3775);
#1289=VERTEX_POINT('',#3777);
#1290=VERTEX_POINT('',#3779);
#1291=VERTEX_POINT('',#3782);
#1292=VERTEX_POINT('',#3783);
#1293=VERTEX_POINT('',#3785);
#1294=VERTEX_POINT('',#3787);
#1295=VERTEX_POINT('',#3790);
#1296=VERTEX_POINT('',#3791);
#1297=VERTEX_POINT('',#3793);
#1298=VERTEX_POINT('',#3795);
#1299=VERTEX_POINT('',#3798);
#1300=VERTEX_POINT('',#3800);
#1301=VERTEX_POINT('',#3802);
#1302=VERTEX_POINT('',#3804);
#1303=VERTEX_POINT('',#3806);
#1304=VERTEX_POINT('',#3807);
#1305=VERTEX_POINT('',#3809);
#1306=VERTEX_POINT('',#3811);
#1307=VERTEX_POINT('',#3814);
#1308=VERTEX_POINT('',#3815);
#1309=VERTEX_POINT('',#3817);
#1310=VERTEX_POINT('',#3819);
#1311=VERTEX_POINT('',#3822);
#1312=VERTEX_POINT('',#3823);
#1313=VERTEX_POINT('',#3825);
#1314=VERTEX_POINT('',#3827);
#1315=VERTEX_POINT('',#3830);
#1316=VERTEX_POINT('',#3831);
#1317=VERTEX_POINT('',#3833);
#1318=VERTEX_POINT('',#3835);
#1319=VERTEX_POINT('',#3838);
#1320=VERTEX_POINT('',#3839);
#1321=VERTEX_POINT('',#3841);
#1322=VERTEX_POINT('',#3843);
#1323=VERTEX_POINT('',#3846);
#1324=VERTEX_POINT('',#3847);
#1325=VERTEX_POINT('',#3849);
#1326=VERTEX_POINT('',#3851);
#1327=VERTEX_POINT('',#3854);
#1328=VERTEX_POINT('',#3855);
#1329=VERTEX_POINT('',#3857);
#1330=VERTEX_POINT('',#3859);
#1331=VERTEX_POINT('',#3862);
#1332=VERTEX_POINT('',#3863);
#1333=VERTEX_POINT('',#3865);
#1334=VERTEX_POINT('',#3867);
#1335=VERTEX_POINT('',#3869);
#1336=VERTEX_POINT('',#3871);
#1337=VERTEX_POINT('',#3873);
#1338=VERTEX_POINT('',#3875);
#1339=VERTEX_POINT('',#3879);
#1340=VERTEX_POINT('',#3880);
#1341=VERTEX_POINT('',#3882);
#1342=VERTEX_POINT('',#3884);
#1343=VERTEX_POINT('',#3886);
#1344=VERTEX_POINT('',#3888);
#1345=VERTEX_POINT('',#3892);
#1346=VERTEX_POINT('',#3894);
#1347=VERTEX_POINT('',#3896);
#1348=VERTEX_POINT('',#3898);
#1349=VERTEX_POINT('',#3902);
#1350=VERTEX_POINT('',#3904);
#1351=VERTEX_POINT('',#3906);
#1352=VERTEX_POINT('',#3908);
#1353=VERTEX_POINT('',#3912);
#1354=VERTEX_POINT('',#3913);
#1355=VERTEX_POINT('',#3915);
#1356=VERTEX_POINT('',#3917);
#1357=VERTEX_POINT('',#3919);
#1358=VERTEX_POINT('',#3921);
#1359=VERTEX_POINT('',#3925);
#1360=VERTEX_POINT('',#3927);
#1361=VERTEX_POINT('',#3929);
#1362=VERTEX_POINT('',#3931);
#1363=VERTEX_POINT('',#3935);
#1364=VERTEX_POINT('',#3937);
#1365=VERTEX_POINT('',#3939);
#1366=VERTEX_POINT('',#3941);
#1367=VERTEX_POINT('',#3945);
#1368=VERTEX_POINT('',#3947);
#1369=VERTEX_POINT('',#3951);
#1370=VERTEX_POINT('',#3955);
#1371=VERTEX_POINT('',#3959);
#1372=VERTEX_POINT('',#3961);
#1373=VERTEX_POINT('',#3965);
#1374=VERTEX_POINT('',#3969);
#1375=VERTEX_POINT('',#3973);
#1376=VERTEX_POINT('',#3975);
#1377=VERTEX_POINT('',#3979);
#1378=VERTEX_POINT('',#3983);
#1379=VERTEX_POINT('',#3987);
#1380=VERTEX_POINT('',#3989);
#1381=VERTEX_POINT('',#3993);
#1382=VERTEX_POINT('',#3997);
#1383=VERTEX_POINT('',#4001);
#1384=VERTEX_POINT('',#4003);
#1385=VERTEX_POINT('',#4007);
#1386=VERTEX_POINT('',#4011);
#1387=VERTEX_POINT('',#4015);
#1388=VERTEX_POINT('',#4017);
#1389=VERTEX_POINT('',#4021);
#1390=VERTEX_POINT('',#4025);
#1391=VERTEX_POINT('',#4029);
#1392=VERTEX_POINT('',#4031);
#1393=VERTEX_POINT('',#4035);
#1394=VERTEX_POINT('',#4039);
#1395=VERTEX_POINT('',#4043);
#1396=VERTEX_POINT('',#4045);
#1397=VERTEX_POINT('',#4049);
#1398=VERTEX_POINT('',#4053);
#1399=VERTEX_POINT('',#4057);
#1400=VERTEX_POINT('',#4059);
#1401=VERTEX_POINT('',#4063);
#1402=VERTEX_POINT('',#4067);
#1403=VERTEX_POINT('',#4071);
#1404=VERTEX_POINT('',#4073);
#1405=VERTEX_POINT('',#4077);
#1406=VERTEX_POINT('',#4081);
#1407=VERTEX_POINT('',#4085);
#1408=VERTEX_POINT('',#4087);
#1409=VERTEX_POINT('',#4091);
#1410=VERTEX_POINT('',#4095);
#1411=VERTEX_POINT('',#4099);
#1412=VERTEX_POINT('',#4101);
#1413=VERTEX_POINT('',#4105);
#1414=VERTEX_POINT('',#4109);
#1415=VERTEX_POINT('',#4113);
#1416=VERTEX_POINT('',#4115);
#1417=VERTEX_POINT('',#4119);
#1418=VERTEX_POINT('',#4123);
#1419=VERTEX_POINT('',#4127);
#1420=VERTEX_POINT('',#4129);
#1421=VERTEX_POINT('',#4133);
#1422=VERTEX_POINT('',#4137);
#1423=VERTEX_POINT('',#4141);
#1424=VERTEX_POINT('',#4143);
#1425=VERTEX_POINT('',#4147);
#1426=VERTEX_POINT('',#4151);
#1427=VERTEX_POINT('',#4155);
#1428=VERTEX_POINT('',#4157);
#1429=VERTEX_POINT('',#4161);
#1430=VERTEX_POINT('',#4165);
#1431=VERTEX_POINT('',#4169);
#1432=VERTEX_POINT('',#4171);
#1433=VERTEX_POINT('',#4175);
#1434=VERTEX_POINT('',#4179);
#1435=VERTEX_POINT('',#4183);
#1436=VERTEX_POINT('',#4185);
#1437=VERTEX_POINT('',#4189);
#1438=VERTEX_POINT('',#4193);
#1439=VERTEX_POINT('',#4197);
#1440=VERTEX_POINT('',#4199);
#1441=VERTEX_POINT('',#4203);
#1442=VERTEX_POINT('',#4207);
#1443=VERTEX_POINT('',#4211);
#1444=VERTEX_POINT('',#4213);
#1445=VERTEX_POINT('',#4217);
#1446=VERTEX_POINT('',#4221);
#1447=VERTEX_POINT('',#4225);
#1448=VERTEX_POINT('',#4227);
#1449=VERTEX_POINT('',#4231);
#1450=VERTEX_POINT('',#4235);
#1451=VERTEX_POINT('',#4239);
#1452=VERTEX_POINT('',#4240);
#1453=VERTEX_POINT('',#4245);
#1454=VERTEX_POINT('',#4246);
#1455=VERTEX_POINT('',#4251);
#1456=VERTEX_POINT('',#4252);
#1457=VERTEX_POINT('',#4257);
#1458=VERTEX_POINT('',#4258);
#1459=VERTEX_POINT('',#4263);
#1460=VERTEX_POINT('',#4265);
#1461=VERTEX_POINT('',#4269);
#1462=VERTEX_POINT('',#4271);
#1463=VERTEX_POINT('',#4275);
#1464=VERTEX_POINT('',#4276);
#1465=VERTEX_POINT('',#4296);
#1466=VERTEX_POINT('',#4299);
#1467=VERTEX_POINT('',#4302);
#1468=VERTEX_POINT('',#4305);
#1469=VERTEX_POINT('',#4336);
#1470=VERTEX_POINT('',#4338);
#1471=VERTEX_POINT('',#4342);
#1472=VERTEX_POINT('',#4344);
#1473=VERTEX_POINT('',#4364);
#1474=VERTEX_POINT('',#4366);
#1475=VERTEX_POINT('',#4370);
#1476=VERTEX_POINT('',#4371);
#1477=LINE('',#3641,#1807);
#1478=LINE('',#3646,#1808);
#1479=LINE('',#3650,#1809);
#1480=LINE('',#3654,#1810);
#1481=LINE('',#3657,#1811);
#1482=LINE('',#3662,#1812);
#1483=LINE('',#3666,#1813);
#1484=LINE('',#3670,#1814);
#1485=LINE('',#3674,#1815);
#1486=LINE('',#3678,#1816);
#1487=LINE('',#3682,#1817);
#1488=LINE('',#3685,#1818);
#1489=LINE('',#3688,#1819);
#1490=LINE('',#3690,#1820);
#1491=LINE('',#3692,#1821);
#1492=LINE('',#3693,#1822);
#1493=LINE('',#3696,#1823);
#1494=LINE('',#3698,#1824);
#1495=LINE('',#3700,#1825);
#1496=LINE('',#3701,#1826);
#1497=LINE('',#3704,#1827);
#1498=LINE('',#3706,#1828);
#1499=LINE('',#3708,#1829);
#1500=LINE('',#3709,#1830);
#1501=LINE('',#3712,#1831);
#1502=LINE('',#3714,#1832);
#1503=LINE('',#3716,#1833);
#1504=LINE('',#3717,#1834);
#1505=LINE('',#3720,#1835);
#1506=LINE('',#3722,#1836);
#1507=LINE('',#3724,#1837);
#1508=LINE('',#3725,#1838);
#1509=LINE('',#3728,#1839);
#1510=LINE('',#3730,#1840);
#1511=LINE('',#3732,#1841);
#1512=LINE('',#3733,#1842);
#1513=LINE('',#3736,#1843);
#1514=LINE('',#3738,#1844);
#1515=LINE('',#3740,#1845);
#1516=LINE('',#3741,#1846);
#1517=LINE('',#3744,#1847);
#1518=LINE('',#3746,#1848);
#1519=LINE('',#3748,#1849);
#1520=LINE('',#3749,#1850);
#1521=LINE('',#3752,#1851);
#1522=LINE('',#3754,#1852);
#1523=LINE('',#3756,#1853);
#1524=LINE('',#3757,#1854);
#1525=LINE('',#3760,#1855);
#1526=LINE('',#3762,#1856);
#1527=LINE('',#3764,#1857);
#1528=LINE('',#3765,#1858);
#1529=LINE('',#3768,#1859);
#1530=LINE('',#3770,#1860);
#1531=LINE('',#3772,#1861);
#1532=LINE('',#3773,#1862);
#1533=LINE('',#3776,#1863);
#1534=LINE('',#3778,#1864);
#1535=LINE('',#3780,#1865);
#1536=LINE('',#3781,#1866);
#1537=LINE('',#3784,#1867);
#1538=LINE('',#3786,#1868);
#1539=LINE('',#3788,#1869);
#1540=LINE('',#3789,#1870);
#1541=LINE('',#3792,#1871);
#1542=LINE('',#3794,#1872);
#1543=LINE('',#3796,#1873);
#1544=LINE('',#3805,#1874);
#1545=LINE('',#3808,#1875);
#1546=LINE('',#3810,#1876);
#1547=LINE('',#3812,#1877);
#1548=LINE('',#3813,#1878);
#1549=LINE('',#3816,#1879);
#1550=LINE('',#3818,#1880);
#1551=LINE('',#3820,#1881);
#1552=LINE('',#3821,#1882);
#1553=LINE('',#3824,#1883);
#1554=LINE('',#3826,#1884);
#1555=LINE('',#3828,#1885);
#1556=LINE('',#3829,#1886);
#1557=LINE('',#3832,#1887);
#1558=LINE('',#3834,#1888);
#1559=LINE('',#3836,#1889);
#1560=LINE('',#3837,#1890);
#1561=LINE('',#3840,#1891);
#1562=LINE('',#3842,#1892);
#1563=LINE('',#3844,#1893);
#1564=LINE('',#3845,#1894);
#1565=LINE('',#3848,#1895);
#1566=LINE('',#3850,#1896);
#1567=LINE('',#3852,#1897);
#1568=LINE('',#3853,#1898);
#1569=LINE('',#3856,#1899);
#1570=LINE('',#3858,#1900);
#1571=LINE('',#3860,#1901);
#1572=LINE('',#3861,#1902);
#1573=LINE('',#3866,#1903);
#1574=LINE('',#3870,#1904);
#1575=LINE('',#3874,#1905);
#1576=LINE('',#3878,#1906);
#1577=LINE('',#3883,#1907);
#1578=LINE('',#3887,#1908);
#1579=LINE('',#3889,#1909);
#1580=LINE('',#3893,#1910);
#1581=LINE('',#3897,#1911);
#1582=LINE('',#3899,#1912);
#1583=LINE('',#3903,#1913);
#1584=LINE('',#3907,#1914);
#1585=LINE('',#3909,#1915);
#1586=LINE('',#3911,#1916);
#1587=LINE('',#3916,#1917);
#1588=LINE('',#3920,#1918);
#1589=LINE('',#3922,#1919);
#1590=LINE('',#3926,#1920);
#1591=LINE('',#3930,#1921);
#1592=LINE('',#3932,#1922);
#1593=LINE('',#3936,#1923);
#1594=LINE('',#3940,#1924);
#1595=LINE('',#3942,#1925);
#1596=LINE('',#3944,#1926);
#1597=LINE('',#3946,#1927);
#1598=LINE('',#3948,#1928);
#1599=LINE('',#3950,#1929);
#1600=LINE('',#3952,#1930);
#1601=LINE('',#3954,#1931);
#1602=LINE('',#3956,#1932);
#1603=LINE('',#3958,#1933);
#1604=LINE('',#3960,#1934);
#1605=LINE('',#3962,#1935);
#1606=LINE('',#3964,#1936);
#1607=LINE('',#3966,#1937);
#1608=LINE('',#3968,#1938);
#1609=LINE('',#3970,#1939);
#1610=LINE('',#3972,#1940);
#1611=LINE('',#3974,#1941);
#1612=LINE('',#3976,#1942);
#1613=LINE('',#3978,#1943);
#1614=LINE('',#3980,#1944);
#1615=LINE('',#3982,#1945);
#1616=LINE('',#3984,#1946);
#1617=LINE('',#3986,#1947);
#1618=LINE('',#3988,#1948);
#1619=LINE('',#3990,#1949);
#1620=LINE('',#3992,#1950);
#1621=LINE('',#3994,#1951);
#1622=LINE('',#3996,#1952);
#1623=LINE('',#3998,#1953);
#1624=LINE('',#4000,#1954);
#1625=LINE('',#4002,#1955);
#1626=LINE('',#4004,#1956);
#1627=LINE('',#4006,#1957);
#1628=LINE('',#4008,#1958);
#1629=LINE('',#4010,#1959);
#1630=LINE('',#4012,#1960);
#1631=LINE('',#4014,#1961);
#1632=LINE('',#4016,#1962);
#1633=LINE('',#4018,#1963);
#1634=LINE('',#4020,#1964);
#1635=LINE('',#4022,#1965);
#1636=LINE('',#4024,#1966);
#1637=LINE('',#4026,#1967);
#1638=LINE('',#4028,#1968);
#1639=LINE('',#4030,#1969);
#1640=LINE('',#4032,#1970);
#1641=LINE('',#4034,#1971);
#1642=LINE('',#4036,#1972);
#1643=LINE('',#4038,#1973);
#1644=LINE('',#4040,#1974);
#1645=LINE('',#4042,#1975);
#1646=LINE('',#4044,#1976);
#1647=LINE('',#4046,#1977);
#1648=LINE('',#4048,#1978);
#1649=LINE('',#4050,#1979);
#1650=LINE('',#4052,#1980);
#1651=LINE('',#4054,#1981);
#1652=LINE('',#4056,#1982);
#1653=LINE('',#4058,#1983);
#1654=LINE('',#4060,#1984);
#1655=LINE('',#4062,#1985);
#1656=LINE('',#4064,#1986);
#1657=LINE('',#4066,#1987);
#1658=LINE('',#4068,#1988);
#1659=LINE('',#4070,#1989);
#1660=LINE('',#4072,#1990);
#1661=LINE('',#4074,#1991);
#1662=LINE('',#4076,#1992);
#1663=LINE('',#4078,#1993);
#1664=LINE('',#4080,#1994);
#1665=LINE('',#4082,#1995);
#1666=LINE('',#4084,#1996);
#1667=LINE('',#4086,#1997);
#1668=LINE('',#4088,#1998);
#1669=LINE('',#4090,#1999);
#1670=LINE('',#4092,#2000);
#1671=LINE('',#4094,#2001);
#1672=LINE('',#4096,#2002);
#1673=LINE('',#4098,#2003);
#1674=LINE('',#4100,#2004);
#1675=LINE('',#4102,#2005);
#1676=LINE('',#4104,#2006);
#1677=LINE('',#4106,#2007);
#1678=LINE('',#4108,#2008);
#1679=LINE('',#4110,#2009);
#1680=LINE('',#4112,#2010);
#1681=LINE('',#4114,#2011);
#1682=LINE('',#4116,#2012);
#1683=LINE('',#4118,#2013);
#1684=LINE('',#4120,#2014);
#1685=LINE('',#4122,#2015);
#1686=LINE('',#4124,#2016);
#1687=LINE('',#4126,#2017);
#1688=LINE('',#4128,#2018);
#1689=LINE('',#4130,#2019);
#1690=LINE('',#4132,#2020);
#1691=LINE('',#4134,#2021);
#1692=LINE('',#4136,#2022);
#1693=LINE('',#4138,#2023);
#1694=LINE('',#4140,#2024);
#1695=LINE('',#4142,#2025);
#1696=LINE('',#4144,#2026);
#1697=LINE('',#4146,#2027);
#1698=LINE('',#4148,#2028);
#1699=LINE('',#4150,#2029);
#1700=LINE('',#4152,#2030);
#1701=LINE('',#4154,#2031);
#1702=LINE('',#4156,#2032);
#1703=LINE('',#4158,#2033);
#1704=LINE('',#4160,#2034);
#1705=LINE('',#4162,#2035);
#1706=LINE('',#4164,#2036);
#1707=LINE('',#4166,#2037);
#1708=LINE('',#4168,#2038);
#1709=LINE('',#4170,#2039);
#1710=LINE('',#4172,#2040);
#1711=LINE('',#4174,#2041);
#1712=LINE('',#4176,#2042);
#1713=LINE('',#4178,#2043);
#1714=LINE('',#4180,#2044);
#1715=LINE('',#4182,#2045);
#1716=LINE('',#4184,#2046);
#1717=LINE('',#4186,#2047);
#1718=LINE('',#4188,#2048);
#1719=LINE('',#4190,#2049);
#1720=LINE('',#4192,#2050);
#1721=LINE('',#4194,#2051);
#1722=LINE('',#4196,#2052);
#1723=LINE('',#4198,#2053);
#1724=LINE('',#4200,#2054);
#1725=LINE('',#4202,#2055);
#1726=LINE('',#4204,#2056);
#1727=LINE('',#4206,#2057);
#1728=LINE('',#4208,#2058);
#1729=LINE('',#4210,#2059);
#1730=LINE('',#4212,#2060);
#1731=LINE('',#4214,#2061);
#1732=LINE('',#4216,#2062);
#1733=LINE('',#4218,#2063);
#1734=LINE('',#4220,#2064);
#1735=LINE('',#4222,#2065);
#1736=LINE('',#4224,#2066);
#1737=LINE('',#4226,#2067);
#1738=LINE('',#4228,#2068);
#1739=LINE('',#4230,#2069);
#1740=LINE('',#4232,#2070);
#1741=LINE('',#4234,#2071);
#1742=LINE('',#4236,#2072);
#1743=LINE('',#4238,#2073);
#1744=LINE('',#4241,#2074);
#1745=LINE('',#4242,#2075);
#1746=LINE('',#4244,#2076);
#1747=LINE('',#4247,#2077);
#1748=LINE('',#4248,#2078);
#1749=LINE('',#4250,#2079);
#1750=LINE('',#4253,#2080);
#1751=LINE('',#4254,#2081);
#1752=LINE('',#4256,#2082);
#1753=LINE('',#4259,#2083);
#1754=LINE('',#4260,#2084);
#1755=LINE('',#4262,#2085);
#1756=LINE('',#4264,#2086);
#1757=LINE('',#4266,#2087);
#1758=LINE('',#4268,#2088);
#1759=LINE('',#4270,#2089);
#1760=LINE('',#4272,#2090);
#1761=LINE('',#4274,#2091);
#1762=LINE('',#4278,#2092);
#1763=LINE('',#4281,#2093);
#1764=LINE('',#4283,#2094);
#1765=LINE('',#4285,#2095);
#1766=LINE('',#4287,#2096);
#1767=LINE('',#4289,#2097);
#1768=LINE('',#4291,#2098);
#1769=LINE('',#4293,#2099);
#1770=LINE('',#4307,#2100);
#1771=LINE('',#4309,#2101);
#1772=LINE('',#4311,#2102);
#1773=LINE('',#4313,#2103);
#1774=LINE('',#4315,#2104);
#1775=LINE('',#4317,#2105);
#1776=LINE('',#4319,#2106);
#1777=LINE('',#4321,#2107);
#1778=LINE('',#4323,#2108);
#1779=LINE('',#4325,#2109);
#1780=LINE('',#4327,#2110);
#1781=LINE('',#4329,#2111);
#1782=LINE('',#4331,#2112);
#1783=LINE('',#4333,#2113);
#1784=LINE('',#4335,#2114);
#1785=LINE('',#4337,#2115);
#1786=LINE('',#4339,#2116);
#1787=LINE('',#4343,#2117);
#1788=LINE('',#4346,#2118);
#1789=LINE('',#4365,#2119);
#1790=LINE('',#4369,#2120);
#1791=LINE('',#4375,#2121);
#1792=LINE('',#4376,#2122);
#1793=LINE('',#4378,#2123);
#1794=LINE('',#4379,#2124);
#1795=LINE('',#4381,#2125);
#1796=LINE('',#4382,#2126);
#1797=LINE('',#4384,#2127);
#1798=LINE('',#4385,#2128);
#1799=LINE('',#4391,#2129);
#1800=LINE('',#4392,#2130);
#1801=LINE('',#4394,#2131);
#1802=LINE('',#4395,#2132);
#1803=LINE('',#4397,#2133);
#1804=LINE('',#4398,#2134);
#1805=LINE('',#4400,#2135);
#1806=LINE('',#4401,#2136);
#1807=VECTOR('',#2951,1.);
#1808=VECTOR('',#2954,1.);
#1809=VECTOR('',#2957,1.);
#1810=VECTOR('',#2960,1.);
#1811=VECTOR('',#2963,1.);
#1812=VECTOR('',#2966,1.);
#1813=VECTOR('',#2969,1.);
#1814=VECTOR('',#2972,1.);
#1815=VECTOR('',#2975,1.);
#1816=VECTOR('',#2978,1.);
#1817=VECTOR('',#2981,1.);
#1818=VECTOR('',#2984,1.);
#1819=VECTOR('',#2985,1.);
#1820=VECTOR('',#2986,1.);
#1821=VECTOR('',#2987,1.);
#1822=VECTOR('',#2988,1.);
#1823=VECTOR('',#2989,1.);
#1824=VECTOR('',#2990,1.);
#1825=VECTOR('',#2991,1.);
#1826=VECTOR('',#2992,1.);
#1827=VECTOR('',#2993,1.);
#1828=VECTOR('',#2994,1.);
#1829=VECTOR('',#2995,1.);
#1830=VECTOR('',#2996,1.);
#1831=VECTOR('',#2997,1.);
#1832=VECTOR('',#2998,1.);
#1833=VECTOR('',#2999,1.);
#1834=VECTOR('',#3000,1.);
#1835=VECTOR('',#3001,1.);
#1836=VECTOR('',#3002,1.);
#1837=VECTOR('',#3003,1.);
#1838=VECTOR('',#3004,1.);
#1839=VECTOR('',#3005,1.);
#1840=VECTOR('',#3006,1.);
#1841=VECTOR('',#3007,1.);
#1842=VECTOR('',#3008,1.);
#1843=VECTOR('',#3009,1.);
#1844=VECTOR('',#3010,1.);
#1845=VECTOR('',#3011,1.);
#1846=VECTOR('',#3012,1.);
#1847=VECTOR('',#3013,1.);
#1848=VECTOR('',#3014,1.);
#1849=VECTOR('',#3015,1.);
#1850=VECTOR('',#3016,1.);
#1851=VECTOR('',#3017,1.);
#1852=VECTOR('',#3018,1.);
#1853=VECTOR('',#3019,1.);
#1854=VECTOR('',#3020,1.);
#1855=VECTOR('',#3021,1.);
#1856=VECTOR('',#3022,1.);
#1857=VECTOR('',#3023,1.);
#1858=VECTOR('',#3024,1.);
#1859=VECTOR('',#3025,1.);
#1860=VECTOR('',#3026,1.);
#1861=VECTOR('',#3027,1.);
#1862=VECTOR('',#3028,1.);
#1863=VECTOR('',#3029,1.);
#1864=VECTOR('',#3030,1.);
#1865=VECTOR('',#3031,1.);
#1866=VECTOR('',#3032,1.);
#1867=VECTOR('',#3033,1.);
#1868=VECTOR('',#3034,1.);
#1869=VECTOR('',#3035,1.);
#1870=VECTOR('',#3036,1.);
#1871=VECTOR('',#3037,1.);
#1872=VECTOR('',#3038,1.);
#1873=VECTOR('',#3039,1.);
#1874=VECTOR('',#3048,1.);
#1875=VECTOR('',#3049,1.);
#1876=VECTOR('',#3050,1.);
#1877=VECTOR('',#3051,1.);
#1878=VECTOR('',#3052,1.);
#1879=VECTOR('',#3053,1.);
#1880=VECTOR('',#3054,1.);
#1881=VECTOR('',#3055,1.);
#1882=VECTOR('',#3056,1.);
#1883=VECTOR('',#3057,1.);
#1884=VECTOR('',#3058,1.);
#1885=VECTOR('',#3059,1.);
#1886=VECTOR('',#3060,1.);
#1887=VECTOR('',#3061,1.);
#1888=VECTOR('',#3062,1.);
#1889=VECTOR('',#3063,1.);
#1890=VECTOR('',#3064,1.);
#1891=VECTOR('',#3065,1.);
#1892=VECTOR('',#3066,1.);
#1893=VECTOR('',#3067,1.);
#1894=VECTOR('',#3068,1.);
#1895=VECTOR('',#3069,1.);
#1896=VECTOR('',#3070,1.);
#1897=VECTOR('',#3071,1.);
#1898=VECTOR('',#3072,1.);
#1899=VECTOR('',#3073,1.);
#1900=VECTOR('',#3074,1.);
#1901=VECTOR('',#3075,1.);
#1902=VECTOR('',#3076,1.);
#1903=VECTOR('',#3079,1.);
#1904=VECTOR('',#3082,1.);
#1905=VECTOR('',#3085,1.);
#1906=VECTOR('',#3090,1.);
#1907=VECTOR('',#3093,1.);
#1908=VECTOR('',#3096,1.);
#1909=VECTOR('',#3097,1.);
#1910=VECTOR('',#3102,1.);
#1911=VECTOR('',#3105,1.);
#1912=VECTOR('',#3106,1.);
#1913=VECTOR('',#3111,1.);
#1914=VECTOR('',#3114,1.);
#1915=VECTOR('',#3115,1.);
#1916=VECTOR('',#3118,1.);
#1917=VECTOR('',#3121,1.);
#1918=VECTOR('',#3124,1.);
#1919=VECTOR('',#3125,1.);
#1920=VECTOR('',#3130,1.);
#1921=VECTOR('',#3133,1.);
#1922=VECTOR('',#3134,1.);
#1923=VECTOR('',#3139,1.);
#1924=VECTOR('',#3142,1.);
#1925=VECTOR('',#3143,1.);
#1926=VECTOR('',#3146,1.);
#1927=VECTOR('',#3147,1.);
#1928=VECTOR('',#3148,1.);
#1929=VECTOR('',#3151,1.);
#1930=VECTOR('',#3152,1.);
#1931=VECTOR('',#3155,1.);
#1932=VECTOR('',#3156,1.);
#1933=VECTOR('',#3159,1.);
#1934=VECTOR('',#3160,1.);
#1935=VECTOR('',#3161,1.);
#1936=VECTOR('',#3164,1.);
#1937=VECTOR('',#3165,1.);
#1938=VECTOR('',#3168,1.);
#1939=VECTOR('',#3169,1.);
#1940=VECTOR('',#3172,1.);
#1941=VECTOR('',#3173,1.);
#1942=VECTOR('',#3174,1.);
#1943=VECTOR('',#3177,1.);
#1944=VECTOR('',#3178,1.);
#1945=VECTOR('',#3181,1.);
#1946=VECTOR('',#3182,1.);
#1947=VECTOR('',#3185,1.);
#1948=VECTOR('',#3186,1.);
#1949=VECTOR('',#3187,1.);
#1950=VECTOR('',#3190,1.);
#1951=VECTOR('',#3191,1.);
#1952=VECTOR('',#3194,1.);
#1953=VECTOR('',#3195,1.);
#1954=VECTOR('',#3198,1.);
#1955=VECTOR('',#3199,1.);
#1956=VECTOR('',#3200,1.);
#1957=VECTOR('',#3203,1.);
#1958=VECTOR('',#3204,1.);
#1959=VECTOR('',#3207,1.);
#1960=VECTOR('',#3208,1.);
#1961=VECTOR('',#3211,1.);
#1962=VECTOR('',#3212,1.);
#1963=VECTOR('',#3213,1.);
#1964=VECTOR('',#3216,1.);
#1965=VECTOR('',#3217,1.);
#1966=VECTOR('',#3220,1.);
#1967=VECTOR('',#3221,1.);
#1968=VECTOR('',#3224,1.);
#1969=VECTOR('',#3225,1.);
#1970=VECTOR('',#3226,1.);
#1971=VECTOR('',#3229,1.);
#1972=VECTOR('',#3230,1.);
#1973=VECTOR('',#3233,1.);
#1974=VECTOR('',#3234,1.);
#1975=VECTOR('',#3237,1.);
#1976=VECTOR('',#3238,1.);
#1977=VECTOR('',#3239,1.);
#1978=VECTOR('',#3242,1.);
#1979=VECTOR('',#3243,1.);
#1980=VECTOR('',#3246,1.);
#1981=VECTOR('',#3247,1.);
#1982=VECTOR('',#3250,1.);
#1983=VECTOR('',#3251,1.);
#1984=VECTOR('',#3252,1.);
#1985=VECTOR('',#3255,1.);
#1986=VECTOR('',#3256,1.);
#1987=VECTOR('',#3259,1.);
#1988=VECTOR('',#3260,1.);
#1989=VECTOR('',#3263,1.);
#1990=VECTOR('',#3264,1.);
#1991=VECTOR('',#3265,1.);
#1992=VECTOR('',#3268,1.);
#1993=VECTOR('',#3269,1.);
#1994=VECTOR('',#3272,1.);
#1995=VECTOR('',#3273,1.);
#1996=VECTOR('',#3276,1.);
#1997=VECTOR('',#3277,1.);
#1998=VECTOR('',#3278,1.);
#1999=VECTOR('',#3281,1.);
#2000=VECTOR('',#3282,1.);
#2001=VECTOR('',#3285,1.);
#2002=VECTOR('',#3286,1.);
#2003=VECTOR('',#3289,1.);
#2004=VECTOR('',#3290,1.);
#2005=VECTOR('',#3291,1.);
#2006=VECTOR('',#3294,1.);
#2007=VECTOR('',#3295,1.);
#2008=VECTOR('',#3298,1.);
#2009=VECTOR('',#3299,1.);
#2010=VECTOR('',#3302,1.);
#2011=VECTOR('',#3303,1.);
#2012=VECTOR('',#3304,1.);
#2013=VECTOR('',#3307,1.);
#2014=VECTOR('',#3308,1.);
#2015=VECTOR('',#3311,1.);
#2016=VECTOR('',#3312,1.);
#2017=VECTOR('',#3315,1.);
#2018=VECTOR('',#3316,1.);
#2019=VECTOR('',#3317,1.);
#2020=VECTOR('',#3320,1.);
#2021=VECTOR('',#3321,1.);
#2022=VECTOR('',#3324,1.);
#2023=VECTOR('',#3325,1.);
#2024=VECTOR('',#3328,1.);
#2025=VECTOR('',#3329,1.);
#2026=VECTOR('',#3330,1.);
#2027=VECTOR('',#3333,1.);
#2028=VECTOR('',#3334,1.);
#2029=VECTOR('',#3337,1.);
#2030=VECTOR('',#3338,1.);
#2031=VECTOR('',#3341,1.);
#2032=VECTOR('',#3342,1.);
#2033=VECTOR('',#3343,1.);
#2034=VECTOR('',#3346,1.);
#2035=VECTOR('',#3347,1.);
#2036=VECTOR('',#3350,1.);
#2037=VECTOR('',#3351,1.);
#2038=VECTOR('',#3354,1.);
#2039=VECTOR('',#3355,1.);
#2040=VECTOR('',#3356,1.);
#2041=VECTOR('',#3359,1.);
#2042=VECTOR('',#3360,1.);
#2043=VECTOR('',#3363,1.);
#2044=VECTOR('',#3364,1.);
#2045=VECTOR('',#3367,1.);
#2046=VECTOR('',#3368,1.);
#2047=VECTOR('',#3369,1.);
#2048=VECTOR('',#3372,1.);
#2049=VECTOR('',#3373,1.);
#2050=VECTOR('',#3376,1.);
#2051=VECTOR('',#3377,1.);
#2052=VECTOR('',#3380,1.);
#2053=VECTOR('',#3381,1.);
#2054=VECTOR('',#3382,1.);
#2055=VECTOR('',#3385,1.);
#2056=VECTOR('',#3386,1.);
#2057=VECTOR('',#3389,1.);
#2058=VECTOR('',#3390,1.);
#2059=VECTOR('',#3393,1.);
#2060=VECTOR('',#3394,1.);
#2061=VECTOR('',#3395,1.);
#2062=VECTOR('',#3398,1.);
#2063=VECTOR('',#3399,1.);
#2064=VECTOR('',#3402,1.);
#2065=VECTOR('',#3403,1.);
#2066=VECTOR('',#3406,1.);
#2067=VECTOR('',#3407,1.);
#2068=VECTOR('',#3408,1.);
#2069=VECTOR('',#3411,1.);
#2070=VECTOR('',#3412,1.);
#2071=VECTOR('',#3415,1.);
#2072=VECTOR('',#3416,1.);
#2073=VECTOR('',#3419,1.);
#2074=VECTOR('',#3420,1.);
#2075=VECTOR('',#3421,1.);
#2076=VECTOR('',#3424,1.);
#2077=VECTOR('',#3425,1.);
#2078=VECTOR('',#3426,1.);
#2079=VECTOR('',#3429,1.);
#2080=VECTOR('',#3430,1.);
#2081=VECTOR('',#3431,1.);
#2082=VECTOR('',#3434,1.);
#2083=VECTOR('',#3435,1.);
#2084=VECTOR('',#3436,1.);
#2085=VECTOR('',#3439,1.);
#2086=VECTOR('',#3440,1.);
#2087=VECTOR('',#3441,1.);
#2088=VECTOR('',#3444,1.);
#2089=VECTOR('',#3445,1.);
#2090=VECTOR('',#3446,1.);
#2091=VECTOR('',#3449,1.);
#2092=VECTOR('',#3452,1.);
#2093=VECTOR('',#3457,1.);
#2094=VECTOR('',#3460,1.);
#2095=VECTOR('',#3463,1.);
#2096=VECTOR('',#3466,1.);
#2097=VECTOR('',#3469,1.);
#2098=VECTOR('',#3472,1.);
#2099=VECTOR('',#3475,1.);
#2100=VECTOR('',#3494,1.);
#2101=VECTOR('',#3497,1.);
#2102=VECTOR('',#3500,1.);
#2103=VECTOR('',#3503,1.);
#2104=VECTOR('',#3506,1.);
#2105=VECTOR('',#3509,1.);
#2106=VECTOR('',#3512,1.);
#2107=VECTOR('',#3515,1.);
#2108=VECTOR('',#3518,1.);
#2109=VECTOR('',#3521,1.);
#2110=VECTOR('',#3524,1.);
#2111=VECTOR('',#3527,1.);
#2112=VECTOR('',#3530,1.);
#2113=VECTOR('',#3533,1.);
#2114=VECTOR('',#3536,1.);
#2115=VECTOR('',#3537,1.);
#2116=VECTOR('',#3538,1.);
#2117=VECTOR('',#3543,1.);
#2118=VECTOR('',#3546,1.);
#2119=VECTOR('',#3581,1.);
#2120=VECTOR('',#3586,1.);
#2121=VECTOR('',#3593,1.);
#2122=VECTOR('',#3594,1.);
#2123=VECTOR('',#3597,1.);
#2124=VECTOR('',#3598,1.);
#2125=VECTOR('',#3601,1.);
#2126=VECTOR('',#3602,1.);
#2127=VECTOR('',#3605,1.);
#2128=VECTOR('',#3606,1.);
#2129=VECTOR('',#3617,1.);
#2130=VECTOR('',#3618,1.);
#2131=VECTOR('',#3621,1.);
#2132=VECTOR('',#3622,1.);
#2133=VECTOR('',#3625,1.);
#2134=VECTOR('',#3626,1.);
#2135=VECTOR('',#3629,1.);
#2136=VECTOR('',#3630,1.);
#2137=EDGE_LOOP('',(#81,#82,#83,#84,#85,#86,#87,#88));
#2138=EDGE_LOOP('',(#89,#90,#91,#92,#93,#94,#95,#96,#97,#98,#99,#100,#101,
#102));
#2139=EDGE_LOOP('',(#103,#104,#105,#106));
#2140=EDGE_LOOP('',(#107,#108,#109,#110));
#2141=EDGE_LOOP('',(#111,#112,#113,#114));
#2142=EDGE_LOOP('',(#115,#116,#117,#118));
#2143=EDGE_LOOP('',(#119,#120,#121,#122));
#2144=EDGE_LOOP('',(#123,#124,#125,#126));
#2145=EDGE_LOOP('',(#127,#128,#129,#130));
#2146=EDGE_LOOP('',(#131,#132,#133,#134));
#2147=EDGE_LOOP('',(#135,#136,#137,#138));
#2148=EDGE_LOOP('',(#139,#140,#141,#142));
#2149=EDGE_LOOP('',(#143,#144,#145,#146));
#2150=EDGE_LOOP('',(#147,#148,#149,#150));
#2151=EDGE_LOOP('',(#151,#152,#153,#154));
#2152=EDGE_LOOP('',(#155,#156,#157,#158));
#2153=EDGE_LOOP('',(#159));
#2154=EDGE_LOOP('',(#160));
#2155=EDGE_LOOP('',(#161));
#2156=EDGE_LOOP('',(#162));
#2157=EDGE_LOOP('',(#163,#164,#165,#166));
#2158=EDGE_LOOP('',(#167,#168,#169,#170));
#2159=EDGE_LOOP('',(#171,#172,#173,#174));
#2160=EDGE_LOOP('',(#175,#176,#177,#178));
#2161=EDGE_LOOP('',(#179,#180,#181,#182));
#2162=EDGE_LOOP('',(#183,#184,#185,#186));
#2163=EDGE_LOOP('',(#187,#188,#189,#190));
#2164=EDGE_LOOP('',(#191,#192,#193,#194,#195,#196,#197,#198));
#2165=EDGE_LOOP('',(#199,#200,#201,#202,#203,#204));
#2166=EDGE_LOOP('',(#205,#206,#207,#208,#209,#210));
#2167=EDGE_LOOP('',(#211,#212,#213,#214,#215,#216));
#2168=EDGE_LOOP('',(#217,#218,#219,#220,#221,#222));
#2169=EDGE_LOOP('',(#223,#224,#225,#226,#227,#228));
#2170=EDGE_LOOP('',(#229,#230,#231,#232,#233,#234));
#2171=EDGE_LOOP('',(#235,#236,#237,#238));
#2172=EDGE_LOOP('',(#239,#240,#241,#242));
#2173=EDGE_LOOP('',(#243,#244,#245,#246));
#2174=EDGE_LOOP('',(#247,#248,#249,#250));
#2175=EDGE_LOOP('',(#251,#252,#253,#254));
#2176=EDGE_LOOP('',(#255,#256,#257,#258));
#2177=EDGE_LOOP('',(#259,#260,#261,#262));
#2178=EDGE_LOOP('',(#263,#264,#265,#266));
#2179=EDGE_LOOP('',(#267,#268,#269,#270));
#2180=EDGE_LOOP('',(#271,#272,#273,#274));
#2181=EDGE_LOOP('',(#275,#276,#277,#278));
#2182=EDGE_LOOP('',(#279,#280,#281,#282));
#2183=EDGE_LOOP('',(#283,#284,#285,#286));
#2184=EDGE_LOOP('',(#287,#288,#289,#290));
#2185=EDGE_LOOP('',(#291,#292,#293,#294));
#2186=EDGE_LOOP('',(#295,#296,#297,#298));
#2187=EDGE_LOOP('',(#299,#300,#301,#302));
#2188=EDGE_LOOP('',(#303,#304,#305,#306));
#2189=EDGE_LOOP('',(#307,#308,#309,#310));
#2190=EDGE_LOOP('',(#311,#312,#313,#314));
#2191=EDGE_LOOP('',(#315,#316,#317,#318));
#2192=EDGE_LOOP('',(#319,#320,#321,#322));
#2193=EDGE_LOOP('',(#323,#324,#325,#326));
#2194=EDGE_LOOP('',(#327,#328,#329,#330));
#2195=EDGE_LOOP('',(#331,#332,#333,#334));
#2196=EDGE_LOOP('',(#335,#336,#337,#338));
#2197=EDGE_LOOP('',(#339,#340,#341,#342));
#2198=EDGE_LOOP('',(#343,#344,#345,#346));
#2199=EDGE_LOOP('',(#347,#348,#349,#350));
#2200=EDGE_LOOP('',(#351,#352,#353,#354));
#2201=EDGE_LOOP('',(#355,#356,#357,#358));
#2202=EDGE_LOOP('',(#359,#360,#361,#362));
#2203=EDGE_LOOP('',(#363,#364,#365,#366));
#2204=EDGE_LOOP('',(#367,#368,#369,#370));
#2205=EDGE_LOOP('',(#371,#372,#373,#374));
#2206=EDGE_LOOP('',(#375,#376,#377,#378));
#2207=EDGE_LOOP('',(#379,#380,#381,#382));
#2208=EDGE_LOOP('',(#383,#384,#385,#386));
#2209=EDGE_LOOP('',(#387,#388,#389,#390));
#2210=EDGE_LOOP('',(#391,#392,#393,#394));
#2211=EDGE_LOOP('',(#395,#396,#397,#398));
#2212=EDGE_LOOP('',(#399,#400,#401,#402));
#2213=EDGE_LOOP('',(#403,#404,#405,#406));
#2214=EDGE_LOOP('',(#407,#408,#409,#410));
#2215=EDGE_LOOP('',(#411,#412,#413,#414));
#2216=EDGE_LOOP('',(#415,#416,#417,#418));
#2217=EDGE_LOOP('',(#419,#420,#421,#422));
#2218=EDGE_LOOP('',(#423,#424,#425,#426));
#2219=EDGE_LOOP('',(#427,#428,#429,#430));
#2220=EDGE_LOOP('',(#431,#432,#433,#434));
#2221=EDGE_LOOP('',(#435,#436,#437,#438));
#2222=EDGE_LOOP('',(#439,#440,#441,#442));
#2223=EDGE_LOOP('',(#443,#444,#445,#446));
#2224=EDGE_LOOP('',(#447,#448,#449,#450));
#2225=EDGE_LOOP('',(#451,#452,#453,#454));
#2226=EDGE_LOOP('',(#455,#456,#457,#458));
#2227=EDGE_LOOP('',(#459,#460,#461,#462));
#2228=EDGE_LOOP('',(#463,#464,#465,#466));
#2229=EDGE_LOOP('',(#467,#468,#469,#470));
#2230=EDGE_LOOP('',(#471,#472,#473,#474));
#2231=EDGE_LOOP('',(#475,#476,#477,#478));
#2232=EDGE_LOOP('',(#479,#480,#481,#482));
#2233=EDGE_LOOP('',(#483,#484,#485,#486));
#2234=EDGE_LOOP('',(#487,#488,#489,#490));
#2235=EDGE_LOOP('',(#491,#492,#493,#494));
#2236=EDGE_LOOP('',(#495,#496,#497,#498));
#2237=EDGE_LOOP('',(#499,#500,#501,#502));
#2238=EDGE_LOOP('',(#503,#504,#505,#506));
#2239=EDGE_LOOP('',(#507,#508,#509,#510));
#2240=EDGE_LOOP('',(#511,#512,#513,#514,#515,#516));
#2241=EDGE_LOOP('',(#517,#518,#519,#520));
#2242=EDGE_LOOP('',(#521,#522,#523,#524));
#2243=EDGE_LOOP('',(#525,#526,#527,#528));
#2244=EDGE_LOOP('',(#529,#530,#531,#532));
#2245=EDGE_LOOP('',(#533,#534,#535,#536));
#2246=EDGE_LOOP('',(#537,#538,#539,#540));
#2247=EDGE_LOOP('',(#541,#542,#543,#544));
#2248=EDGE_LOOP('',(#545));
#2249=EDGE_LOOP('',(#546));
#2250=EDGE_LOOP('',(#547));
#2251=EDGE_LOOP('',(#548));
#2252=EDGE_LOOP('',(#549));
#2253=EDGE_LOOP('',(#550));
#2254=EDGE_LOOP('',(#551));
#2255=EDGE_LOOP('',(#552));
#2256=EDGE_LOOP('',(#553,#554,#555,#556));
#2257=EDGE_LOOP('',(#557,#558,#559,#560));
#2258=EDGE_LOOP('',(#561,#562,#563,#564));
#2259=EDGE_LOOP('',(#565,#566,#567,#568));
#2260=EDGE_LOOP('',(#569,#570,#571,#572));
#2261=EDGE_LOOP('',(#573,#574,#575,#576));
#2262=EDGE_LOOP('',(#577,#578,#579,#580));
#2263=EDGE_LOOP('',(#581,#582,#583,#584));
#2264=EDGE_LOOP('',(#585,#586,#587,#588));
#2265=EDGE_LOOP('',(#589,#590,#591,#592));
#2266=EDGE_LOOP('',(#593,#594,#595,#596));
#2267=EDGE_LOOP('',(#597,#598,#599,#600));
#2268=EDGE_LOOP('',(#601,#602,#603,#604));
#2269=EDGE_LOOP('',(#605,#606,#607,#608));
#2270=EDGE_LOOP('',(#609,#610,#611,#612));
#2271=EDGE_LOOP('',(#613,#614,#615,#616,#617,#618));
#2272=EDGE_LOOP('',(#619,#620,#621,#622,#623,#624,#625,#626,#627,#628,#629,
#630,#631,#632));
#2273=EDGE_LOOP('',(#633,#634,#635,#636));
#2274=EDGE_LOOP('',(#637,#638,#639,#640));
#2275=EDGE_LOOP('',(#641,#642,#643,#644));
#2276=EDGE_LOOP('',(#645,#646,#647,#648));
#2277=EDGE_LOOP('',(#649,#650,#651,#652));
#2278=EDGE_LOOP('',(#653,#654,#655,#656));
#2279=EDGE_LOOP('',(#657,#658,#659,#660));
#2280=EDGE_LOOP('',(#661,#662,#663,#664));
#2281=EDGE_LOOP('',(#665,#666,#667,#668));
#2282=EDGE_LOOP('',(#669,#670,#671,#672));
#2283=EDGE_LOOP('',(#673,#674,#675,#676));
#2284=EDGE_LOOP('',(#677,#678,#679,#680));
#2285=EDGE_LOOP('',(#681,#682,#683,#684));
#2286=EDGE_LOOP('',(#685,#686,#687,#688));
#2287=EDGE_LOOP('',(#689));
#2288=EDGE_LOOP('',(#690));
#2289=EDGE_LOOP('',(#691));
#2290=EDGE_LOOP('',(#692));
#2291=EDGE_LOOP('',(#693,#694,#695,#696));
#2292=EDGE_LOOP('',(#697,#698,#699,#700));
#2293=EDGE_LOOP('',(#701,#702,#703,#704));
#2294=EDGE_LOOP('',(#705,#706,#707,#708));
#2295=EDGE_LOOP('',(#709,#710,#711,#712));
#2296=EDGE_LOOP('',(#713,#714,#715,#716));
#2297=EDGE_LOOP('',(#717,#718,#719,#720));
#2298=EDGE_LOOP('',(#721,#722,#723,#724));
#2299=EDGE_LOOP('',(#725,#726,#727,#728));
#2300=EDGE_LOOP('',(#729,#730,#731,#732));
#2301=EDGE_LOOP('',(#733,#734,#735,#736));
#2302=EDGE_LOOP('',(#737,#738,#739,#740));
#2303=EDGE_LOOP('',(#741,#742,#743,#744));
#2304=EDGE_LOOP('',(#745,#746,#747,#748));
#2305=EDGE_LOOP('',(#749,#750,#751,#752));
#2306=EDGE_LOOP('',(#753,#754,#755,#756));
#2307=EDGE_LOOP('',(#757,#758,#759,#760));
#2308=EDGE_LOOP('',(#761,#762,#763,#764));
#2309=EDGE_LOOP('',(#765,#766,#767,#768));
#2310=EDGE_LOOP('',(#769,#770,#771,#772));
#2311=EDGE_LOOP('',(#773,#774,#775,#776));
#2312=EDGE_LOOP('',(#777,#778,#779,#780));
#2313=EDGE_LOOP('',(#781,#782,#783,#784,#785));
#2314=EDGE_LOOP('',(#786,#787,#788,#789,#790));
#2315=EDGE_LOOP('',(#791,#792,#793,#794,#795));
#2316=EDGE_LOOP('',(#796,#797,#798,#799,#800));
#2317=EDGE_LOOP('',(#801,#802,#803,#804));
#2318=EDGE_LOOP('',(#805,#806,#807,#808));
#2319=EDGE_LOOP('',(#809,#810,#811,#812));
#2320=EDGE_LOOP('',(#813,#814,#815,#816));
#2321=EDGE_LOOP('',(#817,#818,#819,#820,#821,#822));
#2322=EDGE_LOOP('',(#823,#824,#825,#826,#827,#828));
#2323=EDGE_LOOP('',(#829,#830,#831,#832,#833,#834));
#2324=EDGE_LOOP('',(#835,#836,#837,#838,#839,#840));
#2325=FACE_BOUND('',#2137,.T.);
#2326=FACE_BOUND('',#2138,.T.);
#2327=FACE_BOUND('',#2139,.T.);
#2328=FACE_BOUND('',#2140,.T.);
#2329=FACE_BOUND('',#2141,.T.);
#2330=FACE_BOUND('',#2142,.T.);
#2331=FACE_BOUND('',#2143,.T.);
#2332=FACE_BOUND('',#2144,.T.);
#2333=FACE_BOUND('',#2145,.T.);
#2334=FACE_BOUND('',#2146,.T.);
#2335=FACE_BOUND('',#2147,.T.);
#2336=FACE_BOUND('',#2148,.T.);
#2337=FACE_BOUND('',#2149,.T.);
#2338=FACE_BOUND('',#2150,.T.);
#2339=FACE_BOUND('',#2151,.T.);
#2340=FACE_BOUND('',#2152,.T.);
#2341=FACE_BOUND('',#2153,.T.);
#2342=FACE_BOUND('',#2154,.T.);
#2343=FACE_BOUND('',#2155,.T.);
#2344=FACE_BOUND('',#2156,.T.);
#2345=FACE_BOUND('',#2157,.T.);
#2346=FACE_BOUND('',#2158,.T.);
#2347=FACE_BOUND('',#2159,.T.);
#2348=FACE_BOUND('',#2160,.T.);
#2349=FACE_BOUND('',#2161,.T.);
#2350=FACE_BOUND('',#2162,.T.);
#2351=FACE_BOUND('',#2163,.T.);
#2352=FACE_BOUND('',#2164,.T.);
#2353=FACE_BOUND('',#2165,.T.);
#2354=FACE_BOUND('',#2166,.T.);
#2355=FACE_BOUND('',#2167,.T.);
#2356=FACE_BOUND('',#2168,.T.);
#2357=FACE_BOUND('',#2169,.T.);
#2358=FACE_BOUND('',#2170,.T.);
#2359=FACE_BOUND('',#2171,.T.);
#2360=FACE_BOUND('',#2172,.T.);
#2361=FACE_BOUND('',#2173,.T.);
#2362=FACE_BOUND('',#2174,.T.);
#2363=FACE_BOUND('',#2175,.T.);
#2364=FACE_BOUND('',#2176,.T.);
#2365=FACE_BOUND('',#2177,.T.);
#2366=FACE_BOUND('',#2178,.T.);
#2367=FACE_BOUND('',#2179,.T.);
#2368=FACE_BOUND('',#2180,.T.);
#2369=FACE_BOUND('',#2181,.T.);
#2370=FACE_BOUND('',#2182,.T.);
#2371=FACE_BOUND('',#2183,.T.);
#2372=FACE_BOUND('',#2184,.T.);
#2373=FACE_BOUND('',#2185,.T.);
#2374=FACE_BOUND('',#2186,.T.);
#2375=FACE_BOUND('',#2187,.T.);
#2376=FACE_BOUND('',#2188,.T.);
#2377=FACE_BOUND('',#2189,.T.);
#2378=FACE_BOUND('',#2190,.T.);
#2379=FACE_BOUND('',#2191,.T.);
#2380=FACE_BOUND('',#2192,.T.);
#2381=FACE_BOUND('',#2193,.T.);
#2382=FACE_BOUND('',#2194,.T.);
#2383=FACE_BOUND('',#2195,.T.);
#2384=FACE_BOUND('',#2196,.T.);
#2385=FACE_BOUND('',#2197,.T.);
#2386=FACE_BOUND('',#2198,.T.);
#2387=FACE_BOUND('',#2199,.T.);
#2388=FACE_BOUND('',#2200,.T.);
#2389=FACE_BOUND('',#2201,.T.);
#2390=FACE_BOUND('',#2202,.T.);
#2391=FACE_BOUND('',#2203,.T.);
#2392=FACE_BOUND('',#2204,.T.);
#2393=FACE_BOUND('',#2205,.T.);
#2394=FACE_BOUND('',#2206,.T.);
#2395=FACE_BOUND('',#2207,.T.);
#2396=FACE_BOUND('',#2208,.T.);
#2397=FACE_BOUND('',#2209,.T.);
#2398=FACE_BOUND('',#2210,.T.);
#2399=FACE_BOUND('',#2211,.T.);
#2400=FACE_BOUND('',#2212,.T.);
#2401=FACE_BOUND('',#2213,.T.);
#2402=FACE_BOUND('',#2214,.T.);
#2403=FACE_BOUND('',#2215,.T.);
#2404=FACE_BOUND('',#2216,.T.);
#2405=FACE_BOUND('',#2217,.T.);
#2406=FACE_BOUND('',#2218,.T.);
#2407=FACE_BOUND('',#2219,.T.);
#2408=FACE_BOUND('',#2220,.T.);
#2409=FACE_BOUND('',#2221,.T.);
#2410=FACE_BOUND('',#2222,.T.);
#2411=FACE_BOUND('',#2223,.T.);
#2412=FACE_BOUND('',#2224,.T.);
#2413=FACE_BOUND('',#2225,.T.);
#2414=FACE_BOUND('',#2226,.T.);
#2415=FACE_BOUND('',#2227,.T.);
#2416=FACE_BOUND('',#2228,.T.);
#2417=FACE_BOUND('',#2229,.T.);
#2418=FACE_BOUND('',#2230,.T.);
#2419=FACE_BOUND('',#2231,.T.);
#2420=FACE_BOUND('',#2232,.T.);
#2421=FACE_BOUND('',#2233,.T.);
#2422=FACE_BOUND('',#2234,.T.);
#2423=FACE_BOUND('',#2235,.T.);
#2424=FACE_BOUND('',#2236,.T.);
#2425=FACE_BOUND('',#2237,.T.);
#2426=FACE_BOUND('',#2238,.T.);
#2427=FACE_BOUND('',#2239,.T.);
#2428=FACE_BOUND('',#2240,.T.);
#2429=FACE_BOUND('',#2241,.T.);
#2430=FACE_BOUND('',#2242,.T.);
#2431=FACE_BOUND('',#2243,.T.);
#2432=FACE_BOUND('',#2244,.T.);
#2433=FACE_BOUND('',#2245,.T.);
#2434=FACE_BOUND('',#2246,.T.);
#2435=FACE_BOUND('',#2247,.T.);
#2436=FACE_BOUND('',#2248,.T.);
#2437=FACE_BOUND('',#2249,.T.);
#2438=FACE_BOUND('',#2250,.T.);
#2439=FACE_BOUND('',#2251,.T.);
#2440=FACE_BOUND('',#2252,.T.);
#2441=FACE_BOUND('',#2253,.T.);
#2442=FACE_BOUND('',#2254,.T.);
#2443=FACE_BOUND('',#2255,.T.);
#2444=FACE_BOUND('',#2256,.T.);
#2445=FACE_BOUND('',#2257,.T.);
#2446=FACE_BOUND('',#2258,.T.);
#2447=FACE_BOUND('',#2259,.T.);
#2448=FACE_BOUND('',#2260,.T.);
#2449=FACE_BOUND('',#2261,.T.);
#2450=FACE_BOUND('',#2262,.T.);
#2451=FACE_BOUND('',#2263,.T.);
#2452=FACE_BOUND('',#2264,.T.);
#2453=FACE_BOUND('',#2265,.T.);
#2454=FACE_BOUND('',#2266,.T.);
#2455=FACE_BOUND('',#2267,.T.);
#2456=FACE_BOUND('',#2268,.T.);
#2457=FACE_BOUND('',#2269,.T.);
#2458=FACE_BOUND('',#2270,.T.);
#2459=FACE_BOUND('',#2271,.T.);
#2460=FACE_BOUND('',#2272,.T.);
#2461=FACE_BOUND('',#2273,.T.);
#2462=FACE_BOUND('',#2274,.T.);
#2463=FACE_BOUND('',#2275,.T.);
#2464=FACE_BOUND('',#2276,.T.);
#2465=FACE_BOUND('',#2277,.T.);
#2466=FACE_BOUND('',#2278,.T.);
#2467=FACE_BOUND('',#2279,.T.);
#2468=FACE_BOUND('',#2280,.T.);
#2469=FACE_BOUND('',#2281,.T.);
#2470=FACE_BOUND('',#2282,.T.);
#2471=FACE_BOUND('',#2283,.T.);
#2472=FACE_BOUND('',#2284,.T.);
#2473=FACE_BOUND('',#2285,.T.);
#2474=FACE_BOUND('',#2286,.T.);
#2475=FACE_BOUND('',#2287,.T.);
#2476=FACE_BOUND('',#2288,.T.);
#2477=FACE_BOUND('',#2289,.T.);
#2478=FACE_BOUND('',#2290,.T.);
#2479=FACE_BOUND('',#2291,.T.);
#2480=FACE_BOUND('',#2292,.T.);
#2481=FACE_BOUND('',#2293,.T.);
#2482=FACE_BOUND('',#2294,.T.);
#2483=FACE_BOUND('',#2295,.T.);
#2484=FACE_BOUND('',#2296,.T.);
#2485=FACE_BOUND('',#2297,.T.);
#2486=FACE_BOUND('',#2298,.T.);
#2487=FACE_BOUND('',#2299,.T.);
#2488=FACE_BOUND('',#2300,.T.);
#2489=FACE_BOUND('',#2301,.T.);
#2490=FACE_BOUND('',#2302,.T.);
#2491=FACE_BOUND('',#2303,.T.);
#2492=FACE_BOUND('',#2304,.T.);
#2493=FACE_BOUND('',#2305,.T.);
#2494=FACE_BOUND('',#2306,.T.);
#2495=FACE_BOUND('',#2307,.T.);
#2496=FACE_BOUND('',#2308,.T.);
#2497=FACE_BOUND('',#2309,.T.);
#2498=FACE_BOUND('',#2310,.T.);
#2499=FACE_BOUND('',#2311,.T.);
#2500=FACE_BOUND('',#2312,.T.);
#2501=FACE_BOUND('',#2313,.T.);
#2502=FACE_BOUND('',#2314,.T.);
#2503=FACE_BOUND('',#2315,.T.);
#2504=FACE_BOUND('',#2316,.T.);
#2505=FACE_BOUND('',#2317,.T.);
#2506=FACE_BOUND('',#2318,.T.);
#2507=FACE_BOUND('',#2319,.T.);
#2508=FACE_BOUND('',#2320,.T.);
#2509=FACE_BOUND('',#2321,.T.);
#2510=FACE_BOUND('',#2322,.T.);
#2511=FACE_BOUND('',#2323,.T.);
#2512=FACE_BOUND('',#2324,.T.);
#2513=PLANE('',#2767);
#2514=PLANE('',#2787);
#2515=PLANE('',#2790);
#2516=PLANE('',#2793);
#2517=PLANE('',#2796);
#2518=PLANE('',#2799);
#2519=PLANE('',#2802);
#2520=PLANE('',#2805);
#2521=PLANE('',#2806);
#2522=PLANE('',#2807);
#2523=PLANE('',#2808);
#2524=PLANE('',#2809);
#2525=PLANE('',#2810);
#2526=PLANE('',#2811);
#2527=PLANE('',#2812);
#2528=PLANE('',#2813);
#2529=PLANE('',#2814);
#2530=PLANE('',#2815);
#2531=PLANE('',#2816);
#2532=PLANE('',#2817);
#2533=PLANE('',#2818);
#2534=PLANE('',#2819);
#2535=PLANE('',#2820);
#2536=PLANE('',#2821);
#2537=PLANE('',#2822);
#2538=PLANE('',#2823);
#2539=PLANE('',#2824);
#2540=PLANE('',#2825);
#2541=PLANE('',#2826);
#2542=PLANE('',#2827);
#2543=PLANE('',#2828);
#2544=PLANE('',#2829);
#2545=PLANE('',#2830);
#2546=PLANE('',#2831);
#2547=PLANE('',#2832);
#2548=PLANE('',#2833);
#2549=PLANE('',#2834);
#2550=PLANE('',#2835);
#2551=PLANE('',#2836);
#2552=PLANE('',#2837);
#2553=PLANE('',#2838);
#2554=PLANE('',#2839);
#2555=PLANE('',#2840);
#2556=PLANE('',#2841);
#2557=PLANE('',#2842);
#2558=PLANE('',#2843);
#2559=PLANE('',#2844);
#2560=PLANE('',#2845);
#2561=PLANE('',#2846);
#2562=PLANE('',#2847);
#2563=PLANE('',#2848);
#2564=PLANE('',#2849);
#2565=PLANE('',#2850);
#2566=PLANE('',#2851);
#2567=PLANE('',#2852);
#2568=PLANE('',#2853);
#2569=PLANE('',#2854);
#2570=PLANE('',#2855);
#2571=PLANE('',#2856);
#2572=PLANE('',#2857);
#2573=PLANE('',#2858);
#2574=PLANE('',#2859);
#2575=PLANE('',#2860);
#2576=PLANE('',#2861);
#2577=PLANE('',#2862);
#2578=PLANE('',#2863);
#2579=PLANE('',#2864);
#2580=PLANE('',#2865);
#2581=PLANE('',#2866);
#2582=PLANE('',#2867);
#2583=PLANE('',#2868);
#2584=PLANE('',#2869);
#2585=PLANE('',#2870);
#2586=PLANE('',#2871);
#2587=PLANE('',#2872);
#2588=PLANE('',#2873);
#2589=PLANE('',#2874);
#2590=PLANE('',#2877);
#2591=PLANE('',#2878);
#2592=PLANE('',#2879);
#2593=PLANE('',#2880);
#2594=PLANE('',#2881);
#2595=PLANE('',#2882);
#2596=PLANE('',#2883);
#2597=PLANE('',#2892);
#2598=PLANE('',#2893);
#2599=PLANE('',#2894);
#2600=PLANE('',#2895);
#2601=PLANE('',#2896);
#2602=PLANE('',#2897);
#2603=PLANE('',#2898);
#2604=PLANE('',#2899);
#2605=PLANE('',#2900);
#2606=PLANE('',#2901);
#2607=PLANE('',#2902);
#2608=PLANE('',#2903);
#2609=PLANE('',#2904);
#2610=PLANE('',#2905);
#2611=PLANE('',#2906);
#2612=PLANE('',#2907);
#2613=PLANE('',#2910);
#2614=PLANE('',#2925);
#2615=PLANE('',#2928);
#2616=PLANE('',#2931);
#2617=PLANE('',#2932);
#2618=PLANE('',#2933);
#2619=PLANE('',#2934);
#2620=PLANE('',#2939);
#2621=PLANE('',#2940);
#2622=PLANE('',#2941);
#2623=PLANE('',#2942);
#2624=ADVANCED_FACE('',(#2325,#2326,#2327,#2328,#2329,#2330,#2331,#2332,
#2333,#2334,#2335,#2336,#2337,#2338,#2339,#2340,#2341,#2342,#2343,#2344,
#2345,#2346,#2347,#2348,#2349,#2350,#2351,#2352),#2513,.F.);
#2625=ADVANCED_FACE('',(#2353),#2514,.F.);
#2626=ADVANCED_FACE('',(#2354),#2515,.F.);
#2627=ADVANCED_FACE('',(#2355),#2516,.F.);
#2628=ADVANCED_FACE('',(#2356),#2517,.F.);
#2629=ADVANCED_FACE('',(#2357),#2518,.F.);
#2630=ADVANCED_FACE('',(#2358),#2519,.F.);
#2631=ADVANCED_FACE('',(#2359),#2520,.F.);
#2632=ADVANCED_FACE('',(#2360),#2521,.F.);
#2633=ADVANCED_FACE('',(#2361),#2522,.F.);
#2634=ADVANCED_FACE('',(#2362),#2523,.F.);
#2635=ADVANCED_FACE('',(#2363),#2524,.F.);
#2636=ADVANCED_FACE('',(#2364),#2525,.F.);
#2637=ADVANCED_FACE('',(#2365),#2526,.F.);
#2638=ADVANCED_FACE('',(#2366),#2527,.F.);
#2639=ADVANCED_FACE('',(#2367),#2528,.F.);
#2640=ADVANCED_FACE('',(#2368),#2529,.F.);
#2641=ADVANCED_FACE('',(#2369),#2530,.F.);
#2642=ADVANCED_FACE('',(#2370),#2531,.F.);
#2643=ADVANCED_FACE('',(#2371),#2532,.F.);
#2644=ADVANCED_FACE('',(#2372),#2533,.F.);
#2645=ADVANCED_FACE('',(#2373),#2534,.F.);
#2646=ADVANCED_FACE('',(#2374),#2535,.F.);
#2647=ADVANCED_FACE('',(#2375),#2536,.F.);
#2648=ADVANCED_FACE('',(#2376),#2537,.F.);
#2649=ADVANCED_FACE('',(#2377),#2538,.T.);
#2650=ADVANCED_FACE('',(#2378),#2539,.F.);
#2651=ADVANCED_FACE('',(#2379),#2540,.F.);
#2652=ADVANCED_FACE('',(#2380),#2541,.T.);
#2653=ADVANCED_FACE('',(#2381),#2542,.T.);
#2654=ADVANCED_FACE('',(#2382),#2543,.T.);
#2655=ADVANCED_FACE('',(#2383),#2544,.T.);
#2656=ADVANCED_FACE('',(#2384),#2545,.T.);
#2657=ADVANCED_FACE('',(#2385),#2546,.T.);
#2658=ADVANCED_FACE('',(#2386),#2547,.T.);
#2659=ADVANCED_FACE('',(#2387),#2548,.T.);
#2660=ADVANCED_FACE('',(#2388),#2549,.T.);
#2661=ADVANCED_FACE('',(#2389),#2550,.T.);
#2662=ADVANCED_FACE('',(#2390),#2551,.T.);
#2663=ADVANCED_FACE('',(#2391),#2552,.T.);
#2664=ADVANCED_FACE('',(#2392),#2553,.T.);
#2665=ADVANCED_FACE('',(#2393),#2554,.T.);
#2666=ADVANCED_FACE('',(#2394),#2555,.T.);
#2667=ADVANCED_FACE('',(#2395),#2556,.T.);
#2668=ADVANCED_FACE('',(#2396),#2557,.T.);
#2669=ADVANCED_FACE('',(#2397),#2558,.T.);
#2670=ADVANCED_FACE('',(#2398),#2559,.T.);
#2671=ADVANCED_FACE('',(#2399),#2560,.T.);
#2672=ADVANCED_FACE('',(#2400),#2561,.T.);
#2673=ADVANCED_FACE('',(#2401),#2562,.T.);
#2674=ADVANCED_FACE('',(#2402),#2563,.T.);
#2675=ADVANCED_FACE('',(#2403),#2564,.T.);
#2676=ADVANCED_FACE('',(#2404),#2565,.T.);
#2677=ADVANCED_FACE('',(#2405),#2566,.F.);
#2678=ADVANCED_FACE('',(#2406),#2567,.T.);
#2679=ADVANCED_FACE('',(#2407),#2568,.T.);
#2680=ADVANCED_FACE('',(#2408),#2569,.T.);
#2681=ADVANCED_FACE('',(#2409),#2570,.T.);
#2682=ADVANCED_FACE('',(#2410),#2571,.T.);
#2683=ADVANCED_FACE('',(#2411),#2572,.T.);
#2684=ADVANCED_FACE('',(#2412),#2573,.T.);
#2685=ADVANCED_FACE('',(#2413),#2574,.T.);
#2686=ADVANCED_FACE('',(#2414),#2575,.T.);
#2687=ADVANCED_FACE('',(#2415),#2576,.T.);
#2688=ADVANCED_FACE('',(#2416),#2577,.T.);
#2689=ADVANCED_FACE('',(#2417),#2578,.T.);
#2690=ADVANCED_FACE('',(#2418),#2579,.T.);
#2691=ADVANCED_FACE('',(#2419),#2580,.T.);
#2692=ADVANCED_FACE('',(#2420),#2581,.T.);
#2693=ADVANCED_FACE('',(#2421),#2582,.T.);
#2694=ADVANCED_FACE('',(#2422),#2583,.T.);
#2695=ADVANCED_FACE('',(#2423),#2584,.T.);
#2696=ADVANCED_FACE('',(#2424),#2585,.F.);
#2697=ADVANCED_FACE('',(#2425),#2586,.T.);
#2698=ADVANCED_FACE('',(#2426),#2587,.T.);
#2699=ADVANCED_FACE('',(#2427),#2588,.T.);
#2700=ADVANCED_FACE('',(#2428),#2589,.T.);
#2701=ADVANCED_FACE('',(#2429),#2590,.F.);
#2702=ADVANCED_FACE('',(#2430),#2591,.F.);
#2703=ADVANCED_FACE('',(#2431),#2592,.F.);
#2704=ADVANCED_FACE('',(#2432),#2593,.F.);
#2705=ADVANCED_FACE('',(#2433),#2594,.F.);
#2706=ADVANCED_FACE('',(#2434),#2595,.F.);
#2707=ADVANCED_FACE('',(#2435),#2596,.T.);
#2708=ADVANCED_FACE('',(#2436,#2437),#12,.F.);
#2709=ADVANCED_FACE('',(#2438,#2439),#13,.F.);
#2710=ADVANCED_FACE('',(#2440,#2441),#14,.F.);
#2711=ADVANCED_FACE('',(#2442,#2443),#15,.F.);
#2712=ADVANCED_FACE('',(#2444),#2597,.T.);
#2713=ADVANCED_FACE('',(#2445),#2598,.T.);
#2714=ADVANCED_FACE('',(#2446),#2599,.T.);
#2715=ADVANCED_FACE('',(#2447),#2600,.T.);
#2716=ADVANCED_FACE('',(#2448),#2601,.T.);
#2717=ADVANCED_FACE('',(#2449),#2602,.T.);
#2718=ADVANCED_FACE('',(#2450),#2603,.T.);
#2719=ADVANCED_FACE('',(#2451),#2604,.T.);
#2720=ADVANCED_FACE('',(#2452),#2605,.T.);
#2721=ADVANCED_FACE('',(#2453),#2606,.T.);
#2722=ADVANCED_FACE('',(#2454),#2607,.T.);
#2723=ADVANCED_FACE('',(#2455),#2608,.T.);
#2724=ADVANCED_FACE('',(#2456),#2609,.T.);
#2725=ADVANCED_FACE('',(#2457),#2610,.T.);
#2726=ADVANCED_FACE('',(#2458),#2611,.T.);
#2727=ADVANCED_FACE('',(#2459),#2612,.F.);
#2728=ADVANCED_FACE('',(#2460,#2461,#2462,#2463,#2464,#2465,#2466,#2467,
#2468,#2469,#2470,#2471,#2472,#2473,#2474,#2475,#2476,#2477,#2478,#2479,
#2480,#2481,#2482,#2483,#2484,#2485,#2486,#2487),#2613,.T.);
#2729=ADVANCED_FACE('',(#2488),#16,.T.);
#2730=ADVANCED_FACE('',(#2489),#17,.T.);
#2731=ADVANCED_FACE('',(#2490),#18,.T.);
#2732=ADVANCED_FACE('',(#2491),#19,.T.);
#2733=ADVANCED_FACE('',(#2492),#20,.T.);
#2734=ADVANCED_FACE('',(#2493),#21,.T.);
#2735=ADVANCED_FACE('',(#2494),#22,.T.);
#2736=ADVANCED_FACE('',(#2495),#2614,.T.);
#2737=ADVANCED_FACE('',(#2496),#2615,.F.);
#2738=ADVANCED_FACE('',(#2497),#2616,.T.);
#2739=ADVANCED_FACE('',(#2498),#2617,.F.);
#2740=ADVANCED_FACE('',(#2499),#2618,.T.);
#2741=ADVANCED_FACE('',(#2500),#2619,.F.);
#2742=ADVANCED_FACE('',(#2501),#23,.F.);
#2743=ADVANCED_FACE('',(#2502),#24,.F.);
#2744=ADVANCED_FACE('',(#2503),#25,.F.);
#2745=ADVANCED_FACE('',(#2504),#26,.F.);
#2746=ADVANCED_FACE('',(#2505),#2620,.F.);
#2747=ADVANCED_FACE('',(#2506),#2621,.F.);
#2748=ADVANCED_FACE('',(#2507),#2622,.F.);
#2749=ADVANCED_FACE('',(#2508),#2623,.T.);
#2750=ADVANCED_FACE('',(#2509),#27,.F.);
#2751=ADVANCED_FACE('',(#2510),#28,.F.);
#2752=ADVANCED_FACE('',(#2511),#29,.F.);
#2753=ADVANCED_FACE('',(#2512),#30,.F.);
#2754=CLOSED_SHELL('',(#2624,#2625,#2626,#2627,#2628,#2629,#2630,#2631,
#2632,#2633,#2634,#2635,#2636,#2637,#2638,#2639,#2640,#2641,#2642,#2643,
#2644,#2645,#2646,#2647,#2648,#2649,#2650,#2651,#2652,#2653,#2654,#2655,
#2656,#2657,#2658,#2659,#2660,#2661,#2662,#2663,#2664,#2665,#2666,#2667,
#2668,#2669,#2670,#2671,#2672,#2673,#2674,#2675,#2676,#2677,#2678,#2679,
#2680,#2681,#2682,#2683,#2684,#2685,#2686,#2687,#2688,#2689,#2690,#2691,
#2692,#2693,#2694,#2695,#2696,#2697,#2698,#2699,#2700,#2701,#2702,#2703,
#2704,#2705,#2706,#2707,#2708,#2709,#2710,#2711,#2712,#2713,#2714,#2715,
#2716,#2717,#2718,#2719,#2720,#2721,#2722,#2723,#2724,#2725,#2726,#2727,
#2728,#2729,#2730,#2731,#2732,#2733,#2734,#2735,#2736,#2737,#2738,#2739,
#2740,#2741,#2742,#2743,#2744,#2745,#2746,#2747,#2748,#2749,#2750,#2751,
#2752,#2753));
#2755=STYLED_ITEM('',(#2756),#2763);
#2756=PRESENTATION_STYLE_ASSIGNMENT((#2757));
#2757=SURFACE_STYLE_USAGE(.BOTH.,#2758);
#2758=SURFACE_SIDE_STYLE('',(#2759));
#2759=SURFACE_STYLE_FILL_AREA(#2760);
#2760=FILL_AREA_STYLE('',(#2761));
#2761=FILL_AREA_STYLE_COLOUR('',#2762);
#2762=COLOUR_RGB('',0.901960784313726,0.901960784313726,0.901960784313726);
#2763=MANIFOLD_SOLID_BREP('Part 1',#2754);
#2764=SHAPE_DEFINITION_REPRESENTATION(#4412,#2765);
#2765=SHAPE_REPRESENTATION('Part 1',(#2766),#4407);
#2766=AXIS2_PLACEMENT_3D('',#3639,#2947,#2948);
#2767=AXIS2_PLACEMENT_3D('',#3640,#2949,#2950);
#2768=AXIS2_PLACEMENT_3D('',#3644,#2952,#2953);
#2769=AXIS2_PLACEMENT_3D('',#3648,#2955,#2956);
#2770=AXIS2_PLACEMENT_3D('',#3652,#2958,#2959);
#2771=AXIS2_PLACEMENT_3D('',#3656,#2961,#2962);
#2772=AXIS2_PLACEMENT_3D('',#3660,#2964,#2965);
#2773=AXIS2_PLACEMENT_3D('',#3664,#2967,#2968);
#2774=AXIS2_PLACEMENT_3D('',#3668,#2970,#2971);
#2775=AXIS2_PLACEMENT_3D('',#3672,#2973,#2974);
#2776=AXIS2_PLACEMENT_3D('',#3676,#2976,#2977);
#2777=AXIS2_PLACEMENT_3D('',#3680,#2979,#2980);
#2778=AXIS2_PLACEMENT_3D('',#3684,#2982,#2983);
#2779=AXIS2_PLACEMENT_3D('',#3797,#3040,#3041);
#2780=AXIS2_PLACEMENT_3D('',#3799,#3042,#3043);
#2781=AXIS2_PLACEMENT_3D('',#3801,#3044,#3045);
#2782=AXIS2_PLACEMENT_3D('',#3803,#3046,#3047);
#2783=AXIS2_PLACEMENT_3D('',#3864,#3077,#3078);
#2784=AXIS2_PLACEMENT_3D('',#3868,#3080,#3081);
#2785=AXIS2_PLACEMENT_3D('',#3872,#3083,#3084);
#2786=AXIS2_PLACEMENT_3D('',#3876,#3086,#3087);
#2787=AXIS2_PLACEMENT_3D('',#3877,#3088,#3089);
#2788=AXIS2_PLACEMENT_3D('',#3881,#3091,#3092);
#2789=AXIS2_PLACEMENT_3D('',#3885,#3094,#3095);
#2790=AXIS2_PLACEMENT_3D('',#3890,#3098,#3099);
#2791=AXIS2_PLACEMENT_3D('',#3891,#3100,#3101);
#2792=AXIS2_PLACEMENT_3D('',#3895,#3103,#3104);
#2793=AXIS2_PLACEMENT_3D('',#3900,#3107,#3108);
#2794=AXIS2_PLACEMENT_3D('',#3901,#3109,#3110);
#2795=AXIS2_PLACEMENT_3D('',#3905,#3112,#3113);
#2796=AXIS2_PLACEMENT_3D('',#3910,#3116,#3117);
#2797=AXIS2_PLACEMENT_3D('',#3914,#3119,#3120);
#2798=AXIS2_PLACEMENT_3D('',#3918,#3122,#3123);
#2799=AXIS2_PLACEMENT_3D('',#3923,#3126,#3127);
#2800=AXIS2_PLACEMENT_3D('',#3924,#3128,#3129);
#2801=AXIS2_PLACEMENT_3D('',#3928,#3131,#3132);
#2802=AXIS2_PLACEMENT_3D('',#3933,#3135,#3136);
#2803=AXIS2_PLACEMENT_3D('',#3934,#3137,#3138);
#2804=AXIS2_PLACEMENT_3D('',#3938,#3140,#3141);
#2805=AXIS2_PLACEMENT_3D('',#3943,#3144,#3145);
#2806=AXIS2_PLACEMENT_3D('',#3949,#3149,#3150);
#2807=AXIS2_PLACEMENT_3D('',#3953,#3153,#3154);
#2808=AXIS2_PLACEMENT_3D('',#3957,#3157,#3158);
#2809=AXIS2_PLACEMENT_3D('',#3963,#3162,#3163);
#2810=AXIS2_PLACEMENT_3D('',#3967,#3166,#3167);
#2811=AXIS2_PLACEMENT_3D('',#3971,#3170,#3171);
#2812=AXIS2_PLACEMENT_3D('',#3977,#3175,#3176);
#2813=AXIS2_PLACEMENT_3D('',#3981,#3179,#3180);
#2814=AXIS2_PLACEMENT_3D('',#3985,#3183,#3184);
#2815=AXIS2_PLACEMENT_3D('',#3991,#3188,#3189);
#2816=AXIS2_PLACEMENT_3D('',#3995,#3192,#3193);
#2817=AXIS2_PLACEMENT_3D('',#3999,#3196,#3197);
#2818=AXIS2_PLACEMENT_3D('',#4005,#3201,#3202);
#2819=AXIS2_PLACEMENT_3D('',#4009,#3205,#3206);
#2820=AXIS2_PLACEMENT_3D('',#4013,#3209,#3210);
#2821=AXIS2_PLACEMENT_3D('',#4019,#3214,#3215);
#2822=AXIS2_PLACEMENT_3D('',#4023,#3218,#3219);
#2823=AXIS2_PLACEMENT_3D('',#4027,#3222,#3223);
#2824=AXIS2_PLACEMENT_3D('',#4033,#3227,#3228);
#2825=AXIS2_PLACEMENT_3D('',#4037,#3231,#3232);
#2826=AXIS2_PLACEMENT_3D('',#4041,#3235,#3236);
#2827=AXIS2_PLACEMENT_3D('',#4047,#3240,#3241);
#2828=AXIS2_PLACEMENT_3D('',#4051,#3244,#3245);
#2829=AXIS2_PLACEMENT_3D('',#4055,#3248,#3249);
#2830=AXIS2_PLACEMENT_3D('',#4061,#3253,#3254);
#2831=AXIS2_PLACEMENT_3D('',#4065,#3257,#3258);
#2832=AXIS2_PLACEMENT_3D('',#4069,#3261,#3262);
#2833=AXIS2_PLACEMENT_3D('',#4075,#3266,#3267);
#2834=AXIS2_PLACEMENT_3D('',#4079,#3270,#3271);
#2835=AXIS2_PLACEMENT_3D('',#4083,#3274,#3275);
#2836=AXIS2_PLACEMENT_3D('',#4089,#3279,#3280);
#2837=AXIS2_PLACEMENT_3D('',#4093,#3283,#3284);
#2838=AXIS2_PLACEMENT_3D('',#4097,#3287,#3288);
#2839=AXIS2_PLACEMENT_3D('',#4103,#3292,#3293);
#2840=AXIS2_PLACEMENT_3D('',#4107,#3296,#3297);
#2841=AXIS2_PLACEMENT_3D('',#4111,#3300,#3301);
#2842=AXIS2_PLACEMENT_3D('',#4117,#3305,#3306);
#2843=AXIS2_PLACEMENT_3D('',#4121,#3309,#3310);
#2844=AXIS2_PLACEMENT_3D('',#4125,#3313,#3314);
#2845=AXIS2_PLACEMENT_3D('',#4131,#3318,#3319);
#2846=AXIS2_PLACEMENT_3D('',#4135,#3322,#3323);
#2847=AXIS2_PLACEMENT_3D('',#4139,#3326,#3327);
#2848=AXIS2_PLACEMENT_3D('',#4145,#3331,#3332);
#2849=AXIS2_PLACEMENT_3D('',#4149,#3335,#3336);
#2850=AXIS2_PLACEMENT_3D('',#4153,#3339,#3340);
#2851=AXIS2_PLACEMENT_3D('',#4159,#3344,#3345);
#2852=AXIS2_PLACEMENT_3D('',#4163,#3348,#3349);
#2853=AXIS2_PLACEMENT_3D('',#4167,#3352,#3353);
#2854=AXIS2_PLACEMENT_3D('',#4173,#3357,#3358);
#2855=AXIS2_PLACEMENT_3D('',#4177,#3361,#3362);
#2856=AXIS2_PLACEMENT_3D('',#4181,#3365,#3366);
#2857=AXIS2_PLACEMENT_3D('',#4187,#3370,#3371);
#2858=AXIS2_PLACEMENT_3D('',#4191,#3374,#3375);
#2859=AXIS2_PLACEMENT_3D('',#4195,#3378,#3379);
#2860=AXIS2_PLACEMENT_3D('',#4201,#3383,#3384);
#2861=AXIS2_PLACEMENT_3D('',#4205,#3387,#3388);
#2862=AXIS2_PLACEMENT_3D('',#4209,#3391,#3392);
#2863=AXIS2_PLACEMENT_3D('',#4215,#3396,#3397);
#2864=AXIS2_PLACEMENT_3D('',#4219,#3400,#3401);
#2865=AXIS2_PLACEMENT_3D('',#4223,#3404,#3405);
#2866=AXIS2_PLACEMENT_3D('',#4229,#3409,#3410);
#2867=AXIS2_PLACEMENT_3D('',#4233,#3413,#3414);
#2868=AXIS2_PLACEMENT_3D('',#4237,#3417,#3418);
#2869=AXIS2_PLACEMENT_3D('',#4243,#3422,#3423);
#2870=AXIS2_PLACEMENT_3D('',#4249,#3427,#3428);
#2871=AXIS2_PLACEMENT_3D('',#4255,#3432,#3433);
#2872=AXIS2_PLACEMENT_3D('',#4261,#3437,#3438);
#2873=AXIS2_PLACEMENT_3D('',#4267,#3442,#3443);
#2874=AXIS2_PLACEMENT_3D('',#4273,#3447,#3448);
#2875=AXIS2_PLACEMENT_3D('',#4277,#3450,#3451);
#2876=AXIS2_PLACEMENT_3D('',#4279,#3453,#3454);
#2877=AXIS2_PLACEMENT_3D('',#4280,#3455,#3456);
#2878=AXIS2_PLACEMENT_3D('',#4282,#3458,#3459);
#2879=AXIS2_PLACEMENT_3D('',#4284,#3461,#3462);
#2880=AXIS2_PLACEMENT_3D('',#4286,#3464,#3465);
#2881=AXIS2_PLACEMENT_3D('',#4288,#3467,#3468);
#2882=AXIS2_PLACEMENT_3D('',#4290,#3470,#3471);
#2883=AXIS2_PLACEMENT_3D('',#4292,#3473,#3474);
#2884=AXIS2_PLACEMENT_3D('',#4294,#3476,#3477);
#2885=AXIS2_PLACEMENT_3D('',#4295,#3478,#3479);
#2886=AXIS2_PLACEMENT_3D('',#4297,#3480,#3481);
#2887=AXIS2_PLACEMENT_3D('',#4298,#3482,#3483);
#2888=AXIS2_PLACEMENT_3D('',#4300,#3484,#3485);
#2889=AXIS2_PLACEMENT_3D('',#4301,#3486,#3487);
#2890=AXIS2_PLACEMENT_3D('',#4303,#3488,#3489);
#2891=AXIS2_PLACEMENT_3D('',#4304,#3490,#3491);
#2892=AXIS2_PLACEMENT_3D('',#4306,#3492,#3493);
#2893=AXIS2_PLACEMENT_3D('',#4308,#3495,#3496);
#2894=AXIS2_PLACEMENT_3D('',#4310,#3498,#3499);
#2895=AXIS2_PLACEMENT_3D('',#4312,#3501,#3502);
#2896=AXIS2_PLACEMENT_3D('',#4314,#3504,#3505);
#2897=AXIS2_PLACEMENT_3D('',#4316,#3507,#3508);
#2898=AXIS2_PLACEMENT_3D('',#4318,#3510,#3511);
#2899=AXIS2_PLACEMENT_3D('',#4320,#3513,#3514);
#2900=AXIS2_PLACEMENT_3D('',#4322,#3516,#3517);
#2901=AXIS2_PLACEMENT_3D('',#4324,#3519,#3520);
#2902=AXIS2_PLACEMENT_3D('',#4326,#3522,#3523);
#2903=AXIS2_PLACEMENT_3D('',#4328,#3525,#3526);
#2904=AXIS2_PLACEMENT_3D('',#4330,#3528,#3529);
#2905=AXIS2_PLACEMENT_3D('',#4332,#3531,#3532);
#2906=AXIS2_PLACEMENT_3D('',#4334,#3534,#3535);
#2907=AXIS2_PLACEMENT_3D('',#4340,#3539,#3540);
#2908=AXIS2_PLACEMENT_3D('',#4341,#3541,#3542);
#2909=AXIS2_PLACEMENT_3D('',#4345,#3544,#3545);
#2910=AXIS2_PLACEMENT_3D('',#4347,#3547,#3548);
#2911=AXIS2_PLACEMENT_3D('',#4348,#3549,#3550);
#2912=AXIS2_PLACEMENT_3D('',#4349,#3551,#3552);
#2913=AXIS2_PLACEMENT_3D('',#4350,#3553,#3554);
#2914=AXIS2_PLACEMENT_3D('',#4351,#3555,#3556);
#2915=AXIS2_PLACEMENT_3D('',#4352,#3557,#3558);
#2916=AXIS2_PLACEMENT_3D('',#4353,#3559,#3560);
#2917=AXIS2_PLACEMENT_3D('',#4354,#3561,#3562);
#2918=AXIS2_PLACEMENT_3D('',#4355,#3563,#3564);
#2919=AXIS2_PLACEMENT_3D('',#4356,#3565,#3566);
#2920=AXIS2_PLACEMENT_3D('',#4357,#3567,#3568);
#2921=AXIS2_PLACEMENT_3D('',#4358,#3569,#3570);
#2922=AXIS2_PLACEMENT_3D('',#4359,#3571,#3572);
#2923=AXIS2_PLACEMENT_3D('',#4360,#3573,#3574);
#2924=AXIS2_PLACEMENT_3D('',#4361,#3575,#3576);
#2925=AXIS2_PLACEMENT_3D('',#4362,#3577,#3578);
#2926=AXIS2_PLACEMENT_3D('',#4363,#3579,#3580);
#2927=AXIS2_PLACEMENT_3D('',#4367,#3582,#3583);
#2928=AXIS2_PLACEMENT_3D('',#4368,#3584,#3585);
#2929=AXIS2_PLACEMENT_3D('',#4372,#3587,#3588);
#2930=AXIS2_PLACEMENT_3D('',#4373,#3589,#3590);
#2931=AXIS2_PLACEMENT_3D('',#4374,#3591,#3592);
#2932=AXIS2_PLACEMENT_3D('',#4377,#3595,#3596);
#2933=AXIS2_PLACEMENT_3D('',#4380,#3599,#3600);
#2934=AXIS2_PLACEMENT_3D('',#4383,#3603,#3604);
#2935=AXIS2_PLACEMENT_3D('',#4386,#3607,#3608);
#2936=AXIS2_PLACEMENT_3D('',#4387,#3609,#3610);
#2937=AXIS2_PLACEMENT_3D('',#4388,#3611,#3612);
#2938=AXIS2_PLACEMENT_3D('',#4389,#3613,#3614);
#2939=AXIS2_PLACEMENT_3D('',#4390,#3615,#3616);
#2940=AXIS2_PLACEMENT_3D('',#4393,#3619,#3620);
#2941=AXIS2_PLACEMENT_3D('',#4396,#3623,#3624);
#2942=AXIS2_PLACEMENT_3D('',#4399,#3627,#3628);
#2943=AXIS2_PLACEMENT_3D('',#4402,#3631,#3632);
#2944=AXIS2_PLACEMENT_3D('',#4403,#3633,#3634);
#2945=AXIS2_PLACEMENT_3D('',#4404,#3635,#3636);
#2946=AXIS2_PLACEMENT_3D('',#4405,#3637,#3638);
#2947=DIRECTION('',(0.,0.,1.));
#2948=DIRECTION('',(1.,0.,0.));
#2949=DIRECTION('',(0.,0.,1.));
#2950=DIRECTION('',(1.,0.,0.));
#2951=DIRECTION('',(-1.,0.,0.));
#2952=DIRECTION('',(0.,0.,1.));
#2953=DIRECTION('',(-0.707106781186548,0.707106781186548,0.));
#2954=DIRECTION('',(0.,1.,0.));
#2955=DIRECTION('',(0.,0.,1.));
#2956=DIRECTION('',(-0.707106781186548,-0.707106781186548,0.));
#2957=DIRECTION('',(-1.,0.,0.));
#2958=DIRECTION('',(0.,0.,1.));
#2959=DIRECTION('',(-0.707106781186548,0.707106781186548,0.));
#2960=DIRECTION('',(0.,1.,0.));
#2961=DIRECTION('',(0.,0.,1.));
#2962=DIRECTION('',(-0.707106781186548,-0.707106781186548,0.));
#2963=DIRECTION('',(0.993644644279914,0.112562519933783,0.));
#2964=DIRECTION('',(0.,0.,1.));
#2965=DIRECTION('',(1.,0.,0.));
#2966=DIRECTION('',(0.993813753731596,-0.111059546613138,0.));
#2967=DIRECTION('',(0.,0.,1.));
#2968=DIRECTION('',(1.,0.,0.));
#2969=DIRECTION('',(0.00880755948438649,-0.999961212695737,0.));
#2970=DIRECTION('',(0.,0.,1.));
#2971=DIRECTION('',(1.,0.,0.));
#2972=DIRECTION('',(-0.534942747833795,-0.844888310097867,0.));
#2973=DIRECTION('',(0.,0.,1.));
#2974=DIRECTION('',(1.,0.,0.));
#2975=DIRECTION('',(-1.,0.,0.));
#2976=DIRECTION('',(0.,0.,1.));
#2977=DIRECTION('',(1.,0.,0.));
#2978=DIRECTION('',(0.707106704743896,-0.707106857629191,0.));
#2979=DIRECTION('',(0.,0.,1.));
#2980=DIRECTION('',(1.,0.,0.));
#2981=DIRECTION('',(0.,1.,0.));
#2982=DIRECTION('',(0.,0.,1.));
#2983=DIRECTION('',(1.,0.,0.));
#2984=DIRECTION('',(0.,1.,0.));
#2985=DIRECTION('',(-1.,2.22400445638052E-16,0.));
#2986=DIRECTION('',(-2.22400445638052E-16,-1.,0.));
#2987=DIRECTION('',(1.,-2.22400445638052E-16,0.));
#2988=DIRECTION('',(1.,0.,0.));
#2989=DIRECTION('',(2.22400445638052E-16,1.,0.));
#2990=DIRECTION('',(-1.,2.22400445638052E-16,0.));
#2991=DIRECTION('',(-2.22400445638052E-16,-1.,0.));
#2992=DIRECTION('',(1.,0.,0.));
#2993=DIRECTION('',(2.22400445638052E-16,1.,0.));
#2994=DIRECTION('',(-1.,1.11200222819026E-16,0.));
#2995=DIRECTION('',(-2.22400445638052E-16,-1.,0.));
#2996=DIRECTION('',(-2.22400445638052E-16,-1.,0.));
#2997=DIRECTION('',(1.,-1.11200222819026E-16,0.));
#2998=DIRECTION('',(2.22400445638052E-16,1.,0.));
#2999=DIRECTION('',(-1.,2.22400445638052E-16,0.));
#3000=DIRECTION('',(1.,-2.22400445638052E-16,0.));
#3001=DIRECTION('',(0.,1.,0.));
#3002=DIRECTION('',(-1.,4.44800891276104E-16,0.));
#3003=DIRECTION('',(-2.22400445638052E-16,-1.,0.));
#3004=DIRECTION('',(0.,1.,0.));
#3005=DIRECTION('',(-1.,1.11200222819026E-16,0.));
#3006=DIRECTION('',(-2.22400445638052E-16,-1.,0.));
#3007=DIRECTION('',(-1.,2.22400445638052E-16,0.));
#3008=DIRECTION('',(1.,0.,0.));
#3009=DIRECTION('',(0.,1.,0.));
#3010=DIRECTION('',(-1.,0.,0.));
#3011=DIRECTION('',(0.,-1.,0.));
#3012=DIRECTION('',(0.,-1.,0.));
#3013=DIRECTION('',(1.,-2.22400445638052E-16,0.));
#3014=DIRECTION('',(0.,1.,0.));
#3015=DIRECTION('',(-1.,0.,0.));
#3016=DIRECTION('',(-1.,1.11200222819026E-16,0.));
#3017=DIRECTION('',(0.,-1.,0.));
#3018=DIRECTION('',(1.,-2.22400445638052E-16,0.));
#3019=DIRECTION('',(0.,1.,0.));
#3020=DIRECTION('',(-1.,0.,0.));
#3021=DIRECTION('',(-2.22400445638052E-16,-1.,0.));
#3022=DIRECTION('',(1.,0.,0.));
#3023=DIRECTION('',(2.22400445638052E-16,1.,0.));
#3024=DIRECTION('',(-1.,2.22400445638052E-16,0.));
#3025=DIRECTION('',(-2.22400445638052E-16,-1.,0.));
#3026=DIRECTION('',(1.,-1.11200222819026E-16,0.));
#3027=DIRECTION('',(2.22400445638052E-16,1.,0.));
#3028=DIRECTION('',(-1.,1.11200222819026E-16,0.));
#3029=DIRECTION('',(-2.22400445638052E-16,-1.,0.));
#3030=DIRECTION('',(1.,0.,0.));
#3031=DIRECTION('',(2.22400445638052E-16,1.,0.));
#3032=DIRECTION('',(1.11200222819026E-16,1.,0.));
#3033=DIRECTION('',(-1.,0.,0.));
#3034=DIRECTION('',(-2.22400445638052E-16,-1.,0.));
#3035=DIRECTION('',(1.,0.,0.));
#3036=DIRECTION('',(1.11200222819026E-16,1.,0.));
#3037=DIRECTION('',(-1.,0.,0.));
#3038=DIRECTION('',(-2.22400445638052E-16,-1.,0.));
#3039=DIRECTION('',(1.,-2.22400445638052E-16,0.));
#3040=DIRECTION('',(0.,0.,1.));
#3041=DIRECTION('',(1.,0.,0.));
#3042=DIRECTION('',(0.,0.,1.));
#3043=DIRECTION('',(1.,0.,0.));
#3044=DIRECTION('',(0.,0.,1.));
#3045=DIRECTION('',(1.,0.,0.));
#3046=DIRECTION('',(0.,0.,1.));
#3047=DIRECTION('',(1.,0.,0.));
#3048=DIRECTION('',(-1.,1.11200222819026E-16,0.));
#3049=DIRECTION('',(-2.22400445638052E-16,-1.,0.));
#3050=DIRECTION('',(-1.,2.22400445638052E-16,0.));
#3051=DIRECTION('',(-1.11200222819026E-16,-1.,0.));
#3052=DIRECTION('',(0.,-1.,0.));
#3053=DIRECTION('',(1.,0.,0.));
#3054=DIRECTION('',(0.,1.,0.));
#3055=DIRECTION('',(-1.,4.44800891276104E-16,0.));
#3056=DIRECTION('',(0.,-1.,0.));
#3057=DIRECTION('',(1.,0.,0.));
#3058=DIRECTION('',(0.,1.,0.));
#3059=DIRECTION('',(-1.,2.22400445638052E-16,0.));
#3060=DIRECTION('',(1.,-1.11200222819026E-16,0.));
#3061=DIRECTION('',(0.,1.,0.));
#3062=DIRECTION('',(-1.,0.,0.));
#3063=DIRECTION('',(0.,-1.,0.));
#3064=DIRECTION('',(1.,-2.22400445638052E-16,0.));
#3065=DIRECTION('',(0.,1.,0.));
#3066=DIRECTION('',(-1.,1.11200222819026E-16,0.));
#3067=DIRECTION('',(0.,-1.,0.));
#3068=DIRECTION('',(-1.,0.,0.));
#3069=DIRECTION('',(-4.44800891276104E-16,-1.,0.));
#3070=DIRECTION('',(1.,0.,0.));
#3071=DIRECTION('',(2.22400445638052E-16,1.,0.));
#3072=DIRECTION('',(-1.,0.,0.));
#3073=DIRECTION('',(0.,-1.,0.));
#3074=DIRECTION('',(1.,0.,0.));
#3075=DIRECTION('',(4.44800891276104E-16,1.,0.));
#3076=DIRECTION('',(1.,1.15648231731787E-15,0.));
#3077=DIRECTION('',(0.,0.,1.));
#3078=DIRECTION('',(0.707106781186548,-0.707106781186547,0.));
#3079=DIRECTION('',(-6.74446303080056E-16,1.,0.));
#3080=DIRECTION('',(0.,0.,1.));
#3081=DIRECTION('',(-0.707106781186547,-0.707106781186548,0.));
#3082=DIRECTION('',(-1.,-8.57024458169109E-16,0.));
#3083=DIRECTION('',(0.,0.,1.));
#3084=DIRECTION('',(0.707106781186548,-0.707106781186547,0.));
#3085=DIRECTION('',(-1.01166945462008E-15,1.,0.));
#3086=DIRECTION('',(0.,0.,1.));
#3087=DIRECTION('',(-0.707106781186547,-0.707106781186548,0.));
#3088=DIRECTION('',(1.,0.,0.));
#3089=DIRECTION('',(0.,0.,-1.));
#3090=DIRECTION('',(0.,0.,-1.));
#3091=DIRECTION('',(1.,0.,0.));
#3092=DIRECTION('',(0.,-0.707106781186548,0.707106781186547));
#3093=DIRECTION('',(0.,-1.,0.));
#3094=DIRECTION('',(1.,0.,0.));
#3095=DIRECTION('',(0.,0.707106781186548,0.707106781186547));
#3096=DIRECTION('',(0.,0.,-1.));
#3097=DIRECTION('',(0.,-1.,0.));
#3098=DIRECTION('',(0.,-1.,0.));
#3099=DIRECTION('',(0.,0.,-1.));
#3100=DIRECTION('',(0.,-1.,0.));
#3101=DIRECTION('',(-0.707106781186548,0.,0.707106781186547));
#3102=DIRECTION('',(-1.,0.,0.));
#3103=DIRECTION('',(0.,-1.,0.));
#3104=DIRECTION('',(-0.707106781186548,0.,-0.707106781186547));
#3105=DIRECTION('',(0.,0.,-1.));
#3106=DIRECTION('',(-1.,0.,0.));
#3107=DIRECTION('',(-1.,0.,0.));
#3108=DIRECTION('',(0.,0.,1.));
#3109=DIRECTION('',(-1.,0.,0.));
#3110=DIRECTION('',(0.,-0.707106781186548,-0.707106781186547));
#3111=DIRECTION('',(0.,1.,0.));
#3112=DIRECTION('',(-1.,0.,0.));
#3113=DIRECTION('',(0.,0.707106781186548,-0.707106781186547));
#3114=DIRECTION('',(0.,0.,-1.));
#3115=DIRECTION('',(0.,1.,0.));
#3116=DIRECTION('',(1.,4.39075614703493E-16,0.));
#3117=DIRECTION('',(-4.39075614703493E-16,1.,0.));
#3118=DIRECTION('',(0.,0.,-1.));
#3119=DIRECTION('',(1.,4.39075614703493E-16,0.));
#3120=DIRECTION('',(3.10473344610492E-16,-0.707106781186548,0.707106781186548));
#3121=DIRECTION('',(4.39075614703493E-16,-1.,0.));
#3122=DIRECTION('',(1.,4.39075614703493E-16,0.));
#3123=DIRECTION('',(3.10473344610492E-16,-0.707106781186547,-0.707106781186548));
#3124=DIRECTION('',(0.,0.,-1.));
#3125=DIRECTION('',(4.39075614703493E-16,-1.,0.));
#3126=DIRECTION('',(8.57024458169108E-16,-1.,0.));
#3127=DIRECTION('',(1.,8.57024458169108E-16,0.));
#3128=DIRECTION('',(8.57024458169108E-16,-1.,0.));
#3129=DIRECTION('',(0.707106781186548,6.06007806014103E-16,-0.707106781186547));
#3130=DIRECTION('',(-1.,-8.57024458169108E-16,0.));
#3131=DIRECTION('',(8.57024458169108E-16,-1.,0.));
#3132=DIRECTION('',(-0.707106781186548,-6.06007806014103E-16,-0.707106781186548));
#3133=DIRECTION('',(0.,0.,-1.));
#3134=DIRECTION('',(-1.,-8.57024458169108E-16,0.));
#3135=DIRECTION('',(-1.,0.,0.));
#3136=DIRECTION('',(0.,0.,1.));
#3137=DIRECTION('',(-1.,0.,0.));
#3138=DIRECTION('',(0.,-0.707106781186548,-0.707106781186547));
#3139=DIRECTION('',(0.,1.,0.));
#3140=DIRECTION('',(-1.,0.,0.));
#3141=DIRECTION('',(0.,-0.707106781186547,0.707106781186548));
#3142=DIRECTION('',(0.,0.,-1.));
#3143=DIRECTION('',(0.,1.,0.));
#3144=DIRECTION('',(0.,-1.,0.));
#3145=DIRECTION('',(0.,0.,-1.));
#3146=DIRECTION('',(0.,0.,-1.));
#3147=DIRECTION('',(-1.,0.,0.));
#3148=DIRECTION('',(0.,0.,-1.));
#3149=DIRECTION('',(-1.,4.44800891276104E-16,0.));
#3150=DIRECTION('',(-4.44800891276104E-16,-1.,0.));
#3151=DIRECTION('',(0.,0.,-1.));
#3152=DIRECTION('',(4.44800891276104E-16,1.,0.));
#3153=DIRECTION('',(0.,1.,0.));
#3154=DIRECTION('',(0.,0.,1.));
#3155=DIRECTION('',(0.,0.,-1.));
#3156=DIRECTION('',(1.,0.,0.));
#3157=DIRECTION('',(0.,-1.,0.));
#3158=DIRECTION('',(0.,0.,-1.));
#3159=DIRECTION('',(0.,0.,-1.));
#3160=DIRECTION('',(-1.,0.,0.));
#3161=DIRECTION('',(0.,0.,-1.));
#3162=DIRECTION('',(-1.,2.22400445638052E-16,0.));
#3163=DIRECTION('',(-2.22400445638052E-16,-1.,0.));
#3164=DIRECTION('',(0.,0.,-1.));
#3165=DIRECTION('',(2.22400445638052E-16,1.,0.));
#3166=DIRECTION('',(0.,1.,0.));
#3167=DIRECTION('',(0.,0.,1.));
#3168=DIRECTION('',(0.,0.,-1.));
#3169=DIRECTION('',(1.,0.,0.));
#3170=DIRECTION('',(2.22400445638052E-16,1.,0.));
#3171=DIRECTION('',(-1.,2.22400445638052E-16,0.));
#3172=DIRECTION('',(0.,0.,-1.));
#3173=DIRECTION('',(1.,-2.22400445638052E-16,0.));
#3174=DIRECTION('',(0.,0.,-1.));
#3175=DIRECTION('',(1.,0.,0.));
#3176=DIRECTION('',(0.,0.,-1.));
#3177=DIRECTION('',(0.,0.,-1.));
#3178=DIRECTION('',(0.,-1.,0.));
#3179=DIRECTION('',(-1.11200222819026E-16,-1.,0.));
#3180=DIRECTION('',(1.,-1.11200222819026E-16,0.));
#3181=DIRECTION('',(0.,0.,-1.));
#3182=DIRECTION('',(-1.,1.11200222819026E-16,0.));
#3183=DIRECTION('',(1.11200222819026E-16,1.,0.));
#3184=DIRECTION('',(-1.,1.11200222819026E-16,0.));
#3185=DIRECTION('',(0.,0.,-1.));
#3186=DIRECTION('',(1.,-1.11200222819026E-16,0.));
#3187=DIRECTION('',(0.,0.,-1.));
#3188=DIRECTION('',(1.,0.,0.));
#3189=DIRECTION('',(0.,0.,-1.));
#3190=DIRECTION('',(0.,0.,-1.));
#3191=DIRECTION('',(0.,-1.,0.));
#3192=DIRECTION('',(0.,-1.,0.));
#3193=DIRECTION('',(0.,0.,-1.));
#3194=DIRECTION('',(0.,0.,-1.));
#3195=DIRECTION('',(-1.,0.,0.));
#3196=DIRECTION('',(1.,0.,0.));
#3197=DIRECTION('',(0.,0.,-1.));
#3198=DIRECTION('',(0.,0.,-1.));
#3199=DIRECTION('',(0.,-1.,0.));
#3200=DIRECTION('',(0.,0.,-1.));
#3201=DIRECTION('',(-2.22400445638052E-16,-1.,0.));
#3202=DIRECTION('',(1.,-2.22400445638052E-16,0.));
#3203=DIRECTION('',(0.,0.,-1.));
#3204=DIRECTION('',(-1.,2.22400445638052E-16,0.));
#3205=DIRECTION('',(-1.,0.,0.));
#3206=DIRECTION('',(0.,0.,1.));
#3207=DIRECTION('',(0.,0.,-1.));
#3208=DIRECTION('',(0.,1.,0.));
#3209=DIRECTION('',(1.,0.,0.));
#3210=DIRECTION('',(0.,0.,-1.));
#3211=DIRECTION('',(0.,0.,-1.));
#3212=DIRECTION('',(0.,-1.,0.));
#3213=DIRECTION('',(0.,0.,-1.));
#3214=DIRECTION('',(-4.44800891276104E-16,-1.,0.));
#3215=DIRECTION('',(1.,-4.44800891276104E-16,0.));
#3216=DIRECTION('',(0.,0.,-1.));
#3217=DIRECTION('',(-1.,4.44800891276104E-16,0.));
#3218=DIRECTION('',(-1.,0.,0.));
#3219=DIRECTION('',(0.,0.,1.));
#3220=DIRECTION('',(0.,0.,-1.));
#3221=DIRECTION('',(0.,1.,0.));
#3222=DIRECTION('',(-1.11200222819026E-16,-1.,0.));
#3223=DIRECTION('',(1.,-1.11200222819026E-16,0.));
#3224=DIRECTION('',(0.,0.,-1.));
#3225=DIRECTION('',(-1.,1.11200222819026E-16,0.));
#3226=DIRECTION('',(0.,0.,-1.));
#3227=DIRECTION('',(1.,-1.11200222819026E-16,0.));
#3228=DIRECTION('',(1.11200222819026E-16,1.,0.));
#3229=DIRECTION('',(0.,0.,-1.));
#3230=DIRECTION('',(-1.11200222819026E-16,-1.,0.));
#3231=DIRECTION('',(-2.22400445638052E-16,-1.,0.));
#3232=DIRECTION('',(1.,-2.22400445638052E-16,0.));
#3233=DIRECTION('',(0.,0.,-1.));
#3234=DIRECTION('',(-1.,2.22400445638052E-16,0.));
#3235=DIRECTION('',(-1.,1.11200222819026E-16,0.));
#3236=DIRECTION('',(-1.11200222819026E-16,-1.,0.));
#3237=DIRECTION('',(0.,0.,-1.));
#3238=DIRECTION('',(1.11200222819026E-16,1.,0.));
#3239=DIRECTION('',(0.,0.,-1.));
#3240=DIRECTION('',(2.22400445638052E-16,1.,0.));
#3241=DIRECTION('',(-1.,2.22400445638052E-16,0.));
#3242=DIRECTION('',(0.,0.,-1.));
#3243=DIRECTION('',(1.,-2.22400445638052E-16,0.));
#3244=DIRECTION('',(1.,-2.22400445638052E-16,0.));
#3245=DIRECTION('',(2.22400445638052E-16,1.,0.));
#3246=DIRECTION('',(0.,0.,-1.));
#3247=DIRECTION('',(-2.22400445638052E-16,-1.,0.));
#3248=DIRECTION('',(-1.,1.11200222819026E-16,0.));
#3249=DIRECTION('',(-1.11200222819026E-16,-1.,0.));
#3250=DIRECTION('',(0.,0.,-1.));
#3251=DIRECTION('',(1.11200222819026E-16,1.,0.));
#3252=DIRECTION('',(0.,0.,-1.));
#3253=DIRECTION('',(0.,1.,0.));
#3254=DIRECTION('',(0.,0.,1.));
#3255=DIRECTION('',(0.,0.,-1.));
#3256=DIRECTION('',(1.,0.,0.));
#3257=DIRECTION('',(1.,-2.22400445638052E-16,0.));
#3258=DIRECTION('',(2.22400445638052E-16,1.,0.));
#3259=DIRECTION('',(0.,0.,-1.));
#3260=DIRECTION('',(-2.22400445638052E-16,-1.,0.));
#3261=DIRECTION('',(-1.11200222819026E-16,-1.,0.));
#3262=DIRECTION('',(1.,-1.11200222819026E-16,0.));
#3263=DIRECTION('',(0.,0.,-1.));
#3264=DIRECTION('',(-1.,1.11200222819026E-16,0.));
#3265=DIRECTION('',(0.,0.,-1.));
#3266=DIRECTION('',(-1.,2.22400445638052E-16,0.));
#3267=DIRECTION('',(-2.22400445638052E-16,-1.,0.));
#3268=DIRECTION('',(0.,0.,-1.));
#3269=DIRECTION('',(2.22400445638052E-16,1.,0.));
#3270=DIRECTION('',(0.,1.,0.));
#3271=DIRECTION('',(0.,0.,1.));
#3272=DIRECTION('',(0.,0.,-1.));
#3273=DIRECTION('',(1.,0.,0.));
#3274=DIRECTION('',(-2.22400445638052E-16,-1.,0.));
#3275=DIRECTION('',(1.,-2.22400445638052E-16,0.));
#3276=DIRECTION('',(0.,0.,-1.));
#3277=DIRECTION('',(-1.,2.22400445638052E-16,0.));
#3278=DIRECTION('',(0.,0.,-1.));
#3279=DIRECTION('',(-1.,2.22400445638052E-16,0.));
#3280=DIRECTION('',(-2.22400445638052E-16,-1.,0.));
#3281=DIRECTION('',(0.,0.,-1.));
#3282=DIRECTION('',(2.22400445638052E-16,1.,0.));
#3283=DIRECTION('',(1.11200222819026E-16,1.,0.));
#3284=DIRECTION('',(-1.,1.11200222819026E-16,0.));
#3285=DIRECTION('',(0.,0.,-1.));
#3286=DIRECTION('',(1.,-1.11200222819026E-16,0.));
#3287=DIRECTION('',(0.,-1.,0.));
#3288=DIRECTION('',(0.,0.,-1.));
#3289=DIRECTION('',(0.,0.,-1.));
#3290=DIRECTION('',(-1.,0.,0.));
#3291=DIRECTION('',(0.,0.,-1.));
#3292=DIRECTION('',(-1.,2.22400445638052E-16,0.));
#3293=DIRECTION('',(-2.22400445638052E-16,-1.,0.));
#3294=DIRECTION('',(0.,0.,-1.));
#3295=DIRECTION('',(2.22400445638052E-16,1.,0.));
#3296=DIRECTION('',(0.,1.,0.));
#3297=DIRECTION('',(0.,0.,1.));
#3298=DIRECTION('',(0.,0.,-1.));
#3299=DIRECTION('',(1.,0.,0.));
#3300=DIRECTION('',(-1.11200222819026E-16,-1.,0.));
#3301=DIRECTION('',(1.,-1.11200222819026E-16,0.));
#3302=DIRECTION('',(0.,0.,-1.));
#3303=DIRECTION('',(-1.,1.11200222819026E-16,0.));
#3304=DIRECTION('',(0.,0.,-1.));
#3305=DIRECTION('',(-1.,0.,0.));
#3306=DIRECTION('',(0.,0.,1.));
#3307=DIRECTION('',(0.,0.,-1.));
#3308=DIRECTION('',(0.,1.,0.));
#3309=DIRECTION('',(2.22400445638052E-16,1.,0.));
#3310=DIRECTION('',(-1.,2.22400445638052E-16,0.));
#3311=DIRECTION('',(0.,0.,-1.));
#3312=DIRECTION('',(1.,-2.22400445638052E-16,0.));
#3313=DIRECTION('',(1.,0.,0.));
#3314=DIRECTION('',(0.,0.,-1.));
#3315=DIRECTION('',(0.,0.,-1.));
#3316=DIRECTION('',(0.,-1.,0.));
#3317=DIRECTION('',(0.,0.,-1.));
#3318=DIRECTION('',(0.,-1.,0.));
#3319=DIRECTION('',(0.,0.,-1.));
#3320=DIRECTION('',(0.,0.,-1.));
#3321=DIRECTION('',(-1.,0.,0.));
#3322=DIRECTION('',(-1.,0.,0.));
#3323=DIRECTION('',(0.,0.,1.));
#3324=DIRECTION('',(0.,0.,-1.));
#3325=DIRECTION('',(0.,1.,0.));
#3326=DIRECTION('',(0.,1.,0.));
#3327=DIRECTION('',(0.,0.,1.));
#3328=DIRECTION('',(0.,0.,-1.));
#3329=DIRECTION('',(1.,0.,0.));
#3330=DIRECTION('',(0.,0.,-1.));
#3331=DIRECTION('',(1.,0.,0.));
#3332=DIRECTION('',(0.,0.,-1.));
#3333=DIRECTION('',(0.,0.,-1.));
#3334=DIRECTION('',(0.,-1.,0.));
#3335=DIRECTION('',(0.,-1.,0.));
#3336=DIRECTION('',(0.,0.,-1.));
#3337=DIRECTION('',(0.,0.,-1.));
#3338=DIRECTION('',(-1.,0.,0.));
#3339=DIRECTION('',(-1.,0.,0.));
#3340=DIRECTION('',(0.,0.,1.));
#3341=DIRECTION('',(0.,0.,-1.));
#3342=DIRECTION('',(0.,1.,0.));
#3343=DIRECTION('',(0.,0.,-1.));
#3344=DIRECTION('',(-2.22400445638052E-16,-1.,0.));
#3345=DIRECTION('',(1.,-2.22400445638052E-16,0.));
#3346=DIRECTION('',(0.,0.,-1.));
#3347=DIRECTION('',(-1.,2.22400445638052E-16,0.));
#3348=DIRECTION('',(1.,-2.22400445638052E-16,0.));
#3349=DIRECTION('',(2.22400445638052E-16,1.,0.));
#3350=DIRECTION('',(0.,0.,-1.));
#3351=DIRECTION('',(-2.22400445638052E-16,-1.,0.));
#3352=DIRECTION('',(2.22400445638052E-16,1.,0.));
#3353=DIRECTION('',(-1.,2.22400445638052E-16,0.));
#3354=DIRECTION('',(0.,0.,-1.));
#3355=DIRECTION('',(1.,-2.22400445638052E-16,0.));
#3356=DIRECTION('',(0.,0.,-1.));
#3357=DIRECTION('',(1.,-2.22400445638052E-16,0.));
#3358=DIRECTION('',(2.22400445638052E-16,1.,0.));
#3359=DIRECTION('',(0.,0.,-1.));
#3360=DIRECTION('',(-2.22400445638052E-16,-1.,0.));
#3361=DIRECTION('',(-4.44800891276104E-16,-1.,0.));
#3362=DIRECTION('',(1.,-4.44800891276104E-16,0.));
#3363=DIRECTION('',(0.,0.,-1.));
#3364=DIRECTION('',(-1.,4.44800891276104E-16,0.));
#3365=DIRECTION('',(1.,-2.22400445638052E-16,0.));
#3366=DIRECTION('',(2.22400445638052E-16,1.,0.));
#3367=DIRECTION('',(0.,0.,-1.));
#3368=DIRECTION('',(-2.22400445638052E-16,-1.,0.));
#3369=DIRECTION('',(0.,0.,-1.));
#3370=DIRECTION('',(-2.22400445638052E-16,-1.,0.));
#3371=DIRECTION('',(1.,-2.22400445638052E-16,0.));
#3372=DIRECTION('',(0.,0.,-1.));
#3373=DIRECTION('',(-1.,2.22400445638052E-16,0.));
#3374=DIRECTION('',(-1.,2.22400445638052E-16,0.));
#3375=DIRECTION('',(-2.22400445638052E-16,-1.,0.));
#3376=DIRECTION('',(0.,0.,-1.));
#3377=DIRECTION('',(2.22400445638052E-16,1.,0.));
#3378=DIRECTION('',(0.,1.,0.));
#3379=DIRECTION('',(0.,0.,1.));
#3380=DIRECTION('',(0.,0.,-1.));
#3381=DIRECTION('',(1.,0.,0.));
#3382=DIRECTION('',(0.,0.,-1.));
#3383=DIRECTION('',(1.,-2.22400445638052E-16,0.));
#3384=DIRECTION('',(2.22400445638052E-16,1.,0.));
#3385=DIRECTION('',(0.,0.,-1.));
#3386=DIRECTION('',(-2.22400445638052E-16,-1.,0.));
#3387=DIRECTION('',(-1.11200222819026E-16,-1.,0.));
#3388=DIRECTION('',(1.,-1.11200222819026E-16,0.));
#3389=DIRECTION('',(0.,0.,-1.));
#3390=DIRECTION('',(-1.,1.11200222819026E-16,0.));
#3391=DIRECTION('',(0.,1.,0.));
#3392=DIRECTION('',(0.,0.,1.));
#3393=DIRECTION('',(0.,0.,-1.));
#3394=DIRECTION('',(1.,0.,0.));
#3395=DIRECTION('',(0.,0.,-1.));
#3396=DIRECTION('',(1.,-2.22400445638052E-16,0.));
#3397=DIRECTION('',(2.22400445638052E-16,1.,0.));
#3398=DIRECTION('',(0.,0.,-1.));
#3399=DIRECTION('',(-2.22400445638052E-16,-1.,0.));
#3400=DIRECTION('',(-2.22400445638052E-16,-1.,0.));
#3401=DIRECTION('',(1.,-2.22400445638052E-16,0.));
#3402=DIRECTION('',(0.,0.,-1.));
#3403=DIRECTION('',(-1.,2.22400445638052E-16,0.));
#3404=DIRECTION('',(-1.,0.,0.));
#3405=DIRECTION('',(0.,0.,1.));
#3406=DIRECTION('',(0.,0.,-1.));
#3407=DIRECTION('',(0.,1.,0.));
#3408=DIRECTION('',(0.,0.,-1.));
#3409=DIRECTION('',(2.22400445638052E-16,1.,0.));
#3410=DIRECTION('',(-1.,2.22400445638052E-16,0.));
#3411=DIRECTION('',(0.,0.,-1.));
#3412=DIRECTION('',(1.,-2.22400445638052E-16,0.));
#3413=DIRECTION('',(1.,-2.22400445638052E-16,0.));
#3414=DIRECTION('',(2.22400445638052E-16,1.,0.));
#3415=DIRECTION('',(0.,0.,-1.));
#3416=DIRECTION('',(-2.22400445638052E-16,-1.,0.));
#3417=DIRECTION('',(-0.112562519933784,0.993644644279914,0.));
#3418=DIRECTION('',(-0.993644644279914,-0.112562519933784,0.));
#3419=DIRECTION('',(0.993644644279914,0.112562519933783,0.));
#3420=DIRECTION('',(0.,0.,-1.));
#3421=DIRECTION('',(0.,0.,-1.));
#3422=DIRECTION('',(-1.,0.,0.));
#3423=DIRECTION('',(0.,0.,1.));
#3424=DIRECTION('',(0.,1.,0.));
#3425=DIRECTION('',(0.,0.,-1.));
#3426=DIRECTION('',(0.,0.,-1.));
#3427=DIRECTION('',(0.707106857629191,0.707106704743896,0.));
#3428=DIRECTION('',(-0.707106704743896,0.707106857629191,0.));
#3429=DIRECTION('',(0.707106704743896,-0.707106857629191,0.));
#3430=DIRECTION('',(0.,0.,-1.));
#3431=DIRECTION('',(0.,0.,-1.));
#3432=DIRECTION('',(0.,-1.,0.));
#3433=DIRECTION('',(0.,0.,-1.));
#3434=DIRECTION('',(-1.,0.,0.));
#3435=DIRECTION('',(0.,0.,-1.));
#3436=DIRECTION('',(0.,0.,-1.));
#3437=DIRECTION('',(0.844888310097867,-0.534942747833795,0.));
#3438=DIRECTION('',(0.534942747833795,0.844888310097867,0.));
#3439=DIRECTION('',(0.,0.,-1.));
#3440=DIRECTION('',(-0.534942747833795,-0.844888310097867,0.));
#3441=DIRECTION('',(0.,0.,-1.));
#3442=DIRECTION('',(0.999961212695737,0.00880755948438649,0.));
#3443=DIRECTION('',(-0.00880755948438649,0.999961212695737,0.));
#3444=DIRECTION('',(0.,0.,-1.));
#3445=DIRECTION('',(0.00880755948438649,-0.999961212695737,0.));
#3446=DIRECTION('',(0.,0.,-1.));
#3447=DIRECTION('',(8.57024458169108E-16,-1.,0.));
#3448=DIRECTION('',(1.,8.57024458169108E-16,0.));
#3449=DIRECTION('',(-1.,-8.57024458169108E-16,0.));
#3450=DIRECTION('',(8.57024458169108E-16,-1.,0.));
#3451=DIRECTION('',(-0.707106781186548,-6.06007806014103E-16,0.707106781186547));
#3452=DIRECTION('',(-1.,-8.57024458169108E-16,0.));
#3453=DIRECTION('',(8.57024458169108E-16,-1.,0.));
#3454=DIRECTION('',(0.707106781186548,6.06007806014103E-16,0.707106781186548));
#3455=DIRECTION('',(1.,0.,0.));
#3456=DIRECTION('',(0.,0.,-1.));
#3457=DIRECTION('',(0.,-1.,0.));
#3458=DIRECTION('',(1.,-4.44800891276104E-16,0.));
#3459=DIRECTION('',(4.44800891276104E-16,1.,0.));
#3460=DIRECTION('',(-4.44800891276104E-16,-1.,0.));
#3461=DIRECTION('',(-1.,0.,0.));
#3462=DIRECTION('',(0.,0.,1.));
#3463=DIRECTION('',(0.,1.,0.));
#3464=DIRECTION('',(-1.,0.,0.));
#3465=DIRECTION('',(0.,0.,1.));
#3466=DIRECTION('',(0.,1.,0.));
#3467=DIRECTION('',(0.,1.,0.));
#3468=DIRECTION('',(0.,0.,1.));
#3469=DIRECTION('',(1.,0.,0.));
#3470=DIRECTION('',(0.,1.,0.));
#3471=DIRECTION('',(0.,0.,1.));
#3472=DIRECTION('',(1.,0.,0.));
#3473=DIRECTION('',(1.,-2.22400445638052E-16,0.));
#3474=DIRECTION('',(2.22400445638052E-16,1.,0.));
#3475=DIRECTION('',(-2.22400445638052E-16,-1.,0.));
#3476=DIRECTION('',(0.,0.,-1.));
#3477=DIRECTION('',(-1.,0.,0.));
#3478=DIRECTION('',(0.,0.,1.));
#3479=DIRECTION('',(1.,0.,0.));
#3480=DIRECTION('',(0.,0.,-1.));
#3481=DIRECTION('',(-1.,0.,0.));
#3482=DIRECTION('',(0.,0.,1.));
#3483=DIRECTION('',(1.,0.,0.));
#3484=DIRECTION('',(0.,0.,-1.));
#3485=DIRECTION('',(-1.,0.,0.));
#3486=DIRECTION('',(0.,0.,1.));
#3487=DIRECTION('',(1.,0.,0.));
#3488=DIRECTION('',(0.,0.,-1.));
#3489=DIRECTION('',(-1.,0.,0.));
#3490=DIRECTION('',(0.,0.,1.));
#3491=DIRECTION('',(1.,0.,0.));
#3492=DIRECTION('',(0.,-1.,0.));
#3493=DIRECTION('',(0.,0.,-1.));
#3494=DIRECTION('',(-1.,0.,0.));
#3495=DIRECTION('',(0.,-1.,0.));
#3496=DIRECTION('',(0.,0.,-1.));
#3497=DIRECTION('',(-1.,0.,0.));
#3498=DIRECTION('',(1.,-2.22400445638052E-16,0.));
#3499=DIRECTION('',(2.22400445638052E-16,1.,0.));
#3500=DIRECTION('',(-2.22400445638052E-16,-1.,0.));
#3501=DIRECTION('',(1.,-2.22400445638052E-16,0.));
#3502=DIRECTION('',(2.22400445638052E-16,1.,0.));
#3503=DIRECTION('',(-2.22400445638052E-16,-1.,0.));
#3504=DIRECTION('',(1.,-2.22400445638052E-16,0.));
#3505=DIRECTION('',(2.22400445638052E-16,1.,0.));
#3506=DIRECTION('',(-2.22400445638052E-16,-1.,0.));
#3507=DIRECTION('',(1.,0.,0.));
#3508=DIRECTION('',(0.,0.,-1.));
#3509=DIRECTION('',(0.,-1.,0.));
#3510=DIRECTION('',(2.22400445638052E-16,1.,0.));
#3511=DIRECTION('',(-1.,2.22400445638052E-16,0.));
#3512=DIRECTION('',(1.,-2.22400445638052E-16,0.));
#3513=DIRECTION('',(-1.,0.,0.));
#3514=DIRECTION('',(0.,0.,1.));
#3515=DIRECTION('',(0.,1.,0.));
#3516=DIRECTION('',(-1.11200222819026E-16,-1.,0.));
#3517=DIRECTION('',(1.,-1.11200222819026E-16,0.));
#3518=DIRECTION('',(-1.,1.11200222819026E-16,0.));
#3519=DIRECTION('',(-1.,0.,0.));
#3520=DIRECTION('',(0.,0.,1.));
#3521=DIRECTION('',(0.,1.,0.));
#3522=DIRECTION('',(1.11200222819026E-16,1.,0.));
#3523=DIRECTION('',(-1.,1.11200222819026E-16,0.));
#3524=DIRECTION('',(1.,-1.11200222819026E-16,0.));
#3525=DIRECTION('',(-1.,2.22400445638052E-16,0.));
#3526=DIRECTION('',(-2.22400445638052E-16,-1.,0.));
#3527=DIRECTION('',(2.22400445638052E-16,1.,0.));
#3528=DIRECTION('',(-1.,2.22400445638052E-16,0.));
#3529=DIRECTION('',(-2.22400445638052E-16,-1.,0.));
#3530=DIRECTION('',(2.22400445638052E-16,1.,0.));
#3531=DIRECTION('',(-2.22400445638052E-16,-1.,0.));
#3532=DIRECTION('',(1.,-2.22400445638052E-16,0.));
#3533=DIRECTION('',(-1.,2.22400445638052E-16,0.));
#3534=DIRECTION('',(0.111059546613138,0.993813753731596,0.));
#3535=DIRECTION('',(-0.993813753731596,0.111059546613138,0.));
#3536=DIRECTION('',(0.,0.,-1.));
#3537=DIRECTION('',(0.993813753731596,-0.111059546613138,0.));
#3538=DIRECTION('',(0.,0.,-1.));
#3539=DIRECTION('',(0.,1.,0.));
#3540=DIRECTION('',(0.,0.,1.));
#3541=DIRECTION('',(0.,1.,0.));
#3542=DIRECTION('',(-0.707106781186548,0.,-0.707106781186547));
#3543=DIRECTION('',(1.,0.,0.));
#3544=DIRECTION('',(0.,1.,0.));
#3545=DIRECTION('',(-0.707106781186548,0.,0.707106781186547));
#3546=DIRECTION('',(1.,0.,0.));
#3547=DIRECTION('',(0.,0.,1.));
#3548=DIRECTION('',(1.,0.,0.));
#3549=DIRECTION('',(0.,0.,1.));
#3550=DIRECTION('',(1.,0.,0.));
#3551=DIRECTION('',(0.,0.,1.));
#3552=DIRECTION('',(1.,0.,0.));
#3553=DIRECTION('',(0.,0.,1.));
#3554=DIRECTION('',(1.,0.,0.));
#3555=DIRECTION('',(0.,0.,1.));
#3556=DIRECTION('',(1.,0.,0.));
#3557=DIRECTION('',(0.,0.,1.));
#3558=DIRECTION('',(1.,0.,0.));
#3559=DIRECTION('',(0.,0.,1.));
#3560=DIRECTION('',(1.,0.,0.));
#3561=DIRECTION('',(0.,0.,1.));
#3562=DIRECTION('',(1.,0.,0.));
#3563=DIRECTION('',(0.,0.,-1.));
#3564=DIRECTION('',(-1.,0.,0.));
#3565=DIRECTION('',(0.,0.,-1.));
#3566=DIRECTION('',(-1.,0.,0.));
#3567=DIRECTION('',(0.,0.,1.));
#3568=DIRECTION('',(1.,0.,0.));
#3569=DIRECTION('',(0.,0.,1.));
#3570=DIRECTION('',(1.,0.,0.));
#3571=DIRECTION('',(0.,0.,-1.));
#3572=DIRECTION('',(-1.,0.,0.));
#3573=DIRECTION('',(0.,0.,-1.));
#3574=DIRECTION('',(-1.,0.,0.));
#3575=DIRECTION('',(0.,0.,-1.));
#3576=DIRECTION('',(-1.,0.,0.));
#3577=DIRECTION('',(1.,1.01166945462008E-15,0.));
#3578=DIRECTION('',(-1.01166945462008E-15,1.,0.));
#3579=DIRECTION('',(1.,1.01166945462008E-15,0.));
#3580=DIRECTION('',(7.15358331681158E-16,-0.707106781186548,0.707106781186548));
#3581=DIRECTION('',(1.01166945462008E-15,-1.,0.));
#3582=DIRECTION('',(1.,1.01166945462008E-15,0.));
#3583=DIRECTION('',(7.15358331681158E-16,-0.707106781186548,-0.707106781186548));
#3584=DIRECTION('',(1.,6.74446303080056E-16,0.));
#3585=DIRECTION('',(-6.74446303080056E-16,1.,0.));
#3586=DIRECTION('',(-6.74446303080056E-16,1.,0.));
#3587=DIRECTION('',(1.,6.74446303080056E-16,0.));
#3588=DIRECTION('',(4.76905554454105E-16,-0.707106781186548,0.707106781186548));
#3589=DIRECTION('',(1.,6.74446303080056E-16,0.));
#3590=DIRECTION('',(4.76905554454105E-16,-0.707106781186548,-0.707106781186548));
#3591=DIRECTION('',(0.707106781186547,0.,-0.707106781186548));
#3592=DIRECTION('',(0.,1.,0.));
#3593=DIRECTION('',(-0.577350269189626,0.577350269189626,-0.577350269189626));
#3594=DIRECTION('',(-0.577350269189626,-0.577350269189626,-0.577350269189626));
#3595=DIRECTION('',(0.,0.707106781186547,0.707106781186548));
#3596=DIRECTION('',(1.,0.,0.));
#3597=DIRECTION('',(0.577350269189626,-0.577350269189626,0.577350269189626));
#3598=DIRECTION('',(0.577350269189626,0.577350269189626,-0.577350269189626));
#3599=DIRECTION('',(0.,0.707106781186547,-0.707106781186548));
#3600=DIRECTION('',(-1.,0.,0.));
#3601=DIRECTION('',(-0.577350269189626,0.577350269189626,0.577350269189626));
#3602=DIRECTION('',(-0.577350269189626,-0.577350269189626,-0.577350269189626));
#3603=DIRECTION('',(0.707106781186547,0.,0.707106781186548));
#3604=DIRECTION('',(0.,-1.,0.));
#3605=DIRECTION('',(0.577350269189626,0.577350269189626,-0.577350269189626));
#3606=DIRECTION('',(0.577350269189626,-0.577350269189626,-0.577350269189626));
#3607=DIRECTION('',(-0.577350269189626,0.577350269189626,-0.577350269189626));
#3608=DIRECTION('',(-0.707106781186548,-0.707106781186548,0.));
#3609=DIRECTION('',(-0.577350269189626,-0.577350269189626,0.577350269189626));
#3610=DIRECTION('',(0.707106781186548,-0.707106781186548,0.));
#3611=DIRECTION('',(-0.577350269189626,0.577350269189626,0.577350269189626));
#3612=DIRECTION('',(-0.707106781186548,-0.707106781186548,0.));
#3613=DIRECTION('',(-0.577350269189626,-0.577350269189626,-0.577350269189626));
#3614=DIRECTION('',(0.707106781186548,-0.707106781186548,0.));
#3615=DIRECTION('',(-6.06007806014104E-16,0.707106781186548,0.707106781186548));
#3616=DIRECTION('',(1.,8.57024458169109E-16,0.));
#3617=DIRECTION('',(-0.577350269189626,0.577350269189625,-0.577350269189626));
#3618=DIRECTION('',(0.577350269189626,0.577350269189626,-0.577350269189626));
#3619=DIRECTION('',(8.17756488897797E-16,-0.707106781186548,0.707106781186548));
#3620=DIRECTION('',(-1.,-1.15648231731787E-15,0.));
#3621=DIRECTION('',(0.577350269189625,0.577350269189627,0.577350269189626));
#3622=DIRECTION('',(-0.577350269189627,0.577350269189625,0.577350269189626));
#3623=DIRECTION('',(-0.707106781186548,-7.15358331681158E-16,0.707106781186548));
#3624=DIRECTION('',(-1.01166945462008E-15,1.,0.));
#3625=DIRECTION('',(-0.577350269189626,0.577350269189625,-0.577350269189626));
#3626=DIRECTION('',(0.577350269189625,0.577350269189627,0.577350269189626));
#3627=DIRECTION('',(-0.707106781186547,-4.76905554454105E-16,-0.707106781186548));
#3628=DIRECTION('',(6.74446303080056E-16,-1.,0.));
#3629=DIRECTION('',(-0.577350269189626,-0.577350269189626,0.577350269189626));
#3630=DIRECTION('',(0.577350269189627,-0.577350269189625,-0.577350269189626));
#3631=DIRECTION('',(0.577350269189626,-0.577350269189625,0.577350269189626));
#3632=DIRECTION('',(0.707106781186547,0.,-0.707106781186548));
#3633=DIRECTION('',(-0.577350269189626,-0.577350269189626,0.577350269189626));
#3634=DIRECTION('',(0.,-0.707106781186547,-0.707106781186548));
#3635=DIRECTION('',(-0.577350269189625,-0.577350269189626,-0.577350269189626));
#3636=DIRECTION('',(0.,0.707106781186547,-0.707106781186548));
#3637=DIRECTION('',(0.577350269189627,-0.577350269189625,-0.577350269189626));
#3638=DIRECTION('',(-0.707106781186547,0.,-0.707106781186548));
#3639=CARTESIAN_POINT('',(0.,0.,0.));
#3640=CARTESIAN_POINT('',(-0.00150145767875452,-0.0056164731245283,0.));
#3641=CARTESIAN_POINT('',(-0.00150145767875452,-0.0184691699245283,0.));
#3642=CARTESIAN_POINT('',(0.0594601667323797,-0.0184691699245283,0.));
#3643=CARTESIAN_POINT('',(0.050911215826524,-0.0184691699245283,0.));
#3644=CARTESIAN_POINT('',(0.0523254293888971,-0.0212975970492745,0.));
#3645=CARTESIAN_POINT('',(0.049497002264151,-0.0198833834869014,0.));
#3646=CARTESIAN_POINT('',(0.049497002264151,-0.0056164731245283,0.));
#3647=CARTESIAN_POINT('',(0.049497002264151,-0.023553054617863,0.));
#3648=CARTESIAN_POINT('',(0.0523254293888971,-0.0221388410554898,0.));
#3649=CARTESIAN_POINT('',(0.0509112158265241,-0.024967268180236,0.));
#3650=CARTESIAN_POINT('',(-0.00150145767875452,-0.024967268180236,0.));
#3651=CARTESIAN_POINT('',(0.0594601667323797,-0.024967268180236,0.));
#3652=CARTESIAN_POINT('',(0.0580459531700066,-0.0221388410554898,0.));
#3653=CARTESIAN_POINT('',(0.0608743802947528,-0.023553054617863,0.));
#3654=CARTESIAN_POINT('',(0.0608743802947528,-0.0056164731245283,0.));
#3655=CARTESIAN_POINT('',(0.0608743802947528,-0.0198833834869014,0.));
#3656=CARTESIAN_POINT('',(0.0580459531700066,-0.0212975970492745,0.));
#3657=CARTESIAN_POINT('',(-0.0390524953794263,0.0485489008754717,0.));
#3658=CARTESIAN_POINT('',(-0.0691455597789298,0.0451398842005089,0.));
#3659=CARTESIAN_POINT('',(-0.00453968026868595,0.0524585978292444,0.));
#3660=CARTESIAN_POINT('',(-0.00228842987001028,0.0325857049436461,0.));
#3661=CARTESIAN_POINT('',(-6.72389377475297E-5,0.052461980018278,0.));
#3662=CARTESIAN_POINT('',(0.0349495013277194,0.0485488290046696,0.));
#3663=CARTESIAN_POINT('',(0.0655944544308804,0.0451242289879776,0.));
#3664=CARTESIAN_POINT('',(0.0647615078312819,0.0376706258349907,0.));
#3665=CARTESIAN_POINT('',(0.0722612169264999,0.0377366825311235,0.));
#3666=CARTESIAN_POINT('',(0.0725005390283913,0.0105653850046696,0.));
#3667=CARTESIAN_POINT('',(0.0727789559942518,-0.0210445254717282,0.));
#3668=CARTESIAN_POINT('',(0.0652792468990338,-0.0211105821678611,0.));
#3669=CARTESIAN_POINT('',(0.0716159092247678,-0.0251226527766146,0.));
#3670=CARTESIAN_POINT('',(0.0599169918121462,-0.0435999171245283,0.));
#3671=CARTESIAN_POINT('',(0.0492439476735215,-0.0604569177332818,0.));
#3672=CARTESIAN_POINT('',(0.0429072853477876,-0.0564448471245283,0.));
#3673=CARTESIAN_POINT('',(0.0429072853477876,-0.0639448471245283,0.));
#3674=CARTESIAN_POINT('',(-0.0120703513885256,-0.0639448471245283,0.));
#3675=CARTESIAN_POINT('',(-0.0680696586866744,-0.0639448471245283,0.));
#3676=CARTESIAN_POINT('',(-0.0680696586866744,-0.0564448471245283,0.));
#3677=CARTESIAN_POINT('',(-0.0733729601188934,-0.0617481474101075,0.));
#3678=CARTESIAN_POINT('',(-0.0734888008794264,-0.0616323066245283,0.));
#3679=CARTESIAN_POINT('',(-0.0736046423116453,-0.061516465167263,0.));
#3680=CARTESIAN_POINT('',(-0.0683013408794264,-0.0562131648816838,0.));
#3681=CARTESIAN_POINT('',(-0.0758013408794264,-0.0562131648816838,0.));
#3682=CARTESIAN_POINT('',(-0.0758013408794264,-0.0074669326245283,0.));
#3683=CARTESIAN_POINT('',(-0.0758013408794264,0.0376875493684095,0.));
#3684=CARTESIAN_POINT('',(-0.0683013408794264,0.0376875493684095,0.));
#3685=CARTESIAN_POINT('',(0.0448890576927224,-0.0230689449245283,0.));
#3686=CARTESIAN_POINT('',(0.0448890576927224,-0.0308689449245283,0.));
#3687=CARTESIAN_POINT('',(0.0448890576927224,-0.0152689449245283,0.));
#3688=CARTESIAN_POINT('',(0.0370890576927224,-0.0152689449245283,0.));
#3689=CARTESIAN_POINT('',(0.0292890576927224,-0.0152689449245283,0.));
#3690=CARTESIAN_POINT('',(0.0292890576927224,-0.0230689449245283,0.));
#3691=CARTESIAN_POINT('',(0.0292890576927224,-0.0308689449245283,0.));
#3692=CARTESIAN_POINT('',(0.0370890576927224,-0.0308689449245283,0.));
#3693=CARTESIAN_POINT('',(0.0180890576927224,-0.0358689449245283,0.));
#3694=CARTESIAN_POINT('',(0.0102890576927224,-0.0358689449245283,0.));
#3695=CARTESIAN_POINT('',(0.0258890576927224,-0.0358689449245283,0.));
#3696=CARTESIAN_POINT('',(0.0258890576927224,-0.0280689449245283,0.));
#3697=CARTESIAN_POINT('',(0.0258890576927224,-0.0202689449245283,0.));
#3698=CARTESIAN_POINT('',(0.0180890576927224,-0.0202689449245283,0.));
#3699=CARTESIAN_POINT('',(0.0102890576927224,-0.0202689449245283,0.));
#3700=CARTESIAN_POINT('',(0.0102890576927224,-0.0280689449245283,0.));
#3701=CARTESIAN_POINT('',(0.0180344296927223,-0.0181918209245283,0.));
#3702=CARTESIAN_POINT('',(0.0102344296927224,-0.0181918209245283,0.));
#3703=CARTESIAN_POINT('',(0.0258344296927224,-0.0181918209245283,0.));
#3704=CARTESIAN_POINT('',(0.0258344296927224,-0.0103918209245283,0.));
#3705=CARTESIAN_POINT('',(0.0258344296927224,-0.0025918209245283,0.));
#3706=CARTESIAN_POINT('',(0.0180344296927224,-0.0025918209245283,0.));
#3707=CARTESIAN_POINT('',(0.0102344296927224,-0.0025918209245283,0.));
#3708=CARTESIAN_POINT('',(0.0102344296927224,-0.0103918209245283,0.));
#3709=CARTESIAN_POINT('',(0.0102344296927224,0.0070846070754717,0.));
#3710=CARTESIAN_POINT('',(0.0102344296927224,0.0148846070754717,0.));
#3711=CARTESIAN_POINT('',(0.0102344296927224,-0.000715392924528301,0.));
#3712=CARTESIAN_POINT('',(0.0180344296927223,-0.000715392924528302,0.));
#3713=CARTESIAN_POINT('',(0.0258344296927224,-0.000715392924528303,0.));
#3714=CARTESIAN_POINT('',(0.0258344296927224,0.0070846070754717,0.));
#3715=CARTESIAN_POINT('',(0.0258344296927224,0.0148846070754717,0.));
#3716=CARTESIAN_POINT('',(0.0180344296927224,0.0148846070754717,0.));
#3717=CARTESIAN_POINT('',(0.0370470156927224,0.0042846070754717,0.));
#3718=CARTESIAN_POINT('',(0.0292470156927224,0.0042846070754717,0.));
#3719=CARTESIAN_POINT('',(0.0448470156927224,0.0042846070754717,0.));
#3720=CARTESIAN_POINT('',(0.0448470156927224,0.0120846070754717,0.));
#3721=CARTESIAN_POINT('',(0.0448470156927224,0.0198846070754717,0.));
#3722=CARTESIAN_POINT('',(0.0370470156927224,0.0198846070754717,0.));
#3723=CARTESIAN_POINT('',(0.0292470156927224,0.0198846070754717,0.));
#3724=CARTESIAN_POINT('',(0.0292470156927224,0.0120846070754717,0.));
#3725=CARTESIAN_POINT('',(0.0448470156927224,-0.0053918209245283,0.));
#3726=CARTESIAN_POINT('',(0.0448470156927224,-0.0131918209245283,0.));
#3727=CARTESIAN_POINT('',(0.0448470156927224,0.0024081790754717,0.));
#3728=CARTESIAN_POINT('',(0.0370470156927224,0.0024081790754717,0.));
#3729=CARTESIAN_POINT('',(0.0292470156927224,0.0024081790754717,0.));
#3730=CARTESIAN_POINT('',(0.0292470156927224,-0.0053918209245283,0.));
#3731=CARTESIAN_POINT('',(0.0292470156927224,-0.0131918209245283,0.));
#3732=CARTESIAN_POINT('',(0.0370470156927224,-0.0131918209245283,0.));
#3733=CARTESIAN_POINT('',(0.0370470156927224,0.0215424720754717,0.));
#3734=CARTESIAN_POINT('',(0.0292470156927224,0.0215424720754717,0.));
#3735=CARTESIAN_POINT('',(0.0448470156927224,0.0215424720754717,0.));
#3736=CARTESIAN_POINT('',(0.0448470156927224,0.0293424720754717,0.));
#3737=CARTESIAN_POINT('',(0.0448470156927224,0.0371424720754717,0.));
#3738=CARTESIAN_POINT('',(0.0370470156927224,0.0371424720754717,0.));
#3739=CARTESIAN_POINT('',(0.0292470156927224,0.0371424720754717,0.));
#3740=CARTESIAN_POINT('',(0.0292470156927224,0.0293424720754717,0.));
#3741=CARTESIAN_POINT('',(-0.0665029843072776,0.0243424720754717,0.));
#3742=CARTESIAN_POINT('',(-0.0665029843072776,0.0321424720754717,0.));
#3743=CARTESIAN_POINT('',(-0.0665029843072776,0.0165424720754717,0.));
#3744=CARTESIAN_POINT('',(-0.0587029843072776,0.0165424720754717,0.));
#3745=CARTESIAN_POINT('',(-0.0509029843072776,0.0165424720754717,0.));
#3746=CARTESIAN_POINT('',(-0.0509029843072776,0.0243424720754717,0.));
#3747=CARTESIAN_POINT('',(-0.0509029843072776,0.0321424720754717,0.));
#3748=CARTESIAN_POINT('',(-0.0587029843072776,0.0321424720754717,0.));
#3749=CARTESIAN_POINT('',(-0.0392572283072777,0.0024081790754717,0.));
#3750=CARTESIAN_POINT('',(-0.0314572283072777,0.0024081790754717,0.));
#3751=CARTESIAN_POINT('',(-0.0470572283072776,0.0024081790754717,0.));
#3752=CARTESIAN_POINT('',(-0.0470572283072776,-0.0053918209245283,0.));
#3753=CARTESIAN_POINT('',(-0.0470572283072776,-0.0131918209245283,0.));
#3754=CARTESIAN_POINT('',(-0.0392572283072777,-0.0131918209245283,0.));
#3755=CARTESIAN_POINT('',(-0.0314572283072777,-0.0131918209245283,0.));
#3756=CARTESIAN_POINT('',(-0.0314572283072777,-0.0053918209245283,0.));
#3757=CARTESIAN_POINT('',(-0.0204029843072776,0.0321424720754717,0.));
#3758=CARTESIAN_POINT('',(-0.0126029843072776,0.0321424720754717,0.));
#3759=CARTESIAN_POINT('',(-0.0282029843072776,0.0321424720754717,0.));
#3760=CARTESIAN_POINT('',(-0.0282029843072776,0.0243424720754717,0.));
#3761=CARTESIAN_POINT('',(-0.0282029843072776,0.0165424720754717,0.));
#3762=CARTESIAN_POINT('',(-0.0204029843072777,0.0165424720754717,0.));
#3763=CARTESIAN_POINT('',(-0.0126029843072776,0.0165424720754717,0.));
#3764=CARTESIAN_POINT('',(-0.0126029843072776,0.0243424720754717,0.));
#3765=CARTESIAN_POINT('',(-0.0204029843072776,0.0148846070754717,0.));
#3766=CARTESIAN_POINT('',(-0.0126029843072776,0.0148846070754717,0.));
#3767=CARTESIAN_POINT('',(-0.0282029843072777,0.0148846070754717,0.));
#3768=CARTESIAN_POINT('',(-0.0282029843072777,0.0070846070754717,0.));
#3769=CARTESIAN_POINT('',(-0.0282029843072776,-0.000715392924528301,0.));
#3770=CARTESIAN_POINT('',(-0.0204029843072777,-0.000715392924528302,0.));
#3771=CARTESIAN_POINT('',(-0.0126029843072776,-0.000715392924528303,0.));
#3772=CARTESIAN_POINT('',(-0.0126029843072776,0.0070846070754717,0.));
#3773=CARTESIAN_POINT('',(-0.0204029843072776,-0.0025918209245283,0.));
#3774=CARTESIAN_POINT('',(-0.0126029843072776,-0.0025918209245283,0.));
#3775=CARTESIAN_POINT('',(-0.0282029843072776,-0.0025918209245283,0.));
#3776=CARTESIAN_POINT('',(-0.0282029843072776,-0.0103918209245283,0.));
#3777=CARTESIAN_POINT('',(-0.0282029843072776,-0.0181918209245283,0.));
#3778=CARTESIAN_POINT('',(-0.0204029843072777,-0.0181918209245283,0.));
#3779=CARTESIAN_POINT('',(-0.0126029843072776,-0.0181918209245283,0.));
#3780=CARTESIAN_POINT('',(-0.0126029843072776,-0.0103918209245283,0.));
#3781=CARTESIAN_POINT('',(0.00668442969272237,0.0293424720754717,0.));
#3782=CARTESIAN_POINT('',(0.00668442969272237,0.0215424720754717,0.));
#3783=CARTESIAN_POINT('',(0.00668442969272237,0.0371424720754717,0.));
#3784=CARTESIAN_POINT('',(-0.00111557030727763,0.0371424720754717,0.));
#3785=CARTESIAN_POINT('',(-0.00891557030727762,0.0371424720754717,0.));
#3786=CARTESIAN_POINT('',(-0.00891557030727763,0.0293424720754717,0.));
#3787=CARTESIAN_POINT('',(-0.00891557030727763,0.0215424720754717,0.));
#3788=CARTESIAN_POINT('',(-0.00111557030727763,0.0215424720754717,0.));
#3789=CARTESIAN_POINT('',(0.00668442969272237,0.0120846070754717,0.));
#3790=CARTESIAN_POINT('',(0.00668442969272237,0.0042846070754717,0.));
#3791=CARTESIAN_POINT('',(0.00668442969272237,0.0198846070754717,0.));
#3792=CARTESIAN_POINT('',(-0.00111557030727763,0.0198846070754717,0.));
#3793=CARTESIAN_POINT('',(-0.00891557030727762,0.0198846070754717,0.));
#3794=CARTESIAN_POINT('',(-0.00891557030727763,0.0120846070754717,0.));
#3795=CARTESIAN_POINT('',(-0.00891557030727763,0.0042846070754717,0.));
#3796=CARTESIAN_POINT('',(-0.00111557030727763,0.0042846070754717,0.));
#3797=CARTESIAN_POINT('',(-0.0635120377358491,-0.0510046299245283,0.));
#3798=CARTESIAN_POINT('',(-0.0620120377358491,-0.0510046299245283,0.));
#3799=CARTESIAN_POINT('',(-0.0662120377358491,0.0370453700754717,0.));
#3800=CARTESIAN_POINT('',(-0.0647120377358491,0.0370453700754717,0.));
#3801=CARTESIAN_POINT('',(0.050987962264151,-0.0375046299245283,0.));
#3802=CARTESIAN_POINT('',(0.052487962264151,-0.0375046299245283,0.));
#3803=CARTESIAN_POINT('',(0.0624879622641509,0.0364953700754717,0.));
#3804=CARTESIAN_POINT('',(0.0639879622641509,0.0364953700754717,0.));
#3805=CARTESIAN_POINT('',(-0.00111557030727763,0.0024081790754717,0.));
#3806=CARTESIAN_POINT('',(0.00668442969272237,0.0024081790754717,0.));
#3807=CARTESIAN_POINT('',(-0.00891557030727762,0.0024081790754717,0.));
#3808=CARTESIAN_POINT('',(-0.00891557030727763,-0.0053918209245283,0.));
#3809=CARTESIAN_POINT('',(-0.00891557030727763,-0.0131918209245283,0.));
#3810=CARTESIAN_POINT('',(-0.00111557030727763,-0.0131918209245283,0.));
#3811=CARTESIAN_POINT('',(0.00668442969272237,-0.0131918209245283,0.));
#3812=CARTESIAN_POINT('',(0.00668442969272237,-0.0053918209245283,0.));
#3813=CARTESIAN_POINT('',(-0.0314572283072777,0.0293424720754717,0.));
#3814=CARTESIAN_POINT('',(-0.0314572283072777,0.0371424720754717,0.));
#3815=CARTESIAN_POINT('',(-0.0314572283072777,0.0215424720754717,0.));
#3816=CARTESIAN_POINT('',(-0.0392572283072777,0.0371424720754717,0.));
#3817=CARTESIAN_POINT('',(-0.0470572283072776,0.0371424720754717,0.));
#3818=CARTESIAN_POINT('',(-0.0470572283072776,0.0293424720754717,0.));
#3819=CARTESIAN_POINT('',(-0.0470572283072776,0.0215424720754717,0.));
#3820=CARTESIAN_POINT('',(-0.0392572283072777,0.0215424720754717,0.));
#3821=CARTESIAN_POINT('',(-0.0314572283072777,0.0120846070754717,0.));
#3822=CARTESIAN_POINT('',(-0.0314572283072777,0.0198846070754717,0.));
#3823=CARTESIAN_POINT('',(-0.0314572283072777,0.0042846070754717,0.));
#3824=CARTESIAN_POINT('',(-0.0392572283072777,0.0198846070754717,0.));
#3825=CARTESIAN_POINT('',(-0.0470572283072776,0.0198846070754717,0.));
#3826=CARTESIAN_POINT('',(-0.0470572283072776,0.0120846070754717,0.));
#3827=CARTESIAN_POINT('',(-0.0470572283072776,0.0042846070754717,0.));
#3828=CARTESIAN_POINT('',(-0.0392572283072777,0.0042846070754717,0.));
#3829=CARTESIAN_POINT('',(-0.0587029843072776,-0.0025918209245283,0.));
#3830=CARTESIAN_POINT('',(-0.0665029843072776,-0.0025918209245283,0.));
#3831=CARTESIAN_POINT('',(-0.0509029843072776,-0.0025918209245283,0.));
#3832=CARTESIAN_POINT('',(-0.0665029843072776,-0.0103918209245283,0.));
#3833=CARTESIAN_POINT('',(-0.0665029843072776,-0.0181918209245283,0.));
#3834=CARTESIAN_POINT('',(-0.0587029843072776,-0.0181918209245283,0.));
#3835=CARTESIAN_POINT('',(-0.0509029843072776,-0.0181918209245283,0.));
#3836=CARTESIAN_POINT('',(-0.0509029843072776,-0.0103918209245283,0.));
#3837=CARTESIAN_POINT('',(-0.0587029843072776,0.0148846070754717,0.));
#3838=CARTESIAN_POINT('',(-0.0665029843072776,0.0148846070754717,0.));
#3839=CARTESIAN_POINT('',(-0.0509029843072776,0.0148846070754717,0.));
#3840=CARTESIAN_POINT('',(-0.0665029843072776,0.0070846070754717,0.));
#3841=CARTESIAN_POINT('',(-0.0665029843072776,-0.000715392924528301,0.));
#3842=CARTESIAN_POINT('',(-0.0587029843072776,-0.000715392924528302,0.));
#3843=CARTESIAN_POINT('',(-0.0509029843072776,-0.000715392924528303,0.));
#3844=CARTESIAN_POINT('',(-0.0509029843072776,0.0070846070754717,0.));
#3845=CARTESIAN_POINT('',(0.0180344296927223,0.0165424720754717,0.));
#3846=CARTESIAN_POINT('',(0.0258344296927224,0.0165424720754717,0.));
#3847=CARTESIAN_POINT('',(0.0102344296927224,0.0165424720754717,0.));
#3848=CARTESIAN_POINT('',(0.0258344296927224,0.0243424720754717,0.));
#3849=CARTESIAN_POINT('',(0.0258344296927224,0.0321424720754717,0.));
#3850=CARTESIAN_POINT('',(0.0180344296927224,0.0321424720754717,0.));
#3851=CARTESIAN_POINT('',(0.0102344296927224,0.0321424720754717,0.));
#3852=CARTESIAN_POINT('',(0.0102344296927224,0.0243424720754717,0.));
#3853=CARTESIAN_POINT('',(0.0320890576927224,-0.0521189449245283,0.));
#3854=CARTESIAN_POINT('',(0.0398890576927224,-0.0521189449245283,0.));
#3855=CARTESIAN_POINT('',(0.0242890576927224,-0.0521189449245283,0.));
#3856=CARTESIAN_POINT('',(0.0398890576927224,-0.0443189449245283,0.));
#3857=CARTESIAN_POINT('',(0.0398890576927224,-0.0365189449245283,0.));
#3858=CARTESIAN_POINT('',(0.0320890576927224,-0.0365189449245283,0.));
#3859=CARTESIAN_POINT('',(0.0242890576927224,-0.0365189449245283,0.));
#3860=CARTESIAN_POINT('',(0.0242890576927224,-0.0443189449245283,0.));
#3861=CARTESIAN_POINT('',(-0.00150145767875451,-0.0153459799245284,0.));
#3862=CARTESIAN_POINT('',(0.0468701758265241,-0.0153459799245283,0.));
#3863=CARTESIAN_POINT('',(0.0627864906127574,-0.0153459799245283,0.));
#3864=CARTESIAN_POINT('',(0.0613722770503842,-0.0125175527997821,3.46944695195361E-18));
#3865=CARTESIAN_POINT('',(0.0639007041751304,-0.0148796243703401,0.));
#3866=CARTESIAN_POINT('',(0.0639007041751304,0.0037574345023764,0.));
#3867=CARTESIAN_POINT('',(0.0639007041751304,0.0223944933750929,0.));
#3868=CARTESIAN_POINT('',(0.0613722770503842,0.0200324218045349,0.));
#3869=CARTESIAN_POINT('',(0.0627864906127573,0.0228608489292811,0.));
#3870=CARTESIAN_POINT('',(-0.00150145767875455,0.0228608489292811,0.));
#3871=CARTESIAN_POINT('',(0.046870175826524,0.0228608489292811,0.));
#3872=CARTESIAN_POINT('',(0.0482843893888971,0.0200324218045349,0.));
#3873=CARTESIAN_POINT('',(0.0457559622641509,0.0223944933750929,0.));
#3874=CARTESIAN_POINT('',(0.045755962264151,0.00375743450237639,0.));
#3875=CARTESIAN_POINT('',(0.045755962264151,-0.0148796243703401,0.));
#3876=CARTESIAN_POINT('',(0.0482843893888972,-0.0125175527997821,0.));
#3877=CARTESIAN_POINT('',(0.0601904202947528,-0.0217182190523822,0.0035));
#3878=CARTESIAN_POINT('',(0.0601904202947528,-0.0191531299245283,0.0035));
#3879=CARTESIAN_POINT('',(0.0601904202947528,-0.0191531299245283,0.0035));
#3880=CARTESIAN_POINT('',(0.0601904202947528,-0.0191531299245283,0.000305022618036987));
#3881=CARTESIAN_POINT('',(0.0601904202947528,-0.0191531299245283,-0.0021444671247462));
#3882=CARTESIAN_POINT('',(0.0601904202947528,-0.0205673434869014,0.00068396));
#3883=CARTESIAN_POINT('',(0.0601904202947528,-0.0217182190523822,0.00068396));
#3884=CARTESIAN_POINT('',(0.0601904202947528,-0.022869094617863,0.00068396));
#3885=CARTESIAN_POINT('',(0.0601904202947528,-0.0242833081802361,-0.00214446712474618));
#3886=CARTESIAN_POINT('',(0.0601904202947528,-0.0242833081802361,0.00030502261803699));
#3887=CARTESIAN_POINT('',(0.0601904202947528,-0.0242833081802361,0.0035));
#3888=CARTESIAN_POINT('',(0.0601904202947528,-0.0242833081802361,0.0035));
#3889=CARTESIAN_POINT('',(0.0601904202947528,-0.0217182190523822,0.0035));
#3890=CARTESIAN_POINT('',(0.0551856912794519,-0.0242833081802361,0.0035));
#3891=CARTESIAN_POINT('',(0.0601904202947528,-0.0242833081802361,-0.00214446712474618));
#3892=CARTESIAN_POINT('',(0.0587762067323797,-0.0242833081802361,0.00068396));
#3893=CARTESIAN_POINT('',(0.0551856912794519,-0.0242833081802361,0.00068396));
#3894=CARTESIAN_POINT('',(0.051595175826524,-0.0242833081802361,0.00068396));
#3895=CARTESIAN_POINT('',(0.050180962264151,-0.0242833081802361,-0.00214446712474619));
#3896=CARTESIAN_POINT('',(0.050180962264151,-0.0242833081802361,0.000305022618036988));
#3897=CARTESIAN_POINT('',(0.050180962264151,-0.0242833081802361,0.0035));
#3898=CARTESIAN_POINT('',(0.050180962264151,-0.0242833081802361,0.0035));
#3899=CARTESIAN_POINT('',(0.0551856912794519,-0.0242833081802361,0.0035));
#3900=CARTESIAN_POINT('',(0.050180962264151,-0.0217182190523822,0.0035));
#3901=CARTESIAN_POINT('',(0.050180962264151,-0.0242833081802361,-0.00214446712474619));
#3902=CARTESIAN_POINT('',(0.050180962264151,-0.022869094617863,0.00068396));
#3903=CARTESIAN_POINT('',(0.050180962264151,-0.0217182190523822,0.00068396));
#3904=CARTESIAN_POINT('',(0.050180962264151,-0.0205673434869014,0.00068396));
#3905=CARTESIAN_POINT('',(0.050180962264151,-0.0191531299245283,-0.00214446712474619));
#3906=CARTESIAN_POINT('',(0.050180962264151,-0.0191531299245283,0.000305022618036987));
#3907=CARTESIAN_POINT('',(0.050180962264151,-0.0191531299245283,0.0035));
#3908=CARTESIAN_POINT('',(0.050180962264151,-0.0191531299245283,0.0035));
#3909=CARTESIAN_POINT('',(0.050180962264151,-0.0217182190523822,0.0035));
#3910=CARTESIAN_POINT('',(0.0609007041751304,0.0037574345023764,0.0035));
#3911=CARTESIAN_POINT('',(0.0609007041751304,0.0195608489292811,0.0035));
#3912=CARTESIAN_POINT('',(0.0609007041751304,0.0195608489292811,0.0035));
#3913=CARTESIAN_POINT('',(0.0609007041751304,0.0195608489292811,0.00292106261803699));
#3914=CARTESIAN_POINT('',(0.0609007041751304,0.0195608489292811,0.00047157287525381));
#3915=CARTESIAN_POINT('',(0.0609007041751304,0.018146635366908,0.0033));
#3916=CARTESIAN_POINT('',(0.0609007041751304,0.0037574345023764,0.0033));
#3917=CARTESIAN_POINT('',(0.0609007041751304,-0.0106317663621552,0.0033));
#3918=CARTESIAN_POINT('',(0.0609007041751304,-0.0120459799245283,0.000471572875253817));
#3919=CARTESIAN_POINT('',(0.0609007041751304,-0.0120459799245283,0.00292106261803699));
#3920=CARTESIAN_POINT('',(0.0609007041751304,-0.0120459799245283,0.0035));
#3921=CARTESIAN_POINT('',(0.0609007041751304,-0.0120459799245283,0.0035));
#3922=CARTESIAN_POINT('',(0.0609007041751304,0.0037574345023764,0.0035));
#3923=CARTESIAN_POINT('',(0.0548283332196407,-0.0120459799245283,0.0035));
#3924=CARTESIAN_POINT('',(0.0609007041751304,-0.0120459799245283,0.000471572875253803));
#3925=CARTESIAN_POINT('',(0.0594864906127573,-0.0120459799245283,0.0033));
#3926=CARTESIAN_POINT('',(0.0548283332196407,-0.0120459799245283,0.0033));
#3927=CARTESIAN_POINT('',(0.0501701758265241,-0.0120459799245283,0.0033));
#3928=CARTESIAN_POINT('',(0.048755962264151,-0.0120459799245283,0.000471572875253807));
#3929=CARTESIAN_POINT('',(0.048755962264151,-0.0120459799245283,0.00292106261803698));
#3930=CARTESIAN_POINT('',(0.048755962264151,-0.0120459799245283,0.0035));
#3931=CARTESIAN_POINT('',(0.048755962264151,-0.0120459799245283,0.0035));
#3932=CARTESIAN_POINT('',(0.0548283332196407,-0.0120459799245283,0.0035));
#3933=CARTESIAN_POINT('',(0.048755962264151,0.00375743450237639,0.0035));
#3934=CARTESIAN_POINT('',(0.048755962264151,-0.0120459799245283,0.000471572875253786));
#3935=CARTESIAN_POINT('',(0.048755962264151,-0.0106317663621552,0.0033));
#3936=CARTESIAN_POINT('',(0.048755962264151,0.00375743450237639,0.0033));
#3937=CARTESIAN_POINT('',(0.048755962264151,0.018146635366908,0.0033));
#3938=CARTESIAN_POINT('',(0.048755962264151,0.0195608489292811,0.000471572875253826));
#3939=CARTESIAN_POINT('',(0.0487559622641509,0.0195608489292811,0.002921062618037));
#3940=CARTESIAN_POINT('',(0.0487559622641509,0.0195608489292811,0.0035));
#3941=CARTESIAN_POINT('',(0.0487559622641509,0.0195608489292811,0.0035));
#3942=CARTESIAN_POINT('',(0.048755962264151,0.00375743450237639,0.0035));
#3943=CARTESIAN_POINT('',(0.0320890576927224,-0.0521189449245283,0.0035));
#3944=CARTESIAN_POINT('',(0.0242890576927224,-0.0521189449245283,0.0035));
#3945=CARTESIAN_POINT('',(0.0242890576927224,-0.0521189449245283,0.0035));
#3946=CARTESIAN_POINT('',(0.0320890576927224,-0.0521189449245283,0.0035));
#3947=CARTESIAN_POINT('',(0.0398890576927224,-0.0521189449245283,0.0035));
#3948=CARTESIAN_POINT('',(0.0398890576927224,-0.0521189449245283,0.0035));
#3949=CARTESIAN_POINT('',(0.0242890576927224,-0.0443189449245283,0.0035));
#3950=CARTESIAN_POINT('',(0.0242890576927224,-0.0365189449245283,0.0035));
#3951=CARTESIAN_POINT('',(0.0242890576927224,-0.0365189449245283,0.0035));
#3952=CARTESIAN_POINT('',(0.0242890576927224,-0.0443189449245283,0.0035));
#3953=CARTESIAN_POINT('',(0.0320890576927224,-0.0365189449245283,0.0035));
#3954=CARTESIAN_POINT('',(0.0398890576927224,-0.0365189449245283,0.0035));
#3955=CARTESIAN_POINT('',(0.0398890576927224,-0.0365189449245283,0.0035));
#3956=CARTESIAN_POINT('',(0.0320890576927224,-0.0365189449245283,0.0035));
#3957=CARTESIAN_POINT('',(0.0180344296927223,0.0165424720754717,0.0035));
#3958=CARTESIAN_POINT('',(0.0102344296927224,0.0165424720754717,0.0035));
#3959=CARTESIAN_POINT('',(0.0102344296927224,0.0165424720754717,0.0035));
#3960=CARTESIAN_POINT('',(0.0180344296927223,0.0165424720754717,0.0035));
#3961=CARTESIAN_POINT('',(0.0258344296927224,0.0165424720754717,0.0035));
#3962=CARTESIAN_POINT('',(0.0258344296927224,0.0165424720754717,0.0035));
#3963=CARTESIAN_POINT('',(0.0102344296927224,0.0243424720754717,0.0035));
#3964=CARTESIAN_POINT('',(0.0102344296927224,0.0321424720754717,0.0035));
#3965=CARTESIAN_POINT('',(0.0102344296927224,0.0321424720754717,0.0035));
#3966=CARTESIAN_POINT('',(0.0102344296927224,0.0243424720754717,0.0035));
#3967=CARTESIAN_POINT('',(0.0180344296927224,0.0321424720754717,0.0035));
#3968=CARTESIAN_POINT('',(0.0258344296927224,0.0321424720754717,0.0035));
#3969=CARTESIAN_POINT('',(0.0258344296927224,0.0321424720754717,0.0035));
#3970=CARTESIAN_POINT('',(0.0180344296927224,0.0321424720754717,0.0035));
#3971=CARTESIAN_POINT('',(-0.0587029843072776,0.0148846070754717,0.0035));
#3972=CARTESIAN_POINT('',(-0.0509029843072776,0.0148846070754717,0.0035));
#3973=CARTESIAN_POINT('',(-0.0509029843072776,0.0148846070754717,0.0035));
#3974=CARTESIAN_POINT('',(-0.0587029843072776,0.0148846070754717,0.0035));
#3975=CARTESIAN_POINT('',(-0.0665029843072776,0.0148846070754717,0.0035));
#3976=CARTESIAN_POINT('',(-0.0665029843072776,0.0148846070754717,0.0035));
#3977=CARTESIAN_POINT('',(-0.0509029843072776,0.0070846070754717,0.0035));
#3978=CARTESIAN_POINT('',(-0.0509029843072776,-0.000715392924528303,0.0035));
#3979=CARTESIAN_POINT('',(-0.0509029843072776,-0.000715392924528303,0.0035));
#3980=CARTESIAN_POINT('',(-0.0509029843072776,0.0070846070754717,0.0035));
#3981=CARTESIAN_POINT('',(-0.0587029843072776,-0.000715392924528302,0.0035));
#3982=CARTESIAN_POINT('',(-0.0665029843072776,-0.000715392924528301,0.0035));
#3983=CARTESIAN_POINT('',(-0.0665029843072776,-0.000715392924528301,0.0035));
#3984=CARTESIAN_POINT('',(-0.0587029843072776,-0.000715392924528302,0.0035));
#3985=CARTESIAN_POINT('',(-0.0587029843072776,-0.0025918209245283,0.0035));
#3986=CARTESIAN_POINT('',(-0.0509029843072776,-0.0025918209245283,0.0035));
#3987=CARTESIAN_POINT('',(-0.0509029843072776,-0.0025918209245283,0.0035));
#3988=CARTESIAN_POINT('',(-0.0587029843072776,-0.0025918209245283,0.0035));
#3989=CARTESIAN_POINT('',(-0.0665029843072776,-0.0025918209245283,0.0035));
#3990=CARTESIAN_POINT('',(-0.0665029843072776,-0.0025918209245283,0.0035));
#3991=CARTESIAN_POINT('',(-0.0509029843072776,-0.0103918209245283,0.0035));
#3992=CARTESIAN_POINT('',(-0.0509029843072776,-0.0181918209245283,0.0035));
#3993=CARTESIAN_POINT('',(-0.0509029843072776,-0.0181918209245283,0.0035));
#3994=CARTESIAN_POINT('',(-0.0509029843072776,-0.0103918209245283,0.0035));
#3995=CARTESIAN_POINT('',(-0.0587029843072776,-0.0181918209245283,0.0035));
#3996=CARTESIAN_POINT('',(-0.0665029843072776,-0.0181918209245283,0.0035));
#3997=CARTESIAN_POINT('',(-0.0665029843072776,-0.0181918209245283,0.0035));
#3998=CARTESIAN_POINT('',(-0.0587029843072776,-0.0181918209245283,0.0035));
#3999=CARTESIAN_POINT('',(-0.0314572283072777,0.0120846070754717,0.0035));
#4000=CARTESIAN_POINT('',(-0.0314572283072777,0.0042846070754717,0.0035));
#4001=CARTESIAN_POINT('',(-0.0314572283072777,0.0042846070754717,0.0035));
#4002=CARTESIAN_POINT('',(-0.0314572283072777,0.0120846070754717,0.0035));
#4003=CARTESIAN_POINT('',(-0.0314572283072777,0.0198846070754717,0.0035));
#4004=CARTESIAN_POINT('',(-0.0314572283072777,0.0198846070754717,0.0035));
#4005=CARTESIAN_POINT('',(-0.0392572283072777,0.0042846070754717,0.0035));
#4006=CARTESIAN_POINT('',(-0.0470572283072776,0.0042846070754717,0.0035));
#4007=CARTESIAN_POINT('',(-0.0470572283072776,0.0042846070754717,0.0035));
#4008=CARTESIAN_POINT('',(-0.0392572283072777,0.0042846070754717,0.0035));
#4009=CARTESIAN_POINT('',(-0.0470572283072776,0.0120846070754717,0.0035));
#4010=CARTESIAN_POINT('',(-0.0470572283072776,0.0198846070754717,0.0035));
#4011=CARTESIAN_POINT('',(-0.0470572283072776,0.0198846070754717,0.0035));
#4012=CARTESIAN_POINT('',(-0.0470572283072776,0.0120846070754717,0.0035));
#4013=CARTESIAN_POINT('',(-0.0314572283072777,0.0293424720754717,0.0035));
#4014=CARTESIAN_POINT('',(-0.0314572283072777,0.0215424720754717,0.0035));
#4015=CARTESIAN_POINT('',(-0.0314572283072777,0.0215424720754717,0.0035));
#4016=CARTESIAN_POINT('',(-0.0314572283072777,0.0293424720754717,0.0035));
#4017=CARTESIAN_POINT('',(-0.0314572283072777,0.0371424720754717,0.0035));
#4018=CARTESIAN_POINT('',(-0.0314572283072777,0.0371424720754717,0.0035));
#4019=CARTESIAN_POINT('',(-0.0392572283072777,0.0215424720754717,0.0035));
#4020=CARTESIAN_POINT('',(-0.0470572283072776,0.0215424720754717,0.0035));
#4021=CARTESIAN_POINT('',(-0.0470572283072776,0.0215424720754717,0.0035));
#4022=CARTESIAN_POINT('',(-0.0392572283072777,0.0215424720754717,0.0035));
#4023=CARTESIAN_POINT('',(-0.0470572283072776,0.0293424720754717,0.0035));
#4024=CARTESIAN_POINT('',(-0.0470572283072776,0.0371424720754717,0.0035));
#4025=CARTESIAN_POINT('',(-0.0470572283072776,0.0371424720754717,0.0035));
#4026=CARTESIAN_POINT('',(-0.0470572283072776,0.0293424720754717,0.0035));
#4027=CARTESIAN_POINT('',(-0.00111557030727763,0.0024081790754717,0.0035));
#4028=CARTESIAN_POINT('',(0.00668442969272237,0.0024081790754717,0.0035));
#4029=CARTESIAN_POINT('',(0.00668442969272237,0.0024081790754717,0.0035));
#4030=CARTESIAN_POINT('',(-0.00111557030727763,0.0024081790754717,0.0035));
#4031=CARTESIAN_POINT('',(-0.00891557030727762,0.0024081790754717,0.0035));
#4032=CARTESIAN_POINT('',(-0.00891557030727762,0.0024081790754717,0.0035));
#4033=CARTESIAN_POINT('',(0.00668442969272237,-0.0053918209245283,0.0035));
#4034=CARTESIAN_POINT('',(0.00668442969272237,-0.0131918209245283,0.0035));
#4035=CARTESIAN_POINT('',(0.00668442969272237,-0.0131918209245283,0.0035));
#4036=CARTESIAN_POINT('',(0.00668442969272237,-0.0053918209245283,0.0035));
#4037=CARTESIAN_POINT('',(-0.00111557030727763,-0.0131918209245283,0.0035));
#4038=CARTESIAN_POINT('',(-0.00891557030727763,-0.0131918209245283,0.0035));
#4039=CARTESIAN_POINT('',(-0.00891557030727763,-0.0131918209245283,0.0035));
#4040=CARTESIAN_POINT('',(-0.00111557030727763,-0.0131918209245283,0.0035));
#4041=CARTESIAN_POINT('',(0.00668442969272237,0.0120846070754717,0.0035));
#4042=CARTESIAN_POINT('',(0.00668442969272237,0.0042846070754717,0.0035));
#4043=CARTESIAN_POINT('',(0.00668442969272237,0.0042846070754717,0.0035));
#4044=CARTESIAN_POINT('',(0.00668442969272237,0.0120846070754717,0.0035));
#4045=CARTESIAN_POINT('',(0.00668442969272237,0.0198846070754717,0.0035));
#4046=CARTESIAN_POINT('',(0.00668442969272237,0.0198846070754717,0.0035));
#4047=CARTESIAN_POINT('',(-0.00111557030727763,0.0042846070754717,0.0035));
#4048=CARTESIAN_POINT('',(-0.00891557030727763,0.0042846070754717,0.0035));
#4049=CARTESIAN_POINT('',(-0.00891557030727763,0.0042846070754717,0.0035));
#4050=CARTESIAN_POINT('',(-0.00111557030727763,0.0042846070754717,0.0035));
#4051=CARTESIAN_POINT('',(-0.00891557030727763,0.0120846070754717,0.0035));
#4052=CARTESIAN_POINT('',(-0.00891557030727762,0.0198846070754717,0.0035));
#4053=CARTESIAN_POINT('',(-0.00891557030727762,0.0198846070754717,0.0035));
#4054=CARTESIAN_POINT('',(-0.00891557030727763,0.0120846070754717,0.0035));
#4055=CARTESIAN_POINT('',(0.00668442969272237,0.0293424720754717,0.0035));
#4056=CARTESIAN_POINT('',(0.00668442969272237,0.0215424720754717,0.0035));
#4057=CARTESIAN_POINT('',(0.00668442969272237,0.0215424720754717,0.0035));
#4058=CARTESIAN_POINT('',(0.00668442969272237,0.0293424720754717,0.0035));
#4059=CARTESIAN_POINT('',(0.00668442969272237,0.0371424720754717,0.0035));
#4060=CARTESIAN_POINT('',(0.00668442969272237,0.0371424720754717,0.0035));
#4061=CARTESIAN_POINT('',(-0.00111557030727763,0.0215424720754717,0.0035));
#4062=CARTESIAN_POINT('',(-0.00891557030727763,0.0215424720754717,0.0035));
#4063=CARTESIAN_POINT('',(-0.00891557030727763,0.0215424720754717,0.0035));
#4064=CARTESIAN_POINT('',(-0.00111557030727763,0.0215424720754717,0.0035));
#4065=CARTESIAN_POINT('',(-0.00891557030727763,0.0293424720754717,0.0035));
#4066=CARTESIAN_POINT('',(-0.00891557030727762,0.0371424720754717,0.0035));
#4067=CARTESIAN_POINT('',(-0.00891557030727762,0.0371424720754717,0.0035));
#4068=CARTESIAN_POINT('',(-0.00891557030727763,0.0293424720754717,0.0035));
#4069=CARTESIAN_POINT('',(-0.0204029843072776,-0.0025918209245283,0.0035));
#4070=CARTESIAN_POINT('',(-0.0126029843072776,-0.0025918209245283,0.0035));
#4071=CARTESIAN_POINT('',(-0.0126029843072776,-0.0025918209245283,0.0035));
#4072=CARTESIAN_POINT('',(-0.0204029843072776,-0.0025918209245283,0.0035));
#4073=CARTESIAN_POINT('',(-0.0282029843072776,-0.0025918209245283,0.0035));
#4074=CARTESIAN_POINT('',(-0.0282029843072776,-0.0025918209245283,0.0035));
#4075=CARTESIAN_POINT('',(-0.0126029843072776,-0.0103918209245283,0.0035));
#4076=CARTESIAN_POINT('',(-0.0126029843072776,-0.0181918209245283,0.0035));
#4077=CARTESIAN_POINT('',(-0.0126029843072776,-0.0181918209245283,0.0035));
#4078=CARTESIAN_POINT('',(-0.0126029843072776,-0.0103918209245283,0.0035));
#4079=CARTESIAN_POINT('',(-0.0204029843072777,-0.0181918209245283,0.0035));
#4080=CARTESIAN_POINT('',(-0.0282029843072776,-0.0181918209245283,0.0035));
#4081=CARTESIAN_POINT('',(-0.0282029843072776,-0.0181918209245283,0.0035));
#4082=CARTESIAN_POINT('',(-0.0204029843072777,-0.0181918209245283,0.0035));
#4083=CARTESIAN_POINT('',(-0.0204029843072776,0.0148846070754717,0.0035));
#4084=CARTESIAN_POINT('',(-0.0126029843072776,0.0148846070754717,0.0035));
#4085=CARTESIAN_POINT('',(-0.0126029843072776,0.0148846070754717,0.0035));
#4086=CARTESIAN_POINT('',(-0.0204029843072776,0.0148846070754717,0.0035));
#4087=CARTESIAN_POINT('',(-0.0282029843072777,0.0148846070754717,0.0035));
#4088=CARTESIAN_POINT('',(-0.0282029843072777,0.0148846070754717,0.0035));
#4089=CARTESIAN_POINT('',(-0.0126029843072776,0.0070846070754717,0.0035));
#4090=CARTESIAN_POINT('',(-0.0126029843072776,-0.000715392924528303,0.0035));
#4091=CARTESIAN_POINT('',(-0.0126029843072776,-0.000715392924528303,0.0035));
#4092=CARTESIAN_POINT('',(-0.0126029843072776,0.0070846070754717,0.0035));
#4093=CARTESIAN_POINT('',(-0.0204029843072777,-0.000715392924528302,0.0035));
#4094=CARTESIAN_POINT('',(-0.0282029843072776,-0.000715392924528301,0.0035));
#4095=CARTESIAN_POINT('',(-0.0282029843072776,-0.000715392924528301,0.0035));
#4096=CARTESIAN_POINT('',(-0.0204029843072777,-0.000715392924528302,0.0035));
#4097=CARTESIAN_POINT('',(-0.0204029843072776,0.0321424720754717,0.0035));
#4098=CARTESIAN_POINT('',(-0.0126029843072776,0.0321424720754717,0.0035));
#4099=CARTESIAN_POINT('',(-0.0126029843072776,0.0321424720754717,0.0035));
#4100=CARTESIAN_POINT('',(-0.0204029843072776,0.0321424720754717,0.0035));
#4101=CARTESIAN_POINT('',(-0.0282029843072776,0.0321424720754717,0.0035));
#4102=CARTESIAN_POINT('',(-0.0282029843072776,0.0321424720754717,0.0035));
#4103=CARTESIAN_POINT('',(-0.0126029843072776,0.0243424720754717,0.0035));
#4104=CARTESIAN_POINT('',(-0.0126029843072776,0.0165424720754717,0.0035));
#4105=CARTESIAN_POINT('',(-0.0126029843072776,0.0165424720754717,0.0035));
#4106=CARTESIAN_POINT('',(-0.0126029843072776,0.0243424720754717,0.0035));
#4107=CARTESIAN_POINT('',(-0.0204029843072777,0.0165424720754717,0.0035));
#4108=CARTESIAN_POINT('',(-0.0282029843072776,0.0165424720754717,0.0035));
#4109=CARTESIAN_POINT('',(-0.0282029843072776,0.0165424720754717,0.0035));
#4110=CARTESIAN_POINT('',(-0.0204029843072777,0.0165424720754717,0.0035));
#4111=CARTESIAN_POINT('',(-0.0392572283072777,0.0024081790754717,0.0035));
#4112=CARTESIAN_POINT('',(-0.0314572283072777,0.0024081790754717,0.0035));
#4113=CARTESIAN_POINT('',(-0.0314572283072777,0.0024081790754717,0.0035));
#4114=CARTESIAN_POINT('',(-0.0392572283072777,0.0024081790754717,0.0035));
#4115=CARTESIAN_POINT('',(-0.0470572283072776,0.0024081790754717,0.0035));
#4116=CARTESIAN_POINT('',(-0.0470572283072776,0.0024081790754717,0.0035));
#4117=CARTESIAN_POINT('',(-0.0314572283072777,-0.0053918209245283,0.0035));
#4118=CARTESIAN_POINT('',(-0.0314572283072777,-0.0131918209245283,0.0035));
#4119=CARTESIAN_POINT('',(-0.0314572283072777,-0.0131918209245283,0.0035));
#4120=CARTESIAN_POINT('',(-0.0314572283072777,-0.0053918209245283,0.0035));
#4121=CARTESIAN_POINT('',(-0.0392572283072777,-0.0131918209245283,0.0035));
#4122=CARTESIAN_POINT('',(-0.0470572283072776,-0.0131918209245283,0.0035));
#4123=CARTESIAN_POINT('',(-0.0470572283072776,-0.0131918209245283,0.0035));
#4124=CARTESIAN_POINT('',(-0.0392572283072777,-0.0131918209245283,0.0035));
#4125=CARTESIAN_POINT('',(-0.0665029843072776,0.0243424720754717,0.0035));
#4126=CARTESIAN_POINT('',(-0.0665029843072776,0.0321424720754717,0.0035));
#4127=CARTESIAN_POINT('',(-0.0665029843072776,0.0321424720754717,0.0035));
#4128=CARTESIAN_POINT('',(-0.0665029843072776,0.0243424720754717,0.0035));
#4129=CARTESIAN_POINT('',(-0.0665029843072776,0.0165424720754717,0.0035));
#4130=CARTESIAN_POINT('',(-0.0665029843072776,0.0165424720754717,0.0035));
#4131=CARTESIAN_POINT('',(-0.0587029843072776,0.0321424720754717,0.0035));
#4132=CARTESIAN_POINT('',(-0.0509029843072776,0.0321424720754717,0.0035));
#4133=CARTESIAN_POINT('',(-0.0509029843072776,0.0321424720754717,0.0035));
#4134=CARTESIAN_POINT('',(-0.0587029843072776,0.0321424720754717,0.0035));
#4135=CARTESIAN_POINT('',(-0.0509029843072776,0.0243424720754717,0.0035));
#4136=CARTESIAN_POINT('',(-0.0509029843072776,0.0165424720754717,0.0035));
#4137=CARTESIAN_POINT('',(-0.0509029843072776,0.0165424720754717,0.0035));
#4138=CARTESIAN_POINT('',(-0.0509029843072776,0.0243424720754717,0.0035));
#4139=CARTESIAN_POINT('',(0.0370470156927224,0.0215424720754717,0.0035));
#4140=CARTESIAN_POINT('',(0.0292470156927224,0.0215424720754717,0.0035));
#4141=CARTESIAN_POINT('',(0.0292470156927224,0.0215424720754717,0.0035));
#4142=CARTESIAN_POINT('',(0.0370470156927224,0.0215424720754717,0.0035));
#4143=CARTESIAN_POINT('',(0.0448470156927224,0.0215424720754717,0.0035));
#4144=CARTESIAN_POINT('',(0.0448470156927224,0.0215424720754717,0.0035));
#4145=CARTESIAN_POINT('',(0.0292470156927224,0.0293424720754717,0.0035));
#4146=CARTESIAN_POINT('',(0.0292470156927224,0.0371424720754717,0.0035));
#4147=CARTESIAN_POINT('',(0.0292470156927224,0.0371424720754717,0.0035));
#4148=CARTESIAN_POINT('',(0.0292470156927224,0.0293424720754717,0.0035));
#4149=CARTESIAN_POINT('',(0.0370470156927224,0.0371424720754717,0.0035));
#4150=CARTESIAN_POINT('',(0.0448470156927224,0.0371424720754717,0.0035));
#4151=CARTESIAN_POINT('',(0.0448470156927224,0.0371424720754717,0.0035));
#4152=CARTESIAN_POINT('',(0.0370470156927224,0.0371424720754717,0.0035));
#4153=CARTESIAN_POINT('',(0.0448470156927224,-0.0053918209245283,0.0035));
#4154=CARTESIAN_POINT('',(0.0448470156927224,-0.0131918209245283,0.0035));
#4155=CARTESIAN_POINT('',(0.0448470156927224,-0.0131918209245283,0.0035));
#4156=CARTESIAN_POINT('',(0.0448470156927224,-0.0053918209245283,0.0035));
#4157=CARTESIAN_POINT('',(0.0448470156927224,0.0024081790754717,0.0035));
#4158=CARTESIAN_POINT('',(0.0448470156927224,0.0024081790754717,0.0035));
#4159=CARTESIAN_POINT('',(0.0370470156927224,-0.0131918209245283,0.0035));
#4160=CARTESIAN_POINT('',(0.0292470156927224,-0.0131918209245283,0.0035));
#4161=CARTESIAN_POINT('',(0.0292470156927224,-0.0131918209245283,0.0035));
#4162=CARTESIAN_POINT('',(0.0370470156927224,-0.0131918209245283,0.0035));
#4163=CARTESIAN_POINT('',(0.0292470156927224,-0.0053918209245283,0.0035));
#4164=CARTESIAN_POINT('',(0.0292470156927224,0.0024081790754717,0.0035));
#4165=CARTESIAN_POINT('',(0.0292470156927224,0.0024081790754717,0.0035));
#4166=CARTESIAN_POINT('',(0.0292470156927224,-0.0053918209245283,0.0035));
#4167=CARTESIAN_POINT('',(0.0370470156927224,0.0042846070754717,0.0035));
#4168=CARTESIAN_POINT('',(0.0292470156927224,0.0042846070754717,0.0035));
#4169=CARTESIAN_POINT('',(0.0292470156927224,0.0042846070754717,0.0035));
#4170=CARTESIAN_POINT('',(0.0370470156927224,0.0042846070754717,0.0035));
#4171=CARTESIAN_POINT('',(0.0448470156927224,0.0042846070754717,0.0035));
#4172=CARTESIAN_POINT('',(0.0448470156927224,0.0042846070754717,0.0035));
#4173=CARTESIAN_POINT('',(0.0292470156927224,0.0120846070754717,0.0035));
#4174=CARTESIAN_POINT('',(0.0292470156927224,0.0198846070754717,0.0035));
#4175=CARTESIAN_POINT('',(0.0292470156927224,0.0198846070754717,0.0035));
#4176=CARTESIAN_POINT('',(0.0292470156927224,0.0120846070754717,0.0035));
#4177=CARTESIAN_POINT('',(0.0370470156927224,0.0198846070754717,0.0035));
#4178=CARTESIAN_POINT('',(0.0448470156927224,0.0198846070754717,0.0035));
#4179=CARTESIAN_POINT('',(0.0448470156927224,0.0198846070754717,0.0035));
#4180=CARTESIAN_POINT('',(0.0370470156927224,0.0198846070754717,0.0035));
#4181=CARTESIAN_POINT('',(0.0102344296927224,0.0070846070754717,0.0035));
#4182=CARTESIAN_POINT('',(0.0102344296927224,0.0148846070754717,0.0035));
#4183=CARTESIAN_POINT('',(0.0102344296927224,0.0148846070754717,0.0035));
#4184=CARTESIAN_POINT('',(0.0102344296927224,0.0070846070754717,0.0035));
#4185=CARTESIAN_POINT('',(0.0102344296927224,-0.000715392924528301,0.0035));
#4186=CARTESIAN_POINT('',(0.0102344296927224,-0.000715392924528301,0.0035));
#4187=CARTESIAN_POINT('',(0.0180344296927224,0.0148846070754717,0.0035));
#4188=CARTESIAN_POINT('',(0.0258344296927224,0.0148846070754717,0.0035));
#4189=CARTESIAN_POINT('',(0.0258344296927224,0.0148846070754717,0.0035));
#4190=CARTESIAN_POINT('',(0.0180344296927224,0.0148846070754717,0.0035));
#4191=CARTESIAN_POINT('',(0.0258344296927224,0.0070846070754717,0.0035));
#4192=CARTESIAN_POINT('',(0.0258344296927224,-0.000715392924528303,0.0035));
#4193=CARTESIAN_POINT('',(0.0258344296927224,-0.000715392924528303,0.0035));
#4194=CARTESIAN_POINT('',(0.0258344296927224,0.0070846070754717,0.0035));
#4195=CARTESIAN_POINT('',(0.0180344296927223,-0.0181918209245283,0.0035));
#4196=CARTESIAN_POINT('',(0.0102344296927224,-0.0181918209245283,0.0035));
#4197=CARTESIAN_POINT('',(0.0102344296927224,-0.0181918209245283,0.0035));
#4198=CARTESIAN_POINT('',(0.0180344296927223,-0.0181918209245283,0.0035));
#4199=CARTESIAN_POINT('',(0.0258344296927224,-0.0181918209245283,0.0035));
#4200=CARTESIAN_POINT('',(0.0258344296927224,-0.0181918209245283,0.0035));
#4201=CARTESIAN_POINT('',(0.0102344296927224,-0.0103918209245283,0.0035));
#4202=CARTESIAN_POINT('',(0.0102344296927224,-0.0025918209245283,0.0035));
#4203=CARTESIAN_POINT('',(0.0102344296927224,-0.0025918209245283,0.0035));
#4204=CARTESIAN_POINT('',(0.0102344296927224,-0.0103918209245283,0.0035));
#4205=CARTESIAN_POINT('',(0.0180344296927224,-0.0025918209245283,0.0035));
#4206=CARTESIAN_POINT('',(0.0258344296927224,-0.0025918209245283,0.0035));
#4207=CARTESIAN_POINT('',(0.0258344296927224,-0.0025918209245283,0.0035));
#4208=CARTESIAN_POINT('',(0.0180344296927224,-0.0025918209245283,0.0035));
#4209=CARTESIAN_POINT('',(0.0180890576927224,-0.0358689449245283,0.0035));
#4210=CARTESIAN_POINT('',(0.0102890576927224,-0.0358689449245283,0.0035));
#4211=CARTESIAN_POINT('',(0.0102890576927224,-0.0358689449245283,0.0035));
#4212=CARTESIAN_POINT('',(0.0180890576927224,-0.0358689449245283,0.0035));
#4213=CARTESIAN_POINT('',(0.0258890576927224,-0.0358689449245283,0.0035));
#4214=CARTESIAN_POINT('',(0.0258890576927224,-0.0358689449245283,0.0035));
#4215=CARTESIAN_POINT('',(0.0102890576927224,-0.0280689449245283,0.0035));
#4216=CARTESIAN_POINT('',(0.0102890576927224,-0.0202689449245283,0.0035));
#4217=CARTESIAN_POINT('',(0.0102890576927224,-0.0202689449245283,0.0035));
#4218=CARTESIAN_POINT('',(0.0102890576927224,-0.0280689449245283,0.0035));
#4219=CARTESIAN_POINT('',(0.0180890576927224,-0.0202689449245283,0.0035));
#4220=CARTESIAN_POINT('',(0.0258890576927224,-0.0202689449245283,0.0035));
#4221=CARTESIAN_POINT('',(0.0258890576927224,-0.0202689449245283,0.0035));
#4222=CARTESIAN_POINT('',(0.0180890576927224,-0.0202689449245283,0.0035));
#4223=CARTESIAN_POINT('',(0.0448890576927224,-0.0230689449245283,0.0035));
#4224=CARTESIAN_POINT('',(0.0448890576927224,-0.0308689449245283,0.0035));
#4225=CARTESIAN_POINT('',(0.0448890576927224,-0.0308689449245283,0.0035));
#4226=CARTESIAN_POINT('',(0.0448890576927224,-0.0230689449245283,0.0035));
#4227=CARTESIAN_POINT('',(0.0448890576927224,-0.0152689449245283,0.0035));
#4228=CARTESIAN_POINT('',(0.0448890576927224,-0.0152689449245283,0.0035));
#4229=CARTESIAN_POINT('',(0.0370890576927224,-0.0308689449245283,0.0035));
#4230=CARTESIAN_POINT('',(0.0292890576927224,-0.0308689449245283,0.0035));
#4231=CARTESIAN_POINT('',(0.0292890576927224,-0.0308689449245283,0.0035));
#4232=CARTESIAN_POINT('',(0.0370890576927224,-0.0308689449245283,0.0035));
#4233=CARTESIAN_POINT('',(0.0292890576927224,-0.0230689449245283,0.0035));
#4234=CARTESIAN_POINT('',(0.0292890576927224,-0.0152689449245283,0.0035));
#4235=CARTESIAN_POINT('',(0.0292890576927224,-0.0152689449245283,0.0035));
#4236=CARTESIAN_POINT('',(0.0292890576927224,-0.0230689449245283,0.0035));
#4237=CARTESIAN_POINT('',(-0.0390524953794263,0.0485489008754717,0.0035));
#4238=CARTESIAN_POINT('',(-0.0390524953794263,0.0485489008754717,0.0035));
#4239=CARTESIAN_POINT('',(-0.0691455597789298,0.0451398842005089,0.0035));
#4240=CARTESIAN_POINT('',(-0.00453968026868595,0.0524585978292444,0.0035));
#4241=CARTESIAN_POINT('',(-0.00453968026868595,0.0524585978292444,0.0035));
#4242=CARTESIAN_POINT('',(-0.0691455597789298,0.0451398842005089,0.0035));
#4243=CARTESIAN_POINT('',(-0.0758013408794264,-0.0074669326245283,0.0035));
#4244=CARTESIAN_POINT('',(-0.0758013408794264,-0.0074669326245283,0.0035));
#4245=CARTESIAN_POINT('',(-0.0758013408794264,-0.0562131648816838,0.0035));
#4246=CARTESIAN_POINT('',(-0.0758013408794264,0.0376875493684095,0.0035));
#4247=CARTESIAN_POINT('',(-0.0758013408794264,0.0376875493684095,0.0035));
#4248=CARTESIAN_POINT('',(-0.0758013408794264,-0.0562131648816838,0.0035));
#4249=CARTESIAN_POINT('',(-0.0734888008794264,-0.0616323066245283,0.0035));
#4250=CARTESIAN_POINT('',(-0.0734888008794264,-0.0616323066245283,0.0035));
#4251=CARTESIAN_POINT('',(-0.0736046423116453,-0.061516465167263,0.0035));
#4252=CARTESIAN_POINT('',(-0.0733729601188934,-0.0617481474101075,0.0035));
#4253=CARTESIAN_POINT('',(-0.0736046423116453,-0.061516465167263,0.));
#4254=CARTESIAN_POINT('',(-0.0733729601188934,-0.0617481474101075,0.0035));
#4255=CARTESIAN_POINT('',(-0.0120703513885256,-0.0639448471245283,0.0035));
#4256=CARTESIAN_POINT('',(-0.0120703513885256,-0.0639448471245283,0.0035));
#4257=CARTESIAN_POINT('',(0.0429072853477876,-0.0639448471245283,0.0035));
#4258=CARTESIAN_POINT('',(-0.0680696586866744,-0.0639448471245283,0.0035));
#4259=CARTESIAN_POINT('',(-0.0680696586866744,-0.0639448471245283,0.));
#4260=CARTESIAN_POINT('',(0.0429072853477876,-0.0639448471245283,0.0035));
#4261=CARTESIAN_POINT('',(0.0599169918121462,-0.0435999171245283,0.0035));
#4262=CARTESIAN_POINT('',(0.0716159092247678,-0.0251226527766146,0.0035));
#4263=CARTESIAN_POINT('',(0.0716159092247678,-0.0251226527766146,0.0035));
#4264=CARTESIAN_POINT('',(0.0599169918121462,-0.0435999171245283,0.0035));
#4265=CARTESIAN_POINT('',(0.0492439476735215,-0.0604569177332818,0.0035));
#4266=CARTESIAN_POINT('',(0.0492439476735215,-0.0604569177332818,0.0035));
#4267=CARTESIAN_POINT('',(0.0725005390283913,0.0105653850046696,0.0035));
#4268=CARTESIAN_POINT('',(0.0722612169264999,0.0377366825311235,0.0035));
#4269=CARTESIAN_POINT('',(0.0722612169264999,0.0377366825311235,0.0035));
#4270=CARTESIAN_POINT('',(0.0725005390283913,0.0105653850046696,0.0035));
#4271=CARTESIAN_POINT('',(0.0727789559942518,-0.0210445254717282,0.0035));
#4272=CARTESIAN_POINT('',(0.0727789559942518,-0.0210445254717282,0.0035));
#4273=CARTESIAN_POINT('',(0.0548283332196407,0.0195608489292811,0.0035));
#4274=CARTESIAN_POINT('',(0.0548283332196407,0.0195608489292811,0.0033));
#4275=CARTESIAN_POINT('',(0.0594864906127573,0.0195608489292811,0.0033));
#4276=CARTESIAN_POINT('',(0.050170175826524,0.0195608489292811,0.0033));
#4277=CARTESIAN_POINT('',(0.0609007041751304,0.0195608489292811,0.000471572875253814));
#4278=CARTESIAN_POINT('',(0.0548283332196407,0.0195608489292811,0.0035));
#4279=CARTESIAN_POINT('',(0.0487559622641509,0.0195608489292811,0.000471572875253816));
#4280=CARTESIAN_POINT('',(0.0398890576927224,-0.0443189449245283,0.0035));
#4281=CARTESIAN_POINT('',(0.0398890576927224,-0.0443189449245283,0.0035));
#4282=CARTESIAN_POINT('',(0.0258344296927224,0.0243424720754717,0.0035));
#4283=CARTESIAN_POINT('',(0.0258344296927224,0.0243424720754717,0.0035));
#4284=CARTESIAN_POINT('',(-0.0665029843072776,0.0070846070754717,0.0035));
#4285=CARTESIAN_POINT('',(-0.0665029843072776,0.0070846070754717,0.0035));
#4286=CARTESIAN_POINT('',(-0.0665029843072776,-0.0103918209245283,0.0035));
#4287=CARTESIAN_POINT('',(-0.0665029843072776,-0.0103918209245283,0.0035));
#4288=CARTESIAN_POINT('',(-0.0392572283072777,0.0198846070754717,0.0035));
#4289=CARTESIAN_POINT('',(-0.0392572283072777,0.0198846070754717,0.0035));
#4290=CARTESIAN_POINT('',(-0.0392572283072777,0.0371424720754717,0.0035));
#4291=CARTESIAN_POINT('',(-0.0392572283072777,0.0371424720754717,0.0035));
#4292=CARTESIAN_POINT('',(-0.00891557030727763,-0.0053918209245283,0.0035));
#4293=CARTESIAN_POINT('',(-0.00891557030727763,-0.0053918209245283,0.0035));
#4294=CARTESIAN_POINT('',(0.0624879622641509,0.0364953700754717,0.0035));
#4295=CARTESIAN_POINT('',(0.0624879622641509,0.0364953700754717,0.0035));
#4296=CARTESIAN_POINT('',(0.0639879622641509,0.0364953700754717,0.0035));
#4297=CARTESIAN_POINT('',(0.050987962264151,-0.0375046299245283,0.0035));
#4298=CARTESIAN_POINT('',(0.050987962264151,-0.0375046299245283,0.0035));
#4299=CARTESIAN_POINT('',(0.052487962264151,-0.0375046299245283,0.0035));
#4300=CARTESIAN_POINT('',(-0.0662120377358491,0.0370453700754717,0.0035));
#4301=CARTESIAN_POINT('',(-0.0662120377358491,0.0370453700754717,0.0035));
#4302=CARTESIAN_POINT('',(-0.0647120377358491,0.0370453700754717,0.0035));
#4303=CARTESIAN_POINT('',(-0.0635120377358491,-0.0510046299245283,0.0035));
#4304=CARTESIAN_POINT('',(-0.0635120377358491,-0.0510046299245283,0.0035));
#4305=CARTESIAN_POINT('',(-0.0620120377358491,-0.0510046299245283,0.0035));
#4306=CARTESIAN_POINT('',(-0.00111557030727763,0.0198846070754717,0.0035));
#4307=CARTESIAN_POINT('',(-0.00111557030727763,0.0198846070754717,0.0035));
#4308=CARTESIAN_POINT('',(-0.00111557030727763,0.0371424720754717,0.0035));
#4309=CARTESIAN_POINT('',(-0.00111557030727763,0.0371424720754717,0.0035));
#4310=CARTESIAN_POINT('',(-0.0282029843072776,-0.0103918209245283,0.0035));
#4311=CARTESIAN_POINT('',(-0.0282029843072776,-0.0103918209245283,0.0035));
#4312=CARTESIAN_POINT('',(-0.0282029843072777,0.0070846070754717,0.0035));
#4313=CARTESIAN_POINT('',(-0.0282029843072777,0.0070846070754717,0.0035));
#4314=CARTESIAN_POINT('',(-0.0282029843072776,0.0243424720754717,0.0035));
#4315=CARTESIAN_POINT('',(-0.0282029843072776,0.0243424720754717,0.0035));
#4316=CARTESIAN_POINT('',(-0.0470572283072776,-0.0053918209245283,0.0035));
#4317=CARTESIAN_POINT('',(-0.0470572283072776,-0.0053918209245283,0.0035));
#4318=CARTESIAN_POINT('',(-0.0587029843072776,0.0165424720754717,0.0035));
#4319=CARTESIAN_POINT('',(-0.0587029843072776,0.0165424720754717,0.0035));
#4320=CARTESIAN_POINT('',(0.0448470156927224,0.0293424720754717,0.0035));
#4321=CARTESIAN_POINT('',(0.0448470156927224,0.0293424720754717,0.0035));
#4322=CARTESIAN_POINT('',(0.0370470156927224,0.0024081790754717,0.0035));
#4323=CARTESIAN_POINT('',(0.0370470156927224,0.0024081790754717,0.0035));
#4324=CARTESIAN_POINT('',(0.0448470156927224,0.0120846070754717,0.0035));
#4325=CARTESIAN_POINT('',(0.0448470156927224,0.0120846070754717,0.0035));
#4326=CARTESIAN_POINT('',(0.0180344296927223,-0.000715392924528302,0.0035));
#4327=CARTESIAN_POINT('',(0.0180344296927223,-0.000715392924528302,0.0035));
#4328=CARTESIAN_POINT('',(0.0258344296927224,-0.0103918209245283,0.0035));
#4329=CARTESIAN_POINT('',(0.0258344296927224,-0.0103918209245283,0.0035));
#4330=CARTESIAN_POINT('',(0.0258890576927224,-0.0280689449245283,0.0035));
#4331=CARTESIAN_POINT('',(0.0258890576927224,-0.0280689449245283,0.0035));
#4332=CARTESIAN_POINT('',(0.0370890576927224,-0.0152689449245283,0.0035));
#4333=CARTESIAN_POINT('',(0.0370890576927224,-0.0152689449245283,0.0035));
#4334=CARTESIAN_POINT('',(0.0349495013277194,0.0485488290046696,0.0035));
#4335=CARTESIAN_POINT('',(-6.72389377475297E-5,0.052461980018278,0.0035));
#4336=CARTESIAN_POINT('',(-6.72389377475297E-5,0.052461980018278,0.0035));
#4337=CARTESIAN_POINT('',(0.0349495013277194,0.0485488290046696,0.0035));
#4338=CARTESIAN_POINT('',(0.0655944544308804,0.0451242289879776,0.0035));
#4339=CARTESIAN_POINT('',(0.0655944544308804,0.0451242289879776,0.0035));
#4340=CARTESIAN_POINT('',(0.0551856912794519,-0.0191531299245283,0.0035));
#4341=CARTESIAN_POINT('',(0.050180962264151,-0.0191531299245283,-0.00214446712474619));
#4342=CARTESIAN_POINT('',(0.051595175826524,-0.0191531299245283,0.00068396));
#4343=CARTESIAN_POINT('',(0.0551856912794519,-0.0191531299245283,0.00068396));
#4344=CARTESIAN_POINT('',(0.0587762067323797,-0.0191531299245283,0.00068396));
#4345=CARTESIAN_POINT('',(0.0601904202947528,-0.0191531299245283,-0.00214446712474618));
#4346=CARTESIAN_POINT('',(0.0551856912794519,-0.0191531299245283,0.0035));
#4347=CARTESIAN_POINT('',(-0.00150145767875452,-0.0056164731245283,0.0035));
#4348=CARTESIAN_POINT('',(-0.00228842987001028,0.0325857049436461,0.0035));
#4349=CARTESIAN_POINT('',(-0.0683013408794264,0.0376875493684095,0.0035));
#4350=CARTESIAN_POINT('',(-0.0683013408794264,-0.0562131648816838,0.0035));
#4351=CARTESIAN_POINT('',(-0.0680696586866744,-0.0564448471245283,0.0035));
#4352=CARTESIAN_POINT('',(0.0429072853477876,-0.0564448471245283,0.0035));
#4353=CARTESIAN_POINT('',(0.0652792468990338,-0.0211105821678611,0.0035));
#4354=CARTESIAN_POINT('',(0.0647615078312819,0.0376706258349907,0.0035));
#4355=CARTESIAN_POINT('',(0.0647615078312819,0.0376706258349907,0.0035));
#4356=CARTESIAN_POINT('',(-0.0683013408794264,0.0376875493684095,0.0035));
#4357=CARTESIAN_POINT('',(-0.0683013408794264,-0.0562131648816838,0.0035));
#4358=CARTESIAN_POINT('',(-0.0680696586866744,-0.0564448471245283,0.0035));
#4359=CARTESIAN_POINT('',(0.0652792468990338,-0.0211105821678611,0.0035));
#4360=CARTESIAN_POINT('',(0.0429072853477876,-0.0564448471245283,0.0035));
#4361=CARTESIAN_POINT('',(-0.00228842987001028,0.0325857049436461,0.0035));
#4362=CARTESIAN_POINT('',(0.045755962264151,0.00375743450237639,0.));
#4363=CARTESIAN_POINT('',(0.0457559622641509,0.0225608489292811,-0.0025284271247462));
#4364=CARTESIAN_POINT('',(0.0457559622641509,0.021146635366908,0.0003));
#4365=CARTESIAN_POINT('',(0.045755962264151,0.00375743450237639,0.0003));
#4366=CARTESIAN_POINT('',(0.045755962264151,-0.0136317663621552,0.0003));
#4367=CARTESIAN_POINT('',(0.045755962264151,-0.0150459799245283,-0.0025284271247462));
#4368=CARTESIAN_POINT('',(0.0639007041751304,0.0037574345023764,0.));
#4369=CARTESIAN_POINT('',(0.0639007041751304,0.0195608489292811,0.0003));
#4370=CARTESIAN_POINT('',(0.0639007041751304,-0.0136317663621552,0.0003));
#4371=CARTESIAN_POINT('',(0.0639007041751304,0.021146635366908,0.0003));
#4372=CARTESIAN_POINT('',(0.0639007041751304,0.0225608489292811,-0.00252842712474619));
#4373=CARTESIAN_POINT('',(0.0639007041751304,-0.0150459799245283,-0.0025284271247462));
#4374=CARTESIAN_POINT('',(0.049180962264151,-0.0217182190523822,-0.00031604));
#4375=CARTESIAN_POINT('',(0.0497095577433599,-0.0200959389661103,0.000212555479208972));
#4376=CARTESIAN_POINT('',(0.0490255977433599,-0.024024459138654,-0.000471404520791032));
#4377=CARTESIAN_POINT('',(-0.00150145767875452,-0.0191531299245283,0.00068396));
#4378=CARTESIAN_POINT('',(0.050439811305733,-0.0179977654037373,-0.000471404520791027));
#4379=CARTESIAN_POINT('',(0.0592476112531707,-0.0186817254037373,0.000212555479208967));
#4380=CARTESIAN_POINT('',(0.0551856912794519,-0.025283308180236,-0.00031604));
#4381=CARTESIAN_POINT('',(0.0599315712531707,-0.0254386727010271,-0.00047140452079103));
#4382=CARTESIAN_POINT('',(0.051123771305733,-0.0247547127010271,0.000212555479208967));
#4383=CARTESIAN_POINT('',(0.0601904202947528,-0.0056164731245283,0.00068396));
#4384=CARTESIAN_POINT('',(0.0613457848155438,-0.0194119789661103,-0.000471404520791027));
#4385=CARTESIAN_POINT('',(0.0606618248155438,-0.023340499138654,0.000212555479208969));
#4386=CARTESIAN_POINT('',(0.0338962979914312,-0.00286846565180853,-0.018429131397466));
#4387=CARTESIAN_POINT('',(0.0637598301865041,-0.015583720032777,-0.00571387701649746));
#4388=CARTESIAN_POINT('',(0.0530253329012682,-0.0171182207867514,0.00502062026873846));
#4389=CARTESIAN_POINT('',(0.0521253476441667,-0.0223389228002204,-0.000200081744730486));
#4390=CARTESIAN_POINT('',(-0.00150145767875455,0.0195608489292811,0.0033));
#4391=CARTESIAN_POINT('',(0.046698771305733,0.0230322534500721,-0.000171404520791026));
#4392=CARTESIAN_POINT('',(0.0599578951335484,0.0200322534500721,0.00282859547920898));
#4393=CARTESIAN_POINT('',(-0.00150145767875451,-0.0120459799245284,0.0033));
#4394=CARTESIAN_POINT('',(0.049698771305733,-0.0125173844453193,0.00282859547920896));
#4395=CARTESIAN_POINT('',(0.0629578951335484,-0.0155173844453193,-0.000171404520791037));
#4396=CARTESIAN_POINT('',(0.048755962264151,-0.00561647312452825,0.0033));
#4397=CARTESIAN_POINT('',(0.0482845577433599,0.018618039887699,0.00282859547920898));
#4398=CARTESIAN_POINT('',(0.0452845577433599,-0.0141031708829462,-0.000171404520791035));
#4399=CARTESIAN_POINT('',(0.0639007041751304,0.0037574345023764,0.0003));
#4400=CARTESIAN_POINT('',(0.0643721086959214,0.021618039887699,-0.000171404520791029));
#4401=CARTESIAN_POINT('',(0.0613721086959215,-0.0111031708829462,0.00282859547920897));
#4402=CARTESIAN_POINT('',(0.0329462979914311,0.0353705132020009,-0.0153380913974659));
#4403=CARTESIAN_POINT('',(0.0391571745155867,-0.00218268073026266,0.0222151025347976));
#4404=CARTESIAN_POINT('',(0.0329462979914312,-0.0278556441972481,-0.0153380913974659));
#4405=CARTESIAN_POINT('',(0.0391571745155867,0.00969754973501541,0.0222151025347975));
#4406=MECHANICAL_DESIGN_GEOMETRIC_PRESENTATION_REPRESENTATION('',(#2755),
#4407);
#4407=(
GEOMETRIC_REPRESENTATION_CONTEXT(3)
GLOBAL_UNCERTAINTY_ASSIGNED_CONTEXT((#4408))
GLOBAL_UNIT_ASSIGNED_CONTEXT((#4411,#4410,#4409))
REPRESENTATION_CONTEXT('Part 1','TOP_LEVEL_ASSEMBLY_PART')
);
#4408=UNCERTAINTY_MEASURE_WITH_UNIT(LENGTH_MEASURE(1.E-8),#4411,
'DISTANCE_ACCURACY_VALUE','Maximum Tolerance applied to model');
#4409=(
NAMED_UNIT(*)
SI_UNIT($,.STERADIAN.)
SOLID_ANGLE_UNIT()
);
#4410=(
NAMED_UNIT(*)
PLANE_ANGLE_UNIT()
SI_UNIT($,.RADIAN.)
);
#4411=(
LENGTH_UNIT()
NAMED_UNIT(*)
SI_UNIT($,.METRE.)
);
#4412=PRODUCT_DEFINITION_SHAPE('','',#4413);
#4413=PRODUCT_DEFINITION('','',#4415,#4414);
#4414=PRODUCT_DEFINITION_CONTEXT('',#4421,'design');
#4415=PRODUCT_DEFINITION_FORMATION_WITH_SPECIFIED_SOURCE('','',#4417,
 .NOT_KNOWN.);
#4416=PRODUCT_RELATED_PRODUCT_CATEGORY('','',(#4417));
#4417=PRODUCT('Part 1','Part 1','Part 1',(#4419));
#4418=PRODUCT_CATEGORY('','');
#4419=PRODUCT_CONTEXT('',#4421,'mechanical');
#4420=APPLICATION_PROTOCOL_DEFINITION('international standard',
'ap242_managed_model_based_3d_engineering',2020,#4421);
#4421=APPLICATION_CONTEXT('managed model based 3d engineering');
ENDSEC;
END-ISO-10303-21;
