ISO-10303-21;
HEADER;
/* Generated by software containing ST-Developer
 * from STEP Tools, Inc. (www.steptools.com) 
 */
/* OPTION: using custom renumber hook */

FILE_DESCRIPTION(
/* description */ ('STEP AP242 Edition 2',
'CAx-IF Rec.Pracs.---Representation and Presentation of Product Manufa
cturing Information (PMI)---4.0---2014-10-13',
'CAx-IF Rec.Pracs.---3D Tessellated Geometry---0.4---2014-09-14','2;1',
'CAx-IF Rec.Pracs.---User Defined Attributes---1.5---2016-08-15'),
/* implementation_level */ '2;1');

FILE_NAME(
/* name */ 'CaseTopLeft',
/* time_stamp */ '2026-06-29T20:28:14Z',
/* author */ (''),
/* organization */ (''),
/* preprocessor_version */ 'ST-DEVELOPER v20',
/* originating_system */ 'ONSHAPE BY PTC INC, 1.217',
/* authorisation */ '  ');

FILE_SCHEMA (('AP242_MANAGED_MODEL_BASED_3D_ENGINEERING_MIM_LF { 1 0 10303 442 3 1 4 }'));
ENDSEC;

DATA;
#10=SHAPE_REPRESENTATION_RELATIONSHIP('','',#2911,#11);
#11=ADVANCED_BREP_SHAPE_REPRESENTATION('',(#2909),#4713);
#12=(
BOUNDED_SURFACE()
B_SPLINE_SURFACE(3,2,((#4648,#4649,#4650),(#4651,#4652,#4653),(#4654,#4655,
#4656),(#4657,#4658,#4659)),.UNSPECIFIED.,.F.,.F.,.F.)
B_SPLINE_SURFACE_WITH_KNOTS((4,4),(3,3),(2.6179938779915,3.66519142918815),
(0.,1.),.PIECEWISE_BEZIER_KNOTS.)
GEOMETRIC_REPRESENTATION_ITEM()
RATIONAL_B_SPLINE_SURFACE(((1.,0.923879532511288,1.),(1.,0.962441255734924,
1.),(1.,0.962441255737507,1.),(1.,0.923879532511284,1.)))
REPRESENTATION_ITEM('')
SURFACE()
);
#13=(
BOUNDED_SURFACE()
B_SPLINE_SURFACE(3,2,((#4666,#4667,#4668),(#4669,#4670,#4671),(#4672,#4673,
#4674),(#4675,#4676,#4677)),.UNSPECIFIED.,.F.,.F.,.F.)
B_SPLINE_SURFACE_WITH_KNOTS((4,4),(3,3),(5.75958653158123,6.80678408277788),
(0.,1.),.PIECEWISE_BEZIER_KNOTS.)
GEOMETRIC_REPRESENTATION_ITEM()
RATIONAL_B_SPLINE_SURFACE(((1.,0.923879532511278,1.),(1.,0.962441255736955,
1.),(1.,0.962441255734971,1.),(1.,0.923879532511288,1.)))
REPRESENTATION_ITEM('')
SURFACE()
);
#14=(
BOUNDED_SURFACE()
B_SPLINE_SURFACE(3,2,((#4679,#4680,#4681),(#4682,#4683,#4684),(#4685,#4686,
#4687),(#4688,#4689,#4690)),.UNSPECIFIED.,.F.,.F.,.F.)
B_SPLINE_SURFACE_WITH_KNOTS((4,4),(3,3),(2.61799387799154,3.66519142918809),
(0.,1.),.PIECEWISE_BEZIER_KNOTS.)
GEOMETRIC_REPRESENTATION_ITEM()
RATIONAL_B_SPLINE_SURFACE(((1.,0.923879532511293,1.),(1.,0.962441255736183,
1.),(1.,0.96244125573836,1.),(1.,0.923879532511287,1.)))
REPRESENTATION_ITEM('')
SURFACE()
);
#15=(
BOUNDED_SURFACE()
B_SPLINE_SURFACE(3,2,((#4696,#4697,#4698),(#4699,#4700,#4701),(#4702,#4703,
#4704),(#4705,#4706,#4707)),.UNSPECIFIED.,.F.,.F.,.F.)
B_SPLINE_SURFACE_WITH_KNOTS((4,4),(3,3),(5.7595865315813,6.80678408277793),
(0.,1.),.PIECEWISE_BEZIER_KNOTS.)
GEOMETRIC_REPRESENTATION_ITEM()
RATIONAL_B_SPLINE_SURFACE(((1.,0.923879532511287,1.),(1.,0.962441255737794,
1.),(1.,0.962441255736153,1.),(1.,0.923879532511284,1.)))
REPRESENTATION_ITEM('')
SURFACE()
);
#16=B_SPLINE_CURVE_WITH_KNOTS('',3,(#4622,#4623,#4624,#4625),
 .UNSPECIFIED.,.F.,.F.,(4,4),(0.,0.000458948730548377),.UNSPECIFIED.);
#17=B_SPLINE_CURVE_WITH_KNOTS('',3,(#4628,#4629,#4630,#4631),
 .UNSPECIFIED.,.F.,.F.,(4,4),(3.25260651745651E-19,0.000458865074331531),
 .UNSPECIFIED.);
#18=B_SPLINE_CURVE_WITH_KNOTS('',3,(#4634,#4635,#4636,#4637),
 .UNSPECIFIED.,.F.,.F.,(4,4),(0.,0.000458948730548421),.UNSPECIFIED.);
#19=B_SPLINE_CURVE_WITH_KNOTS('',3,(#4640,#4641,#4642,#4643),
 .UNSPECIFIED.,.F.,.F.,(4,4),(2.16840434497101E-19,0.000458865074331535),
 .UNSPECIFIED.);
#20=CYLINDRICAL_SURFACE('',#3029,0.0015);
#21=CYLINDRICAL_SURFACE('',#3031,0.0015);
#22=CYLINDRICAL_SURFACE('',#3033,0.0015);
#23=CYLINDRICAL_SURFACE('',#3035,0.0015);
#24=CYLINDRICAL_SURFACE('',#3064,0.0075);
#25=CYLINDRICAL_SURFACE('',#3065,0.0075);
#26=CYLINDRICAL_SURFACE('',#3066,0.0075);
#27=CYLINDRICAL_SURFACE('',#3067,0.0075);
#28=CYLINDRICAL_SURFACE('',#3068,0.0075);
#29=CYLINDRICAL_SURFACE('',#3069,0.0075);
#30=CYLINDRICAL_SURFACE('',#3070,0.02);
#31=CYLINDRICAL_SURFACE('',#3083,0.0005);
#32=CYLINDRICAL_SURFACE('',#3085,0.0005);
#33=CYLINDRICAL_SURFACE('',#3087,0.0005);
#34=CYLINDRICAL_SURFACE('',#3089,0.0005);
#35=CYLINDRICAL_SURFACE('',#3091,0.0005);
#36=CYLINDRICAL_SURFACE('',#3092,0.0005);
#37=CYLINDRICAL_SURFACE('',#3093,0.0005);
#38=CYLINDRICAL_SURFACE('',#3094,0.0005);
#39=CYLINDRICAL_SURFACE('',#3097,0.0005);
#40=CYLINDRICAL_SURFACE('',#3099,0.0005);
#41=CYLINDRICAL_SURFACE('',#3103,0.0005);
#42=CYLINDRICAL_SURFACE('',#3105,0.0005);
#43=CYLINDRICAL_SURFACE('',#3107,0.0005);
#44=CYLINDRICAL_SURFACE('',#3108,0.0005);
#45=CYLINDRICAL_SURFACE('',#3109,0.0005);
#46=CYLINDRICAL_SURFACE('',#3110,0.0005);
#47=CIRCLE('',#2922,0.02);
#48=CIRCLE('',#2923,0.0075);
#49=CIRCLE('',#2924,0.0075);
#50=CIRCLE('',#2925,0.0075);
#51=CIRCLE('',#2926,0.0075);
#52=CIRCLE('',#2927,0.0075);
#53=CIRCLE('',#2928,0.0075);
#54=CIRCLE('',#2929,0.0015);
#55=CIRCLE('',#2930,0.0015);
#56=CIRCLE('',#2931,0.0015);
#57=CIRCLE('',#2932,0.0015);
#58=CIRCLE('',#3030,0.0015);
#59=CIRCLE('',#3032,0.0015);
#60=CIRCLE('',#3034,0.0015);
#61=CIRCLE('',#3036,0.0015);
#62=CIRCLE('',#3053,0.02);
#63=CIRCLE('',#3054,0.0075);
#64=CIRCLE('',#3055,0.0075);
#65=CIRCLE('',#3056,0.0075);
#66=CIRCLE('',#3057,0.0075);
#67=CIRCLE('',#3058,0.0075);
#68=CIRCLE('',#3059,0.0075);
#69=CIRCLE('',#3060,0.0005);
#70=CIRCLE('',#3061,0.0005);
#71=CIRCLE('',#3062,0.0005);
#72=CIRCLE('',#3063,0.0005);
#73=CIRCLE('',#3095,0.0005);
#74=CIRCLE('',#3096,0.0005);
#75=CIRCLE('',#3098,0.0005);
#76=CIRCLE('',#3100,0.0005);
#77=CIRCLE('',#3101,0.0005);
#78=CIRCLE('',#3102,0.0005);
#79=CIRCLE('',#3104,0.0005);
#80=CIRCLE('',#3106,0.0005);
#81=ELLIPSE('',#2914,0.00173205080756888,0.001);
#82=ELLIPSE('',#2915,0.00173205080756888,0.001);
#83=ELLIPSE('',#2916,0.00173205080756888,0.001);
#84=ELLIPSE('',#2917,0.00173205080756888,0.001);
#85=ELLIPSE('',#2918,0.000866025403784439,0.0005);
#86=ELLIPSE('',#2919,0.000866025403784439,0.0005);
#87=ELLIPSE('',#2920,0.000866025403784439,0.0005);
#88=ELLIPSE('',#2921,0.000866025403784439,0.0005);
#89=ELLIPSE('',#2935,0.000866025403784439,0.0005);
#90=ELLIPSE('',#2936,0.000866025403784438,0.0005);
#91=ELLIPSE('',#2939,0.000866025403784438,0.0005);
#92=ELLIPSE('',#2940,0.000866025403784438,0.0005);
#93=ELLIPSE('',#2942,0.000866025403784438,0.0005);
#94=ELLIPSE('',#2943,0.000866025403784438,0.0005);
#95=ELLIPSE('',#2945,0.000866025403784438,0.0005);
#96=ELLIPSE('',#2946,0.000866025403784438,0.0005);
#97=ELLIPSE('',#2948,0.000866025403784438,0.0005);
#98=ELLIPSE('',#2949,0.000866025403784438,0.0005);
#99=ELLIPSE('',#2951,0.000866025403784438,0.0005);
#100=ELLIPSE('',#2952,0.000866025403784438,0.0005);
#101=ELLIPSE('',#3076,0.000707106781186548,0.0005);
#102=ELLIPSE('',#3077,0.000707106781186548,0.0005);
#103=ELLIPSE('',#3079,0.000707106781186548,0.0005);
#104=ELLIPSE('',#3080,0.000707106781186548,0.0005);
#105=ELLIPSE('',#3084,0.0015,0.0005);
#106=ELLIPSE('',#3086,0.0015,0.0005);
#107=ELLIPSE('',#3088,0.0015,0.0005);
#108=ELLIPSE('',#3090,0.0015,0.0005);
#109=ORIENTED_EDGE('',*,*,#913,.T.);
#110=ORIENTED_EDGE('',*,*,#914,.T.);
#111=ORIENTED_EDGE('',*,*,#915,.T.);
#112=ORIENTED_EDGE('',*,*,#916,.T.);
#113=ORIENTED_EDGE('',*,*,#917,.T.);
#114=ORIENTED_EDGE('',*,*,#918,.T.);
#115=ORIENTED_EDGE('',*,*,#919,.T.);
#116=ORIENTED_EDGE('',*,*,#920,.T.);
#117=ORIENTED_EDGE('',*,*,#921,.T.);
#118=ORIENTED_EDGE('',*,*,#922,.T.);
#119=ORIENTED_EDGE('',*,*,#923,.T.);
#120=ORIENTED_EDGE('',*,*,#924,.T.);
#121=ORIENTED_EDGE('',*,*,#925,.T.);
#122=ORIENTED_EDGE('',*,*,#926,.T.);
#123=ORIENTED_EDGE('',*,*,#927,.T.);
#124=ORIENTED_EDGE('',*,*,#928,.T.);
#125=ORIENTED_EDGE('',*,*,#929,.F.);
#126=ORIENTED_EDGE('',*,*,#930,.T.);
#127=ORIENTED_EDGE('',*,*,#931,.F.);
#128=ORIENTED_EDGE('',*,*,#932,.T.);
#129=ORIENTED_EDGE('',*,*,#933,.F.);
#130=ORIENTED_EDGE('',*,*,#934,.T.);
#131=ORIENTED_EDGE('',*,*,#935,.T.);
#132=ORIENTED_EDGE('',*,*,#936,.T.);
#133=ORIENTED_EDGE('',*,*,#937,.F.);
#134=ORIENTED_EDGE('',*,*,#938,.T.);
#135=ORIENTED_EDGE('',*,*,#939,.F.);
#136=ORIENTED_EDGE('',*,*,#940,.T.);
#137=ORIENTED_EDGE('',*,*,#941,.F.);
#138=ORIENTED_EDGE('',*,*,#942,.T.);
#139=ORIENTED_EDGE('',*,*,#943,.F.);
#140=ORIENTED_EDGE('',*,*,#944,.F.);
#141=ORIENTED_EDGE('',*,*,#945,.F.);
#142=ORIENTED_EDGE('',*,*,#946,.F.);
#143=ORIENTED_EDGE('',*,*,#947,.F.);
#144=ORIENTED_EDGE('',*,*,#948,.F.);
#145=ORIENTED_EDGE('',*,*,#949,.F.);
#146=ORIENTED_EDGE('',*,*,#950,.F.);
#147=ORIENTED_EDGE('',*,*,#951,.F.);
#148=ORIENTED_EDGE('',*,*,#952,.F.);
#149=ORIENTED_EDGE('',*,*,#953,.F.);
#150=ORIENTED_EDGE('',*,*,#954,.F.);
#151=ORIENTED_EDGE('',*,*,#955,.F.);
#152=ORIENTED_EDGE('',*,*,#956,.F.);
#153=ORIENTED_EDGE('',*,*,#957,.F.);
#154=ORIENTED_EDGE('',*,*,#958,.F.);
#155=ORIENTED_EDGE('',*,*,#959,.F.);
#156=ORIENTED_EDGE('',*,*,#960,.F.);
#157=ORIENTED_EDGE('',*,*,#961,.F.);
#158=ORIENTED_EDGE('',*,*,#962,.F.);
#159=ORIENTED_EDGE('',*,*,#963,.F.);
#160=ORIENTED_EDGE('',*,*,#964,.T.);
#161=ORIENTED_EDGE('',*,*,#965,.F.);
#162=ORIENTED_EDGE('',*,*,#966,.F.);
#163=ORIENTED_EDGE('',*,*,#967,.F.);
#164=ORIENTED_EDGE('',*,*,#968,.F.);
#165=ORIENTED_EDGE('',*,*,#969,.F.);
#166=ORIENTED_EDGE('',*,*,#970,.F.);
#167=ORIENTED_EDGE('',*,*,#971,.F.);
#168=ORIENTED_EDGE('',*,*,#972,.F.);
#169=ORIENTED_EDGE('',*,*,#973,.F.);
#170=ORIENTED_EDGE('',*,*,#974,.F.);
#171=ORIENTED_EDGE('',*,*,#975,.F.);
#172=ORIENTED_EDGE('',*,*,#976,.F.);
#173=ORIENTED_EDGE('',*,*,#977,.F.);
#174=ORIENTED_EDGE('',*,*,#978,.F.);
#175=ORIENTED_EDGE('',*,*,#979,.F.);
#176=ORIENTED_EDGE('',*,*,#980,.F.);
#177=ORIENTED_EDGE('',*,*,#981,.F.);
#178=ORIENTED_EDGE('',*,*,#982,.F.);
#179=ORIENTED_EDGE('',*,*,#983,.F.);
#180=ORIENTED_EDGE('',*,*,#984,.F.);
#181=ORIENTED_EDGE('',*,*,#985,.F.);
#182=ORIENTED_EDGE('',*,*,#986,.F.);
#183=ORIENTED_EDGE('',*,*,#987,.F.);
#184=ORIENTED_EDGE('',*,*,#988,.F.);
#185=ORIENTED_EDGE('',*,*,#989,.F.);
#186=ORIENTED_EDGE('',*,*,#990,.F.);
#187=ORIENTED_EDGE('',*,*,#991,.F.);
#188=ORIENTED_EDGE('',*,*,#992,.F.);
#189=ORIENTED_EDGE('',*,*,#993,.F.);
#190=ORIENTED_EDGE('',*,*,#994,.F.);
#191=ORIENTED_EDGE('',*,*,#995,.F.);
#192=ORIENTED_EDGE('',*,*,#996,.F.);
#193=ORIENTED_EDGE('',*,*,#997,.F.);
#194=ORIENTED_EDGE('',*,*,#998,.F.);
#195=ORIENTED_EDGE('',*,*,#999,.F.);
#196=ORIENTED_EDGE('',*,*,#1000,.F.);
#197=ORIENTED_EDGE('',*,*,#1001,.F.);
#198=ORIENTED_EDGE('',*,*,#1002,.F.);
#199=ORIENTED_EDGE('',*,*,#1003,.F.);
#200=ORIENTED_EDGE('',*,*,#1004,.T.);
#201=ORIENTED_EDGE('',*,*,#1005,.T.);
#202=ORIENTED_EDGE('',*,*,#1006,.F.);
#203=ORIENTED_EDGE('',*,*,#1007,.T.);
#204=ORIENTED_EDGE('',*,*,#1008,.T.);
#205=ORIENTED_EDGE('',*,*,#1009,.T.);
#206=ORIENTED_EDGE('',*,*,#1010,.T.);
#207=ORIENTED_EDGE('',*,*,#1011,.T.);
#208=ORIENTED_EDGE('',*,*,#1012,.T.);
#209=ORIENTED_EDGE('',*,*,#1013,.T.);
#210=ORIENTED_EDGE('',*,*,#1014,.T.);
#211=ORIENTED_EDGE('',*,*,#1015,.T.);
#212=ORIENTED_EDGE('',*,*,#1016,.T.);
#213=ORIENTED_EDGE('',*,*,#1017,.T.);
#214=ORIENTED_EDGE('',*,*,#1018,.T.);
#215=ORIENTED_EDGE('',*,*,#1019,.T.);
#216=ORIENTED_EDGE('',*,*,#1020,.T.);
#217=ORIENTED_EDGE('',*,*,#1021,.T.);
#218=ORIENTED_EDGE('',*,*,#1022,.T.);
#219=ORIENTED_EDGE('',*,*,#1023,.T.);
#220=ORIENTED_EDGE('',*,*,#1024,.T.);
#221=ORIENTED_EDGE('',*,*,#1025,.T.);
#222=ORIENTED_EDGE('',*,*,#1026,.T.);
#223=ORIENTED_EDGE('',*,*,#1027,.T.);
#224=ORIENTED_EDGE('',*,*,#1028,.T.);
#225=ORIENTED_EDGE('',*,*,#1029,.T.);
#226=ORIENTED_EDGE('',*,*,#1030,.T.);
#227=ORIENTED_EDGE('',*,*,#1031,.T.);
#228=ORIENTED_EDGE('',*,*,#1032,.T.);
#229=ORIENTED_EDGE('',*,*,#1033,.T.);
#230=ORIENTED_EDGE('',*,*,#1034,.T.);
#231=ORIENTED_EDGE('',*,*,#1035,.T.);
#232=ORIENTED_EDGE('',*,*,#1036,.T.);
#233=ORIENTED_EDGE('',*,*,#1037,.T.);
#234=ORIENTED_EDGE('',*,*,#1038,.T.);
#235=ORIENTED_EDGE('',*,*,#1039,.T.);
#236=ORIENTED_EDGE('',*,*,#1040,.F.);
#237=ORIENTED_EDGE('',*,*,#1041,.T.);
#238=ORIENTED_EDGE('',*,*,#1042,.T.);
#239=ORIENTED_EDGE('',*,*,#1043,.T.);
#240=ORIENTED_EDGE('',*,*,#1044,.T.);
#241=ORIENTED_EDGE('',*,*,#1045,.T.);
#242=ORIENTED_EDGE('',*,*,#1046,.T.);
#243=ORIENTED_EDGE('',*,*,#1047,.F.);
#244=ORIENTED_EDGE('',*,*,#1048,.T.);
#245=ORIENTED_EDGE('',*,*,#1049,.T.);
#246=ORIENTED_EDGE('',*,*,#1050,.T.);
#247=ORIENTED_EDGE('',*,*,#1051,.F.);
#248=ORIENTED_EDGE('',*,*,#1052,.T.);
#249=ORIENTED_EDGE('',*,*,#1053,.T.);
#250=ORIENTED_EDGE('',*,*,#1054,.T.);
#251=ORIENTED_EDGE('',*,*,#1055,.F.);
#252=ORIENTED_EDGE('',*,*,#1056,.T.);
#253=ORIENTED_EDGE('',*,*,#1057,.F.);
#254=ORIENTED_EDGE('',*,*,#1058,.T.);
#255=ORIENTED_EDGE('',*,*,#1055,.T.);
#256=ORIENTED_EDGE('',*,*,#1059,.T.);
#257=ORIENTED_EDGE('',*,*,#1060,.F.);
#258=ORIENTED_EDGE('',*,*,#1061,.T.);
#259=ORIENTED_EDGE('',*,*,#1062,.F.);
#260=ORIENTED_EDGE('',*,*,#1063,.T.);
#261=ORIENTED_EDGE('',*,*,#1060,.T.);
#262=ORIENTED_EDGE('',*,*,#1064,.T.);
#263=ORIENTED_EDGE('',*,*,#1065,.F.);
#264=ORIENTED_EDGE('',*,*,#1066,.T.);
#265=ORIENTED_EDGE('',*,*,#1067,.F.);
#266=ORIENTED_EDGE('',*,*,#1068,.T.);
#267=ORIENTED_EDGE('',*,*,#1065,.T.);
#268=ORIENTED_EDGE('',*,*,#1069,.T.);
#269=ORIENTED_EDGE('',*,*,#1053,.F.);
#270=ORIENTED_EDGE('',*,*,#1070,.T.);
#271=ORIENTED_EDGE('',*,*,#1071,.T.);
#272=ORIENTED_EDGE('',*,*,#1072,.F.);
#273=ORIENTED_EDGE('',*,*,#1027,.F.);
#274=ORIENTED_EDGE('',*,*,#1073,.T.);
#275=ORIENTED_EDGE('',*,*,#1074,.T.);
#276=ORIENTED_EDGE('',*,*,#1075,.F.);
#277=ORIENTED_EDGE('',*,*,#1028,.F.);
#278=ORIENTED_EDGE('',*,*,#1072,.T.);
#279=ORIENTED_EDGE('',*,*,#1076,.T.);
#280=ORIENTED_EDGE('',*,*,#1077,.F.);
#281=ORIENTED_EDGE('',*,*,#1029,.F.);
#282=ORIENTED_EDGE('',*,*,#1075,.T.);
#283=ORIENTED_EDGE('',*,*,#1078,.T.);
#284=ORIENTED_EDGE('',*,*,#1079,.F.);
#285=ORIENTED_EDGE('',*,*,#1023,.F.);
#286=ORIENTED_EDGE('',*,*,#1080,.T.);
#287=ORIENTED_EDGE('',*,*,#1081,.T.);
#288=ORIENTED_EDGE('',*,*,#1082,.F.);
#289=ORIENTED_EDGE('',*,*,#1024,.F.);
#290=ORIENTED_EDGE('',*,*,#1079,.T.);
#291=ORIENTED_EDGE('',*,*,#1083,.T.);
#292=ORIENTED_EDGE('',*,*,#1084,.F.);
#293=ORIENTED_EDGE('',*,*,#1025,.F.);
#294=ORIENTED_EDGE('',*,*,#1082,.T.);
#295=ORIENTED_EDGE('',*,*,#1085,.T.);
#296=ORIENTED_EDGE('',*,*,#1086,.F.);
#297=ORIENTED_EDGE('',*,*,#1019,.F.);
#298=ORIENTED_EDGE('',*,*,#1087,.T.);
#299=ORIENTED_EDGE('',*,*,#1088,.T.);
#300=ORIENTED_EDGE('',*,*,#1089,.F.);
#301=ORIENTED_EDGE('',*,*,#1020,.F.);
#302=ORIENTED_EDGE('',*,*,#1086,.T.);
#303=ORIENTED_EDGE('',*,*,#1090,.T.);
#304=ORIENTED_EDGE('',*,*,#1091,.F.);
#305=ORIENTED_EDGE('',*,*,#1021,.F.);
#306=ORIENTED_EDGE('',*,*,#1089,.T.);
#307=ORIENTED_EDGE('',*,*,#1092,.T.);
#308=ORIENTED_EDGE('',*,*,#1093,.F.);
#309=ORIENTED_EDGE('',*,*,#1015,.F.);
#310=ORIENTED_EDGE('',*,*,#1094,.T.);
#311=ORIENTED_EDGE('',*,*,#1095,.T.);
#312=ORIENTED_EDGE('',*,*,#1096,.F.);
#313=ORIENTED_EDGE('',*,*,#1016,.F.);
#314=ORIENTED_EDGE('',*,*,#1093,.T.);
#315=ORIENTED_EDGE('',*,*,#1097,.T.);
#316=ORIENTED_EDGE('',*,*,#1098,.F.);
#317=ORIENTED_EDGE('',*,*,#1017,.F.);
#318=ORIENTED_EDGE('',*,*,#1096,.T.);
#319=ORIENTED_EDGE('',*,*,#1099,.T.);
#320=ORIENTED_EDGE('',*,*,#1100,.F.);
#321=ORIENTED_EDGE('',*,*,#1011,.F.);
#322=ORIENTED_EDGE('',*,*,#1101,.T.);
#323=ORIENTED_EDGE('',*,*,#1102,.T.);
#324=ORIENTED_EDGE('',*,*,#1103,.F.);
#325=ORIENTED_EDGE('',*,*,#1012,.F.);
#326=ORIENTED_EDGE('',*,*,#1100,.T.);
#327=ORIENTED_EDGE('',*,*,#1104,.T.);
#328=ORIENTED_EDGE('',*,*,#1105,.F.);
#329=ORIENTED_EDGE('',*,*,#1013,.F.);
#330=ORIENTED_EDGE('',*,*,#1103,.T.);
#331=ORIENTED_EDGE('',*,*,#1106,.T.);
#332=ORIENTED_EDGE('',*,*,#1107,.F.);
#333=ORIENTED_EDGE('',*,*,#1007,.F.);
#334=ORIENTED_EDGE('',*,*,#1108,.T.);
#335=ORIENTED_EDGE('',*,*,#1109,.T.);
#336=ORIENTED_EDGE('',*,*,#1110,.F.);
#337=ORIENTED_EDGE('',*,*,#1008,.F.);
#338=ORIENTED_EDGE('',*,*,#1107,.T.);
#339=ORIENTED_EDGE('',*,*,#1111,.T.);
#340=ORIENTED_EDGE('',*,*,#1112,.F.);
#341=ORIENTED_EDGE('',*,*,#1009,.F.);
#342=ORIENTED_EDGE('',*,*,#1110,.T.);
#343=ORIENTED_EDGE('',*,*,#1113,.F.);
#344=ORIENTED_EDGE('',*,*,#1114,.F.);
#345=ORIENTED_EDGE('',*,*,#1003,.T.);
#346=ORIENTED_EDGE('',*,*,#1115,.T.);
#347=ORIENTED_EDGE('',*,*,#1116,.T.);
#348=ORIENTED_EDGE('',*,*,#1117,.F.);
#349=ORIENTED_EDGE('',*,*,#1004,.F.);
#350=ORIENTED_EDGE('',*,*,#1114,.T.);
#351=ORIENTED_EDGE('',*,*,#1118,.T.);
#352=ORIENTED_EDGE('',*,*,#1119,.F.);
#353=ORIENTED_EDGE('',*,*,#1005,.F.);
#354=ORIENTED_EDGE('',*,*,#1117,.T.);
#355=ORIENTED_EDGE('',*,*,#1120,.F.);
#356=ORIENTED_EDGE('',*,*,#1121,.F.);
#357=ORIENTED_EDGE('',*,*,#995,.T.);
#358=ORIENTED_EDGE('',*,*,#1122,.T.);
#359=ORIENTED_EDGE('',*,*,#1123,.F.);
#360=ORIENTED_EDGE('',*,*,#1124,.F.);
#361=ORIENTED_EDGE('',*,*,#996,.T.);
#362=ORIENTED_EDGE('',*,*,#1121,.T.);
#363=ORIENTED_EDGE('',*,*,#1125,.F.);
#364=ORIENTED_EDGE('',*,*,#1126,.F.);
#365=ORIENTED_EDGE('',*,*,#997,.T.);
#366=ORIENTED_EDGE('',*,*,#1124,.T.);
#367=ORIENTED_EDGE('',*,*,#1127,.F.);
#368=ORIENTED_EDGE('',*,*,#1128,.F.);
#369=ORIENTED_EDGE('',*,*,#991,.T.);
#370=ORIENTED_EDGE('',*,*,#1129,.T.);
#371=ORIENTED_EDGE('',*,*,#1130,.F.);
#372=ORIENTED_EDGE('',*,*,#1131,.F.);
#373=ORIENTED_EDGE('',*,*,#992,.T.);
#374=ORIENTED_EDGE('',*,*,#1128,.T.);
#375=ORIENTED_EDGE('',*,*,#1132,.F.);
#376=ORIENTED_EDGE('',*,*,#1133,.F.);
#377=ORIENTED_EDGE('',*,*,#993,.T.);
#378=ORIENTED_EDGE('',*,*,#1131,.T.);
#379=ORIENTED_EDGE('',*,*,#1134,.F.);
#380=ORIENTED_EDGE('',*,*,#1135,.F.);
#381=ORIENTED_EDGE('',*,*,#987,.T.);
#382=ORIENTED_EDGE('',*,*,#1136,.T.);
#383=ORIENTED_EDGE('',*,*,#1137,.F.);
#384=ORIENTED_EDGE('',*,*,#1138,.F.);
#385=ORIENTED_EDGE('',*,*,#988,.T.);
#386=ORIENTED_EDGE('',*,*,#1135,.T.);
#387=ORIENTED_EDGE('',*,*,#1139,.F.);
#388=ORIENTED_EDGE('',*,*,#1140,.F.);
#389=ORIENTED_EDGE('',*,*,#989,.T.);
#390=ORIENTED_EDGE('',*,*,#1138,.T.);
#391=ORIENTED_EDGE('',*,*,#1141,.F.);
#392=ORIENTED_EDGE('',*,*,#1142,.F.);
#393=ORIENTED_EDGE('',*,*,#983,.T.);
#394=ORIENTED_EDGE('',*,*,#1143,.T.);
#395=ORIENTED_EDGE('',*,*,#1144,.F.);
#396=ORIENTED_EDGE('',*,*,#1145,.F.);
#397=ORIENTED_EDGE('',*,*,#984,.T.);
#398=ORIENTED_EDGE('',*,*,#1142,.T.);
#399=ORIENTED_EDGE('',*,*,#1146,.F.);
#400=ORIENTED_EDGE('',*,*,#1147,.F.);
#401=ORIENTED_EDGE('',*,*,#985,.T.);
#402=ORIENTED_EDGE('',*,*,#1145,.T.);
#403=ORIENTED_EDGE('',*,*,#1148,.F.);
#404=ORIENTED_EDGE('',*,*,#1149,.F.);
#405=ORIENTED_EDGE('',*,*,#979,.T.);
#406=ORIENTED_EDGE('',*,*,#1150,.T.);
#407=ORIENTED_EDGE('',*,*,#1151,.F.);
#408=ORIENTED_EDGE('',*,*,#1152,.F.);
#409=ORIENTED_EDGE('',*,*,#980,.T.);
#410=ORIENTED_EDGE('',*,*,#1149,.T.);
#411=ORIENTED_EDGE('',*,*,#1153,.F.);
#412=ORIENTED_EDGE('',*,*,#1154,.F.);
#413=ORIENTED_EDGE('',*,*,#981,.T.);
#414=ORIENTED_EDGE('',*,*,#1152,.T.);
#415=ORIENTED_EDGE('',*,*,#1155,.F.);
#416=ORIENTED_EDGE('',*,*,#1156,.F.);
#417=ORIENTED_EDGE('',*,*,#975,.T.);
#418=ORIENTED_EDGE('',*,*,#1157,.T.);
#419=ORIENTED_EDGE('',*,*,#1158,.F.);
#420=ORIENTED_EDGE('',*,*,#1159,.F.);
#421=ORIENTED_EDGE('',*,*,#976,.T.);
#422=ORIENTED_EDGE('',*,*,#1156,.T.);
#423=ORIENTED_EDGE('',*,*,#1160,.F.);
#424=ORIENTED_EDGE('',*,*,#1161,.F.);
#425=ORIENTED_EDGE('',*,*,#977,.T.);
#426=ORIENTED_EDGE('',*,*,#1159,.T.);
#427=ORIENTED_EDGE('',*,*,#1162,.F.);
#428=ORIENTED_EDGE('',*,*,#1163,.F.);
#429=ORIENTED_EDGE('',*,*,#971,.T.);
#430=ORIENTED_EDGE('',*,*,#1164,.T.);
#431=ORIENTED_EDGE('',*,*,#1165,.F.);
#432=ORIENTED_EDGE('',*,*,#1166,.F.);
#433=ORIENTED_EDGE('',*,*,#972,.T.);
#434=ORIENTED_EDGE('',*,*,#1163,.T.);
#435=ORIENTED_EDGE('',*,*,#1167,.F.);
#436=ORIENTED_EDGE('',*,*,#1168,.F.);
#437=ORIENTED_EDGE('',*,*,#973,.T.);
#438=ORIENTED_EDGE('',*,*,#1166,.T.);
#439=ORIENTED_EDGE('',*,*,#1169,.F.);
#440=ORIENTED_EDGE('',*,*,#1170,.F.);
#441=ORIENTED_EDGE('',*,*,#967,.T.);
#442=ORIENTED_EDGE('',*,*,#1171,.T.);
#443=ORIENTED_EDGE('',*,*,#1172,.F.);
#444=ORIENTED_EDGE('',*,*,#1173,.F.);
#445=ORIENTED_EDGE('',*,*,#968,.T.);
#446=ORIENTED_EDGE('',*,*,#1170,.T.);
#447=ORIENTED_EDGE('',*,*,#1174,.F.);
#448=ORIENTED_EDGE('',*,*,#1175,.F.);
#449=ORIENTED_EDGE('',*,*,#969,.T.);
#450=ORIENTED_EDGE('',*,*,#1173,.T.);
#451=ORIENTED_EDGE('',*,*,#1176,.F.);
#452=ORIENTED_EDGE('',*,*,#1177,.F.);
#453=ORIENTED_EDGE('',*,*,#963,.T.);
#454=ORIENTED_EDGE('',*,*,#1178,.T.);
#455=ORIENTED_EDGE('',*,*,#1179,.T.);
#456=ORIENTED_EDGE('',*,*,#1180,.F.);
#457=ORIENTED_EDGE('',*,*,#964,.F.);
#458=ORIENTED_EDGE('',*,*,#1177,.T.);
#459=ORIENTED_EDGE('',*,*,#1181,.F.);
#460=ORIENTED_EDGE('',*,*,#1182,.F.);
#461=ORIENTED_EDGE('',*,*,#965,.T.);
#462=ORIENTED_EDGE('',*,*,#1180,.T.);
#463=ORIENTED_EDGE('',*,*,#1183,.F.);
#464=ORIENTED_EDGE('',*,*,#1184,.F.);
#465=ORIENTED_EDGE('',*,*,#959,.T.);
#466=ORIENTED_EDGE('',*,*,#1185,.T.);
#467=ORIENTED_EDGE('',*,*,#1186,.F.);
#468=ORIENTED_EDGE('',*,*,#1187,.F.);
#469=ORIENTED_EDGE('',*,*,#960,.T.);
#470=ORIENTED_EDGE('',*,*,#1184,.T.);
#471=ORIENTED_EDGE('',*,*,#1188,.F.);
#472=ORIENTED_EDGE('',*,*,#1189,.F.);
#473=ORIENTED_EDGE('',*,*,#961,.T.);
#474=ORIENTED_EDGE('',*,*,#1187,.T.);
#475=ORIENTED_EDGE('',*,*,#1190,.F.);
#476=ORIENTED_EDGE('',*,*,#1191,.F.);
#477=ORIENTED_EDGE('',*,*,#955,.T.);
#478=ORIENTED_EDGE('',*,*,#1192,.T.);
#479=ORIENTED_EDGE('',*,*,#1193,.F.);
#480=ORIENTED_EDGE('',*,*,#1194,.F.);
#481=ORIENTED_EDGE('',*,*,#956,.T.);
#482=ORIENTED_EDGE('',*,*,#1191,.T.);
#483=ORIENTED_EDGE('',*,*,#1195,.F.);
#484=ORIENTED_EDGE('',*,*,#1196,.F.);
#485=ORIENTED_EDGE('',*,*,#957,.T.);
#486=ORIENTED_EDGE('',*,*,#1194,.T.);
#487=ORIENTED_EDGE('',*,*,#1197,.F.);
#488=ORIENTED_EDGE('',*,*,#1198,.F.);
#489=ORIENTED_EDGE('',*,*,#951,.T.);
#490=ORIENTED_EDGE('',*,*,#1199,.T.);
#491=ORIENTED_EDGE('',*,*,#1200,.F.);
#492=ORIENTED_EDGE('',*,*,#1201,.F.);
#493=ORIENTED_EDGE('',*,*,#952,.T.);
#494=ORIENTED_EDGE('',*,*,#1198,.T.);
#495=ORIENTED_EDGE('',*,*,#1202,.F.);
#496=ORIENTED_EDGE('',*,*,#1203,.F.);
#497=ORIENTED_EDGE('',*,*,#953,.T.);
#498=ORIENTED_EDGE('',*,*,#1201,.T.);
#499=ORIENTED_EDGE('',*,*,#1204,.F.);
#500=ORIENTED_EDGE('',*,*,#1205,.F.);
#501=ORIENTED_EDGE('',*,*,#947,.T.);
#502=ORIENTED_EDGE('',*,*,#1206,.T.);
#503=ORIENTED_EDGE('',*,*,#1207,.F.);
#504=ORIENTED_EDGE('',*,*,#1208,.F.);
#505=ORIENTED_EDGE('',*,*,#948,.T.);
#506=ORIENTED_EDGE('',*,*,#1205,.T.);
#507=ORIENTED_EDGE('',*,*,#1209,.F.);
#508=ORIENTED_EDGE('',*,*,#1210,.F.);
#509=ORIENTED_EDGE('',*,*,#949,.T.);
#510=ORIENTED_EDGE('',*,*,#1208,.T.);
#511=ORIENTED_EDGE('',*,*,#1211,.F.);
#512=ORIENTED_EDGE('',*,*,#1212,.F.);
#513=ORIENTED_EDGE('',*,*,#943,.T.);
#514=ORIENTED_EDGE('',*,*,#1213,.T.);
#515=ORIENTED_EDGE('',*,*,#1214,.F.);
#516=ORIENTED_EDGE('',*,*,#1215,.F.);
#517=ORIENTED_EDGE('',*,*,#944,.T.);
#518=ORIENTED_EDGE('',*,*,#1212,.T.);
#519=ORIENTED_EDGE('',*,*,#1216,.F.);
#520=ORIENTED_EDGE('',*,*,#1217,.F.);
#521=ORIENTED_EDGE('',*,*,#945,.T.);
#522=ORIENTED_EDGE('',*,*,#1215,.T.);
#523=ORIENTED_EDGE('',*,*,#931,.T.);
#524=ORIENTED_EDGE('',*,*,#1218,.T.);
#525=ORIENTED_EDGE('',*,*,#1219,.F.);
#526=ORIENTED_EDGE('',*,*,#1220,.T.);
#527=ORIENTED_EDGE('',*,*,#933,.T.);
#528=ORIENTED_EDGE('',*,*,#1221,.T.);
#529=ORIENTED_EDGE('',*,*,#1222,.F.);
#530=ORIENTED_EDGE('',*,*,#1223,.T.);
#531=ORIENTED_EDGE('',*,*,#935,.F.);
#532=ORIENTED_EDGE('',*,*,#1224,.T.);
#533=ORIENTED_EDGE('',*,*,#1225,.T.);
#534=ORIENTED_EDGE('',*,*,#1226,.T.);
#535=ORIENTED_EDGE('',*,*,#937,.T.);
#536=ORIENTED_EDGE('',*,*,#1227,.T.);
#537=ORIENTED_EDGE('',*,*,#1228,.F.);
#538=ORIENTED_EDGE('',*,*,#1229,.T.);
#539=ORIENTED_EDGE('',*,*,#1230,.F.);
#540=ORIENTED_EDGE('',*,*,#1231,.T.);
#541=ORIENTED_EDGE('',*,*,#939,.T.);
#542=ORIENTED_EDGE('',*,*,#1232,.T.);
#543=ORIENTED_EDGE('',*,*,#1233,.F.);
#544=ORIENTED_EDGE('',*,*,#1234,.T.);
#545=ORIENTED_EDGE('',*,*,#941,.T.);
#546=ORIENTED_EDGE('',*,*,#1235,.T.);
#547=ORIENTED_EDGE('',*,*,#1236,.T.);
#548=ORIENTED_EDGE('',*,*,#1073,.F.);
#549=ORIENTED_EDGE('',*,*,#1030,.F.);
#550=ORIENTED_EDGE('',*,*,#1077,.T.);
#551=ORIENTED_EDGE('',*,*,#1237,.T.);
#552=ORIENTED_EDGE('',*,*,#1080,.F.);
#553=ORIENTED_EDGE('',*,*,#1026,.F.);
#554=ORIENTED_EDGE('',*,*,#1084,.T.);
#555=ORIENTED_EDGE('',*,*,#1238,.T.);
#556=ORIENTED_EDGE('',*,*,#1087,.F.);
#557=ORIENTED_EDGE('',*,*,#1022,.F.);
#558=ORIENTED_EDGE('',*,*,#1091,.T.);
#559=ORIENTED_EDGE('',*,*,#1239,.T.);
#560=ORIENTED_EDGE('',*,*,#1094,.F.);
#561=ORIENTED_EDGE('',*,*,#1018,.F.);
#562=ORIENTED_EDGE('',*,*,#1098,.T.);
#563=ORIENTED_EDGE('',*,*,#1240,.T.);
#564=ORIENTED_EDGE('',*,*,#1101,.F.);
#565=ORIENTED_EDGE('',*,*,#1014,.F.);
#566=ORIENTED_EDGE('',*,*,#1105,.T.);
#567=ORIENTED_EDGE('',*,*,#1241,.T.);
#568=ORIENTED_EDGE('',*,*,#1108,.F.);
#569=ORIENTED_EDGE('',*,*,#1010,.F.);
#570=ORIENTED_EDGE('',*,*,#1112,.T.);
#571=ORIENTED_EDGE('',*,*,#1242,.F.);
#572=ORIENTED_EDGE('',*,*,#1115,.F.);
#573=ORIENTED_EDGE('',*,*,#1006,.T.);
#574=ORIENTED_EDGE('',*,*,#1119,.T.);
#575=ORIENTED_EDGE('',*,*,#1002,.T.);
#576=ORIENTED_EDGE('',*,*,#1243,.F.);
#577=ORIENTED_EDGE('',*,*,#1001,.T.);
#578=ORIENTED_EDGE('',*,*,#1244,.F.);
#579=ORIENTED_EDGE('',*,*,#1000,.T.);
#580=ORIENTED_EDGE('',*,*,#1245,.F.);
#581=ORIENTED_EDGE('',*,*,#999,.T.);
#582=ORIENTED_EDGE('',*,*,#1246,.F.);
#583=ORIENTED_EDGE('',*,*,#1247,.F.);
#584=ORIENTED_EDGE('',*,*,#1122,.F.);
#585=ORIENTED_EDGE('',*,*,#998,.T.);
#586=ORIENTED_EDGE('',*,*,#1126,.T.);
#587=ORIENTED_EDGE('',*,*,#1248,.F.);
#588=ORIENTED_EDGE('',*,*,#1129,.F.);
#589=ORIENTED_EDGE('',*,*,#994,.T.);
#590=ORIENTED_EDGE('',*,*,#1133,.T.);
#591=ORIENTED_EDGE('',*,*,#1249,.F.);
#592=ORIENTED_EDGE('',*,*,#1136,.F.);
#593=ORIENTED_EDGE('',*,*,#990,.T.);
#594=ORIENTED_EDGE('',*,*,#1140,.T.);
#595=ORIENTED_EDGE('',*,*,#1250,.F.);
#596=ORIENTED_EDGE('',*,*,#1143,.F.);
#597=ORIENTED_EDGE('',*,*,#986,.T.);
#598=ORIENTED_EDGE('',*,*,#1147,.T.);
#599=ORIENTED_EDGE('',*,*,#1251,.F.);
#600=ORIENTED_EDGE('',*,*,#1150,.F.);
#601=ORIENTED_EDGE('',*,*,#982,.T.);
#602=ORIENTED_EDGE('',*,*,#1154,.T.);
#603=ORIENTED_EDGE('',*,*,#1252,.F.);
#604=ORIENTED_EDGE('',*,*,#1157,.F.);
#605=ORIENTED_EDGE('',*,*,#978,.T.);
#606=ORIENTED_EDGE('',*,*,#1161,.T.);
#607=ORIENTED_EDGE('',*,*,#1253,.F.);
#608=ORIENTED_EDGE('',*,*,#1164,.F.);
#609=ORIENTED_EDGE('',*,*,#974,.T.);
#610=ORIENTED_EDGE('',*,*,#1168,.T.);
#611=ORIENTED_EDGE('',*,*,#1254,.F.);
#612=ORIENTED_EDGE('',*,*,#1171,.F.);
#613=ORIENTED_EDGE('',*,*,#970,.T.);
#614=ORIENTED_EDGE('',*,*,#1175,.T.);
#615=ORIENTED_EDGE('',*,*,#1255,.F.);
#616=ORIENTED_EDGE('',*,*,#1178,.F.);
#617=ORIENTED_EDGE('',*,*,#966,.T.);
#618=ORIENTED_EDGE('',*,*,#1182,.T.);
#619=ORIENTED_EDGE('',*,*,#1256,.F.);
#620=ORIENTED_EDGE('',*,*,#1185,.F.);
#621=ORIENTED_EDGE('',*,*,#962,.T.);
#622=ORIENTED_EDGE('',*,*,#1189,.T.);
#623=ORIENTED_EDGE('',*,*,#1257,.F.);
#624=ORIENTED_EDGE('',*,*,#1192,.F.);
#625=ORIENTED_EDGE('',*,*,#958,.T.);
#626=ORIENTED_EDGE('',*,*,#1196,.T.);
#627=ORIENTED_EDGE('',*,*,#1258,.F.);
#628=ORIENTED_EDGE('',*,*,#1199,.F.);
#629=ORIENTED_EDGE('',*,*,#954,.T.);
#630=ORIENTED_EDGE('',*,*,#1203,.T.);
#631=ORIENTED_EDGE('',*,*,#1259,.F.);
#632=ORIENTED_EDGE('',*,*,#1206,.F.);
#633=ORIENTED_EDGE('',*,*,#950,.T.);
#634=ORIENTED_EDGE('',*,*,#1210,.T.);
#635=ORIENTED_EDGE('',*,*,#1260,.F.);
#636=ORIENTED_EDGE('',*,*,#1213,.F.);
#637=ORIENTED_EDGE('',*,*,#946,.T.);
#638=ORIENTED_EDGE('',*,*,#1217,.T.);
#639=ORIENTED_EDGE('',*,*,#1261,.F.);
#640=ORIENTED_EDGE('',*,*,#1262,.T.);
#641=ORIENTED_EDGE('',*,*,#929,.T.);
#642=ORIENTED_EDGE('',*,*,#1263,.T.);
#643=ORIENTED_EDGE('',*,*,#1219,.T.);
#644=ORIENTED_EDGE('',*,*,#1264,.T.);
#645=ORIENTED_EDGE('',*,*,#1261,.T.);
#646=ORIENTED_EDGE('',*,*,#1265,.T.);
#647=ORIENTED_EDGE('',*,*,#1233,.T.);
#648=ORIENTED_EDGE('',*,*,#1266,.T.);
#649=ORIENTED_EDGE('',*,*,#1230,.T.);
#650=ORIENTED_EDGE('',*,*,#1267,.T.);
#651=ORIENTED_EDGE('',*,*,#1228,.T.);
#652=ORIENTED_EDGE('',*,*,#1268,.T.);
#653=ORIENTED_EDGE('',*,*,#1225,.F.);
#654=ORIENTED_EDGE('',*,*,#1269,.T.);
#655=ORIENTED_EDGE('',*,*,#1222,.T.);
#656=ORIENTED_EDGE('',*,*,#1270,.T.);
#657=ORIENTED_EDGE('',*,*,#1211,.T.);
#658=ORIENTED_EDGE('',*,*,#1260,.T.);
#659=ORIENTED_EDGE('',*,*,#1216,.T.);
#660=ORIENTED_EDGE('',*,*,#1214,.T.);
#661=ORIENTED_EDGE('',*,*,#1204,.T.);
#662=ORIENTED_EDGE('',*,*,#1259,.T.);
#663=ORIENTED_EDGE('',*,*,#1209,.T.);
#664=ORIENTED_EDGE('',*,*,#1207,.T.);
#665=ORIENTED_EDGE('',*,*,#1197,.T.);
#666=ORIENTED_EDGE('',*,*,#1258,.T.);
#667=ORIENTED_EDGE('',*,*,#1202,.T.);
#668=ORIENTED_EDGE('',*,*,#1200,.T.);
#669=ORIENTED_EDGE('',*,*,#1190,.T.);
#670=ORIENTED_EDGE('',*,*,#1257,.T.);
#671=ORIENTED_EDGE('',*,*,#1195,.T.);
#672=ORIENTED_EDGE('',*,*,#1193,.T.);
#673=ORIENTED_EDGE('',*,*,#1183,.T.);
#674=ORIENTED_EDGE('',*,*,#1256,.T.);
#675=ORIENTED_EDGE('',*,*,#1188,.T.);
#676=ORIENTED_EDGE('',*,*,#1186,.T.);
#677=ORIENTED_EDGE('',*,*,#1176,.T.);
#678=ORIENTED_EDGE('',*,*,#1255,.T.);
#679=ORIENTED_EDGE('',*,*,#1181,.T.);
#680=ORIENTED_EDGE('',*,*,#1179,.F.);
#681=ORIENTED_EDGE('',*,*,#1169,.T.);
#682=ORIENTED_EDGE('',*,*,#1254,.T.);
#683=ORIENTED_EDGE('',*,*,#1174,.T.);
#684=ORIENTED_EDGE('',*,*,#1172,.T.);
#685=ORIENTED_EDGE('',*,*,#1162,.T.);
#686=ORIENTED_EDGE('',*,*,#1253,.T.);
#687=ORIENTED_EDGE('',*,*,#1167,.T.);
#688=ORIENTED_EDGE('',*,*,#1165,.T.);
#689=ORIENTED_EDGE('',*,*,#1155,.T.);
#690=ORIENTED_EDGE('',*,*,#1252,.T.);
#691=ORIENTED_EDGE('',*,*,#1160,.T.);
#692=ORIENTED_EDGE('',*,*,#1158,.T.);
#693=ORIENTED_EDGE('',*,*,#1148,.T.);
#694=ORIENTED_EDGE('',*,*,#1251,.T.);
#695=ORIENTED_EDGE('',*,*,#1153,.T.);
#696=ORIENTED_EDGE('',*,*,#1151,.T.);
#697=ORIENTED_EDGE('',*,*,#1141,.T.);
#698=ORIENTED_EDGE('',*,*,#1250,.T.);
#699=ORIENTED_EDGE('',*,*,#1146,.T.);
#700=ORIENTED_EDGE('',*,*,#1144,.T.);
#701=ORIENTED_EDGE('',*,*,#1134,.T.);
#702=ORIENTED_EDGE('',*,*,#1249,.T.);
#703=ORIENTED_EDGE('',*,*,#1139,.T.);
#704=ORIENTED_EDGE('',*,*,#1137,.T.);
#705=ORIENTED_EDGE('',*,*,#1127,.T.);
#706=ORIENTED_EDGE('',*,*,#1248,.T.);
#707=ORIENTED_EDGE('',*,*,#1132,.T.);
#708=ORIENTED_EDGE('',*,*,#1130,.T.);
#709=ORIENTED_EDGE('',*,*,#1120,.T.);
#710=ORIENTED_EDGE('',*,*,#1247,.T.);
#711=ORIENTED_EDGE('',*,*,#1125,.T.);
#712=ORIENTED_EDGE('',*,*,#1123,.T.);
#713=ORIENTED_EDGE('',*,*,#1246,.T.);
#714=ORIENTED_EDGE('',*,*,#1245,.T.);
#715=ORIENTED_EDGE('',*,*,#1244,.T.);
#716=ORIENTED_EDGE('',*,*,#1243,.T.);
#717=ORIENTED_EDGE('',*,*,#1113,.T.);
#718=ORIENTED_EDGE('',*,*,#1242,.T.);
#719=ORIENTED_EDGE('',*,*,#1118,.F.);
#720=ORIENTED_EDGE('',*,*,#1116,.F.);
#721=ORIENTED_EDGE('',*,*,#1106,.F.);
#722=ORIENTED_EDGE('',*,*,#1241,.F.);
#723=ORIENTED_EDGE('',*,*,#1111,.F.);
#724=ORIENTED_EDGE('',*,*,#1109,.F.);
#725=ORIENTED_EDGE('',*,*,#1099,.F.);
#726=ORIENTED_EDGE('',*,*,#1240,.F.);
#727=ORIENTED_EDGE('',*,*,#1104,.F.);
#728=ORIENTED_EDGE('',*,*,#1102,.F.);
#729=ORIENTED_EDGE('',*,*,#1092,.F.);
#730=ORIENTED_EDGE('',*,*,#1239,.F.);
#731=ORIENTED_EDGE('',*,*,#1097,.F.);
#732=ORIENTED_EDGE('',*,*,#1095,.F.);
#733=ORIENTED_EDGE('',*,*,#1085,.F.);
#734=ORIENTED_EDGE('',*,*,#1238,.F.);
#735=ORIENTED_EDGE('',*,*,#1090,.F.);
#736=ORIENTED_EDGE('',*,*,#1088,.F.);
#737=ORIENTED_EDGE('',*,*,#1078,.F.);
#738=ORIENTED_EDGE('',*,*,#1237,.F.);
#739=ORIENTED_EDGE('',*,*,#1083,.F.);
#740=ORIENTED_EDGE('',*,*,#1081,.F.);
#741=ORIENTED_EDGE('',*,*,#1071,.F.);
#742=ORIENTED_EDGE('',*,*,#1236,.F.);
#743=ORIENTED_EDGE('',*,*,#1076,.F.);
#744=ORIENTED_EDGE('',*,*,#1074,.F.);
#745=ORIENTED_EDGE('',*,*,#1031,.F.);
#746=ORIENTED_EDGE('',*,*,#1271,.T.);
#747=ORIENTED_EDGE('',*,*,#1047,.T.);
#748=ORIENTED_EDGE('',*,*,#1272,.T.);
#749=ORIENTED_EDGE('',*,*,#1041,.F.);
#750=ORIENTED_EDGE('',*,*,#1273,.T.);
#751=ORIENTED_EDGE('',*,*,#1037,.F.);
#752=ORIENTED_EDGE('',*,*,#1274,.T.);
#753=ORIENTED_EDGE('',*,*,#1054,.F.);
#754=ORIENTED_EDGE('',*,*,#1069,.F.);
#755=ORIENTED_EDGE('',*,*,#1064,.F.);
#756=ORIENTED_EDGE('',*,*,#1059,.F.);
#757=ORIENTED_EDGE('',*,*,#942,.F.);
#758=ORIENTED_EDGE('',*,*,#1234,.F.);
#759=ORIENTED_EDGE('',*,*,#1265,.F.);
#760=ORIENTED_EDGE('',*,*,#1263,.F.);
#761=ORIENTED_EDGE('',*,*,#932,.F.);
#762=ORIENTED_EDGE('',*,*,#1220,.F.);
#763=ORIENTED_EDGE('',*,*,#1270,.F.);
#764=ORIENTED_EDGE('',*,*,#1221,.F.);
#765=ORIENTED_EDGE('',*,*,#934,.F.);
#766=ORIENTED_EDGE('',*,*,#1223,.F.);
#767=ORIENTED_EDGE('',*,*,#1269,.F.);
#768=ORIENTED_EDGE('',*,*,#1224,.F.);
#769=ORIENTED_EDGE('',*,*,#936,.F.);
#770=ORIENTED_EDGE('',*,*,#1226,.F.);
#771=ORIENTED_EDGE('',*,*,#1268,.F.);
#772=ORIENTED_EDGE('',*,*,#1227,.F.);
#773=ORIENTED_EDGE('',*,*,#940,.F.);
#774=ORIENTED_EDGE('',*,*,#1231,.F.);
#775=ORIENTED_EDGE('',*,*,#1266,.F.);
#776=ORIENTED_EDGE('',*,*,#1235,.F.);
#777=ORIENTED_EDGE('',*,*,#938,.F.);
#778=ORIENTED_EDGE('',*,*,#1229,.F.);
#779=ORIENTED_EDGE('',*,*,#1267,.F.);
#780=ORIENTED_EDGE('',*,*,#1232,.F.);
#781=ORIENTED_EDGE('',*,*,#930,.F.);
#782=ORIENTED_EDGE('',*,*,#1262,.F.);
#783=ORIENTED_EDGE('',*,*,#1264,.F.);
#784=ORIENTED_EDGE('',*,*,#1218,.F.);
#785=ORIENTED_EDGE('',*,*,#1051,.T.);
#786=ORIENTED_EDGE('',*,*,#1275,.T.);
#787=ORIENTED_EDGE('',*,*,#927,.F.);
#788=ORIENTED_EDGE('',*,*,#1276,.T.);
#789=ORIENTED_EDGE('',*,*,#923,.F.);
#790=ORIENTED_EDGE('',*,*,#1277,.T.);
#791=ORIENTED_EDGE('',*,*,#1062,.T.);
#792=ORIENTED_EDGE('',*,*,#1278,.T.);
#793=ORIENTED_EDGE('',*,*,#1057,.T.);
#794=ORIENTED_EDGE('',*,*,#1279,.T.);
#795=ORIENTED_EDGE('',*,*,#921,.F.);
#796=ORIENTED_EDGE('',*,*,#1280,.T.);
#797=ORIENTED_EDGE('',*,*,#925,.F.);
#798=ORIENTED_EDGE('',*,*,#1281,.T.);
#799=ORIENTED_EDGE('',*,*,#1067,.T.);
#800=ORIENTED_EDGE('',*,*,#1282,.T.);
#801=ORIENTED_EDGE('',*,*,#1283,.T.);
#802=ORIENTED_EDGE('',*,*,#1284,.T.);
#803=ORIENTED_EDGE('',*,*,#1285,.T.);
#804=ORIENTED_EDGE('',*,*,#1286,.T.);
#805=ORIENTED_EDGE('',*,*,#1043,.F.);
#806=ORIENTED_EDGE('',*,*,#1287,.T.);
#807=ORIENTED_EDGE('',*,*,#1288,.T.);
#808=ORIENTED_EDGE('',*,*,#1289,.T.);
#809=ORIENTED_EDGE('',*,*,#1290,.T.);
#810=ORIENTED_EDGE('',*,*,#1291,.T.);
#811=ORIENTED_EDGE('',*,*,#1033,.F.);
#812=ORIENTED_EDGE('',*,*,#1292,.T.);
#813=ORIENTED_EDGE('',*,*,#1293,.T.);
#814=ORIENTED_EDGE('',*,*,#1294,.T.);
#815=ORIENTED_EDGE('',*,*,#1295,.T.);
#816=ORIENTED_EDGE('',*,*,#1050,.F.);
#817=ORIENTED_EDGE('',*,*,#1296,.T.);
#818=ORIENTED_EDGE('',*,*,#1297,.T.);
#819=ORIENTED_EDGE('',*,*,#1298,.T.);
#820=ORIENTED_EDGE('',*,*,#1040,.T.);
#821=ORIENTED_EDGE('',*,*,#1290,.F.);
#822=ORIENTED_EDGE('',*,*,#1299,.T.);
#823=ORIENTED_EDGE('',*,*,#1293,.F.);
#824=ORIENTED_EDGE('',*,*,#1049,.F.);
#825=ORIENTED_EDGE('',*,*,#1300,.T.);
#826=ORIENTED_EDGE('',*,*,#1295,.F.);
#827=ORIENTED_EDGE('',*,*,#1301,.T.);
#828=ORIENTED_EDGE('',*,*,#1283,.F.);
#829=ORIENTED_EDGE('',*,*,#1302,.T.);
#830=ORIENTED_EDGE('',*,*,#1045,.F.);
#831=ORIENTED_EDGE('',*,*,#1285,.F.);
#832=ORIENTED_EDGE('',*,*,#1303,.T.);
#833=ORIENTED_EDGE('',*,*,#1296,.F.);
#834=ORIENTED_EDGE('',*,*,#1039,.F.);
#835=ORIENTED_EDGE('',*,*,#1304,.T.);
#836=ORIENTED_EDGE('',*,*,#1298,.F.);
#837=ORIENTED_EDGE('',*,*,#1305,.T.);
#838=ORIENTED_EDGE('',*,*,#1288,.F.);
#839=ORIENTED_EDGE('',*,*,#1306,.T.);
#840=ORIENTED_EDGE('',*,*,#1035,.F.);
#841=ORIENTED_EDGE('',*,*,#922,.F.);
#842=ORIENTED_EDGE('',*,*,#1279,.F.);
#843=ORIENTED_EDGE('',*,*,#1061,.F.);
#844=ORIENTED_EDGE('',*,*,#1063,.F.);
#845=ORIENTED_EDGE('',*,*,#1277,.F.);
#846=ORIENTED_EDGE('',*,*,#1068,.F.);
#847=ORIENTED_EDGE('',*,*,#1281,.F.);
#848=ORIENTED_EDGE('',*,*,#924,.F.);
#849=ORIENTED_EDGE('',*,*,#1278,.F.);
#850=ORIENTED_EDGE('',*,*,#1066,.F.);
#851=ORIENTED_EDGE('',*,*,#1058,.F.);
#852=ORIENTED_EDGE('',*,*,#1280,.F.);
#853=ORIENTED_EDGE('',*,*,#928,.F.);
#854=ORIENTED_EDGE('',*,*,#1275,.F.);
#855=ORIENTED_EDGE('',*,*,#1056,.F.);
#856=ORIENTED_EDGE('',*,*,#926,.F.);
#857=ORIENTED_EDGE('',*,*,#1282,.F.);
#858=ORIENTED_EDGE('',*,*,#1070,.F.);
#859=ORIENTED_EDGE('',*,*,#1052,.F.);
#860=ORIENTED_EDGE('',*,*,#1276,.F.);
#861=ORIENTED_EDGE('',*,*,#1307,.F.);
#862=ORIENTED_EDGE('',*,*,#1299,.F.);
#863=ORIENTED_EDGE('',*,*,#1308,.F.);
#864=ORIENTED_EDGE('',*,*,#918,.F.);
#865=ORIENTED_EDGE('',*,*,#1308,.T.);
#866=ORIENTED_EDGE('',*,*,#1289,.F.);
#867=ORIENTED_EDGE('',*,*,#1309,.F.);
#868=ORIENTED_EDGE('',*,*,#919,.F.);
#869=ORIENTED_EDGE('',*,*,#1307,.T.);
#870=ORIENTED_EDGE('',*,*,#917,.F.);
#871=ORIENTED_EDGE('',*,*,#1310,.F.);
#872=ORIENTED_EDGE('',*,*,#1294,.F.);
#873=ORIENTED_EDGE('',*,*,#1309,.T.);
#874=ORIENTED_EDGE('',*,*,#1305,.F.);
#875=ORIENTED_EDGE('',*,*,#1311,.F.);
#876=ORIENTED_EDGE('',*,*,#920,.F.);
#877=ORIENTED_EDGE('',*,*,#1310,.T.);
#878=ORIENTED_EDGE('',*,*,#916,.F.);
#879=ORIENTED_EDGE('',*,*,#1312,.F.);
#880=ORIENTED_EDGE('',*,*,#1301,.F.);
#881=ORIENTED_EDGE('',*,*,#1311,.T.);
#882=ORIENTED_EDGE('',*,*,#1297,.F.);
#883=ORIENTED_EDGE('',*,*,#1313,.F.);
#884=ORIENTED_EDGE('',*,*,#913,.F.);
#885=ORIENTED_EDGE('',*,*,#1312,.T.);
#886=ORIENTED_EDGE('',*,*,#915,.F.);
#887=ORIENTED_EDGE('',*,*,#1314,.F.);
#888=ORIENTED_EDGE('',*,*,#1284,.F.);
#889=ORIENTED_EDGE('',*,*,#1313,.T.);
#890=ORIENTED_EDGE('',*,*,#1303,.F.);
#891=ORIENTED_EDGE('',*,*,#1314,.T.);
#892=ORIENTED_EDGE('',*,*,#914,.F.);
#893=ORIENTED_EDGE('',*,*,#1287,.F.);
#894=ORIENTED_EDGE('',*,*,#1042,.F.);
#895=ORIENTED_EDGE('',*,*,#1272,.F.);
#896=ORIENTED_EDGE('',*,*,#1046,.F.);
#897=ORIENTED_EDGE('',*,*,#1302,.F.);
#898=ORIENTED_EDGE('',*,*,#1292,.F.);
#899=ORIENTED_EDGE('',*,*,#1032,.F.);
#900=ORIENTED_EDGE('',*,*,#1274,.F.);
#901=ORIENTED_EDGE('',*,*,#1036,.F.);
#902=ORIENTED_EDGE('',*,*,#1306,.F.);
#903=ORIENTED_EDGE('',*,*,#1304,.F.);
#904=ORIENTED_EDGE('',*,*,#1038,.F.);
#905=ORIENTED_EDGE('',*,*,#1273,.F.);
#906=ORIENTED_EDGE('',*,*,#1044,.F.);
#907=ORIENTED_EDGE('',*,*,#1286,.F.);
#908=ORIENTED_EDGE('',*,*,#1300,.F.);
#909=ORIENTED_EDGE('',*,*,#1048,.F.);
#910=ORIENTED_EDGE('',*,*,#1271,.F.);
#911=ORIENTED_EDGE('',*,*,#1034,.F.);
#912=ORIENTED_EDGE('',*,*,#1291,.F.);
#913=EDGE_CURVE('',#1315,#1316,#1583,.F.);
#914=EDGE_CURVE('',#1316,#1317,#81,.F.);
#915=EDGE_CURVE('',#1317,#1318,#1584,.F.);
#916=EDGE_CURVE('',#1318,#1319,#82,.F.);
#917=EDGE_CURVE('',#1319,#1320,#1585,.F.);
#918=EDGE_CURVE('',#1320,#1321,#83,.F.);
#919=EDGE_CURVE('',#1321,#1322,#1586,.F.);
#920=EDGE_CURVE('',#1322,#1315,#84,.F.);
#921=EDGE_CURVE('',#1323,#1324,#1587,.T.);
#922=EDGE_CURVE('',#1324,#1325,#85,.F.);
#923=EDGE_CURVE('',#1325,#1326,#1588,.T.);
#924=EDGE_CURVE('',#1326,#1327,#86,.F.);
#925=EDGE_CURVE('',#1327,#1328,#1589,.F.);
#926=EDGE_CURVE('',#1328,#1329,#87,.F.);
#927=EDGE_CURVE('',#1329,#1330,#1590,.F.);
#928=EDGE_CURVE('',#1330,#1323,#88,.F.);
#929=EDGE_CURVE('',#1331,#1332,#1591,.T.);
#930=EDGE_CURVE('',#1331,#1333,#47,.T.);
#931=EDGE_CURVE('',#1334,#1333,#1592,.T.);
#932=EDGE_CURVE('',#1334,#1335,#48,.T.);
#933=EDGE_CURVE('',#1336,#1335,#1593,.T.);
#934=EDGE_CURVE('',#1336,#1337,#49,.T.);
#935=EDGE_CURVE('',#1337,#1338,#1594,.T.);
#936=EDGE_CURVE('',#1338,#1339,#50,.T.);
#937=EDGE_CURVE('',#1340,#1339,#1595,.T.);
#938=EDGE_CURVE('',#1340,#1341,#51,.T.);
#939=EDGE_CURVE('',#1342,#1341,#1596,.T.);
#940=EDGE_CURVE('',#1342,#1343,#52,.T.);
#941=EDGE_CURVE('',#1344,#1343,#1597,.T.);
#942=EDGE_CURVE('',#1344,#1332,#53,.T.);
#943=EDGE_CURVE('',#1345,#1346,#1598,.T.);
#944=EDGE_CURVE('',#1347,#1345,#1599,.T.);
#945=EDGE_CURVE('',#1348,#1347,#1600,.T.);
#946=EDGE_CURVE('',#1346,#1348,#1601,.T.);
#947=EDGE_CURVE('',#1349,#1350,#1602,.T.);
#948=EDGE_CURVE('',#1351,#1349,#1603,.T.);
#949=EDGE_CURVE('',#1352,#1351,#1604,.T.);
#950=EDGE_CURVE('',#1350,#1352,#1605,.T.);
#951=EDGE_CURVE('',#1353,#1354,#1606,.T.);
#952=EDGE_CURVE('',#1355,#1353,#1607,.T.);
#953=EDGE_CURVE('',#1356,#1355,#1608,.T.);
#954=EDGE_CURVE('',#1354,#1356,#1609,.T.);
#955=EDGE_CURVE('',#1357,#1358,#1610,.T.);
#956=EDGE_CURVE('',#1359,#1357,#1611,.T.);
#957=EDGE_CURVE('',#1360,#1359,#1612,.T.);
#958=EDGE_CURVE('',#1358,#1360,#1613,.T.);
#959=EDGE_CURVE('',#1361,#1362,#1614,.T.);
#960=EDGE_CURVE('',#1363,#1361,#1615,.T.);
#961=EDGE_CURVE('',#1364,#1363,#1616,.T.);
#962=EDGE_CURVE('',#1362,#1364,#1617,.T.);
#963=EDGE_CURVE('',#1365,#1366,#1618,.T.);
#964=EDGE_CURVE('',#1365,#1367,#1619,.T.);
#965=EDGE_CURVE('',#1368,#1367,#1620,.T.);
#966=EDGE_CURVE('',#1366,#1368,#1621,.T.);
#967=EDGE_CURVE('',#1369,#1370,#1622,.T.);
#968=EDGE_CURVE('',#1371,#1369,#1623,.T.);
#969=EDGE_CURVE('',#1372,#1371,#1624,.T.);
#970=EDGE_CURVE('',#1370,#1372,#1625,.T.);
#971=EDGE_CURVE('',#1373,#1374,#1626,.T.);
#972=EDGE_CURVE('',#1375,#1373,#1627,.T.);
#973=EDGE_CURVE('',#1376,#1375,#1628,.T.);
#974=EDGE_CURVE('',#1374,#1376,#1629,.T.);
#975=EDGE_CURVE('',#1377,#1378,#1630,.T.);
#976=EDGE_CURVE('',#1379,#1377,#1631,.T.);
#977=EDGE_CURVE('',#1380,#1379,#1632,.T.);
#978=EDGE_CURVE('',#1378,#1380,#1633,.T.);
#979=EDGE_CURVE('',#1381,#1382,#1634,.T.);
#980=EDGE_CURVE('',#1383,#1381,#1635,.T.);
#981=EDGE_CURVE('',#1384,#1383,#1636,.T.);
#982=EDGE_CURVE('',#1382,#1384,#1637,.T.);
#983=EDGE_CURVE('',#1385,#1386,#1638,.T.);
#984=EDGE_CURVE('',#1387,#1385,#1639,.T.);
#985=EDGE_CURVE('',#1388,#1387,#1640,.T.);
#986=EDGE_CURVE('',#1386,#1388,#1641,.T.);
#987=EDGE_CURVE('',#1389,#1390,#1642,.T.);
#988=EDGE_CURVE('',#1391,#1389,#1643,.T.);
#989=EDGE_CURVE('',#1392,#1391,#1644,.T.);
#990=EDGE_CURVE('',#1390,#1392,#1645,.T.);
#991=EDGE_CURVE('',#1393,#1394,#1646,.T.);
#992=EDGE_CURVE('',#1395,#1393,#1647,.T.);
#993=EDGE_CURVE('',#1396,#1395,#1648,.T.);
#994=EDGE_CURVE('',#1394,#1396,#1649,.T.);
#995=EDGE_CURVE('',#1397,#1398,#1650,.T.);
#996=EDGE_CURVE('',#1399,#1397,#1651,.T.);
#997=EDGE_CURVE('',#1400,#1399,#1652,.T.);
#998=EDGE_CURVE('',#1398,#1400,#1653,.T.);
#999=EDGE_CURVE('',#1401,#1401,#54,.T.);
#1000=EDGE_CURVE('',#1402,#1402,#55,.T.);
#1001=EDGE_CURVE('',#1403,#1403,#56,.T.);
#1002=EDGE_CURVE('',#1404,#1404,#57,.T.);
#1003=EDGE_CURVE('',#1405,#1406,#1654,.T.);
#1004=EDGE_CURVE('',#1405,#1407,#1655,.T.);
#1005=EDGE_CURVE('',#1407,#1408,#1656,.T.);
#1006=EDGE_CURVE('',#1406,#1408,#1657,.T.);
#1007=EDGE_CURVE('',#1409,#1410,#1658,.T.);
#1008=EDGE_CURVE('',#1410,#1411,#1659,.T.);
#1009=EDGE_CURVE('',#1411,#1412,#1660,.T.);
#1010=EDGE_CURVE('',#1412,#1409,#1661,.T.);
#1011=EDGE_CURVE('',#1413,#1414,#1662,.T.);
#1012=EDGE_CURVE('',#1414,#1415,#1663,.T.);
#1013=EDGE_CURVE('',#1415,#1416,#1664,.T.);
#1014=EDGE_CURVE('',#1416,#1413,#1665,.T.);
#1015=EDGE_CURVE('',#1417,#1418,#1666,.T.);
#1016=EDGE_CURVE('',#1418,#1419,#1667,.T.);
#1017=EDGE_CURVE('',#1419,#1420,#1668,.T.);
#1018=EDGE_CURVE('',#1420,#1417,#1669,.T.);
#1019=EDGE_CURVE('',#1421,#1422,#1670,.T.);
#1020=EDGE_CURVE('',#1422,#1423,#1671,.T.);
#1021=EDGE_CURVE('',#1423,#1424,#1672,.T.);
#1022=EDGE_CURVE('',#1424,#1421,#1673,.T.);
#1023=EDGE_CURVE('',#1425,#1426,#1674,.T.);
#1024=EDGE_CURVE('',#1426,#1427,#1675,.T.);
#1025=EDGE_CURVE('',#1427,#1428,#1676,.T.);
#1026=EDGE_CURVE('',#1428,#1425,#1677,.T.);
#1027=EDGE_CURVE('',#1429,#1430,#1678,.T.);
#1028=EDGE_CURVE('',#1430,#1431,#1679,.T.);
#1029=EDGE_CURVE('',#1431,#1432,#1680,.T.);
#1030=EDGE_CURVE('',#1432,#1429,#1681,.T.);
#1031=EDGE_CURVE('',#1433,#1434,#1682,.T.);
#1032=EDGE_CURVE('',#1434,#1435,#1683,.F.);
#1033=EDGE_CURVE('',#1435,#1436,#1684,.T.);
#1034=EDGE_CURVE('',#1436,#1433,#1685,.T.);
#1035=EDGE_CURVE('',#1437,#1438,#89,.T.);
#1036=EDGE_CURVE('',#1438,#1439,#1686,.T.);
#1037=EDGE_CURVE('',#1439,#1440,#1687,.T.);
#1038=EDGE_CURVE('',#1440,#1441,#1688,.F.);
#1039=EDGE_CURVE('',#1441,#1442,#90,.T.);
#1040=EDGE_CURVE('',#1437,#1442,#1689,.T.);
#1041=EDGE_CURVE('',#1443,#1444,#1690,.T.);
#1042=EDGE_CURVE('',#1444,#1445,#1691,.F.);
#1043=EDGE_CURVE('',#1445,#1446,#1692,.F.);
#1044=EDGE_CURVE('',#1446,#1443,#1693,.T.);
#1045=EDGE_CURVE('',#1447,#1448,#91,.F.);
#1046=EDGE_CURVE('',#1448,#1449,#1694,.T.);
#1047=EDGE_CURVE('',#1450,#1449,#1695,.T.);
#1048=EDGE_CURVE('',#1450,#1451,#1696,.F.);
#1049=EDGE_CURVE('',#1451,#1452,#92,.F.);
#1050=EDGE_CURVE('',#1452,#1447,#1697,.T.);
#1051=EDGE_CURVE('',#1453,#1454,#1698,.T.);
#1052=EDGE_CURVE('',#1453,#1455,#93,.T.);
#1053=EDGE_CURVE('',#1455,#1456,#1699,.T.);
#1054=EDGE_CURVE('',#1456,#1457,#1700,.T.);
#1055=EDGE_CURVE('',#1458,#1457,#1701,.T.);
#1056=EDGE_CURVE('',#1458,#1454,#94,.T.);
#1057=EDGE_CURVE('',#1459,#1460,#1702,.T.);
#1058=EDGE_CURVE('',#1459,#1458,#95,.T.);
#1059=EDGE_CURVE('',#1457,#1461,#1703,.T.);
#1060=EDGE_CURVE('',#1462,#1461,#1704,.T.);
#1061=EDGE_CURVE('',#1462,#1460,#96,.T.);
#1062=EDGE_CURVE('',#1463,#1464,#1705,.T.);
#1063=EDGE_CURVE('',#1463,#1462,#97,.T.);
#1064=EDGE_CURVE('',#1461,#1465,#1706,.T.);
#1065=EDGE_CURVE('',#1466,#1465,#1707,.T.);
#1066=EDGE_CURVE('',#1466,#1464,#98,.T.);
#1067=EDGE_CURVE('',#1467,#1468,#1708,.T.);
#1068=EDGE_CURVE('',#1467,#1466,#99,.T.);
#1069=EDGE_CURVE('',#1465,#1456,#1709,.T.);
#1070=EDGE_CURVE('',#1455,#1468,#100,.T.);
#1071=EDGE_CURVE('',#1469,#1470,#1710,.T.);
#1072=EDGE_CURVE('',#1430,#1470,#1711,.T.);
#1073=EDGE_CURVE('',#1429,#1469,#1712,.T.);
#1074=EDGE_CURVE('',#1470,#1471,#1713,.T.);
#1075=EDGE_CURVE('',#1431,#1471,#1714,.T.);
#1076=EDGE_CURVE('',#1471,#1472,#1715,.T.);
#1077=EDGE_CURVE('',#1432,#1472,#1716,.T.);
#1078=EDGE_CURVE('',#1473,#1474,#1717,.T.);
#1079=EDGE_CURVE('',#1426,#1474,#1718,.T.);
#1080=EDGE_CURVE('',#1425,#1473,#1719,.T.);
#1081=EDGE_CURVE('',#1474,#1475,#1720,.T.);
#1082=EDGE_CURVE('',#1427,#1475,#1721,.T.);
#1083=EDGE_CURVE('',#1475,#1476,#1722,.T.);
#1084=EDGE_CURVE('',#1428,#1476,#1723,.T.);
#1085=EDGE_CURVE('',#1477,#1478,#1724,.T.);
#1086=EDGE_CURVE('',#1422,#1478,#1725,.T.);
#1087=EDGE_CURVE('',#1421,#1477,#1726,.T.);
#1088=EDGE_CURVE('',#1478,#1479,#1727,.T.);
#1089=EDGE_CURVE('',#1423,#1479,#1728,.T.);
#1090=EDGE_CURVE('',#1479,#1480,#1729,.T.);
#1091=EDGE_CURVE('',#1424,#1480,#1730,.T.);
#1092=EDGE_CURVE('',#1481,#1482,#1731,.T.);
#1093=EDGE_CURVE('',#1418,#1482,#1732,.T.);
#1094=EDGE_CURVE('',#1417,#1481,#1733,.T.);
#1095=EDGE_CURVE('',#1482,#1483,#1734,.T.);
#1096=EDGE_CURVE('',#1419,#1483,#1735,.T.);
#1097=EDGE_CURVE('',#1483,#1484,#1736,.T.);
#1098=EDGE_CURVE('',#1420,#1484,#1737,.T.);
#1099=EDGE_CURVE('',#1485,#1486,#1738,.T.);
#1100=EDGE_CURVE('',#1414,#1486,#1739,.T.);
#1101=EDGE_CURVE('',#1413,#1485,#1740,.T.);
#1102=EDGE_CURVE('',#1486,#1487,#1741,.T.);
#1103=EDGE_CURVE('',#1415,#1487,#1742,.T.);
#1104=EDGE_CURVE('',#1487,#1488,#1743,.T.);
#1105=EDGE_CURVE('',#1416,#1488,#1744,.T.);
#1106=EDGE_CURVE('',#1489,#1490,#1745,.T.);
#1107=EDGE_CURVE('',#1410,#1490,#1746,.T.);
#1108=EDGE_CURVE('',#1409,#1489,#1747,.T.);
#1109=EDGE_CURVE('',#1490,#1491,#1748,.T.);
#1110=EDGE_CURVE('',#1411,#1491,#1749,.T.);
#1111=EDGE_CURVE('',#1491,#1492,#1750,.T.);
#1112=EDGE_CURVE('',#1412,#1492,#1751,.T.);
#1113=EDGE_CURVE('',#1493,#1494,#1752,.T.);
#1114=EDGE_CURVE('',#1405,#1493,#1753,.T.);
#1115=EDGE_CURVE('',#1406,#1494,#1754,.T.);
#1116=EDGE_CURVE('',#1493,#1495,#1755,.T.);
#1117=EDGE_CURVE('',#1407,#1495,#1756,.T.);
#1118=EDGE_CURVE('',#1495,#1496,#1757,.T.);
#1119=EDGE_CURVE('',#1408,#1496,#1758,.T.);
#1120=EDGE_CURVE('',#1497,#1498,#1759,.T.);
#1121=EDGE_CURVE('',#1397,#1497,#1760,.T.);
#1122=EDGE_CURVE('',#1398,#1498,#1761,.T.);
#1123=EDGE_CURVE('',#1499,#1497,#1762,.T.);
#1124=EDGE_CURVE('',#1399,#1499,#1763,.T.);
#1125=EDGE_CURVE('',#1500,#1499,#1764,.T.);
#1126=EDGE_CURVE('',#1400,#1500,#1765,.T.);
#1127=EDGE_CURVE('',#1501,#1502,#1766,.T.);
#1128=EDGE_CURVE('',#1393,#1501,#1767,.T.);
#1129=EDGE_CURVE('',#1394,#1502,#1768,.T.);
#1130=EDGE_CURVE('',#1503,#1501,#1769,.T.);
#1131=EDGE_CURVE('',#1395,#1503,#1770,.T.);
#1132=EDGE_CURVE('',#1504,#1503,#1771,.T.);
#1133=EDGE_CURVE('',#1396,#1504,#1772,.T.);
#1134=EDGE_CURVE('',#1505,#1506,#1773,.T.);
#1135=EDGE_CURVE('',#1389,#1505,#1774,.T.);
#1136=EDGE_CURVE('',#1390,#1506,#1775,.T.);
#1137=EDGE_CURVE('',#1507,#1505,#1776,.T.);
#1138=EDGE_CURVE('',#1391,#1507,#1777,.T.);
#1139=EDGE_CURVE('',#1508,#1507,#1778,.T.);
#1140=EDGE_CURVE('',#1392,#1508,#1779,.T.);
#1141=EDGE_CURVE('',#1509,#1510,#1780,.T.);
#1142=EDGE_CURVE('',#1385,#1509,#1781,.T.);
#1143=EDGE_CURVE('',#1386,#1510,#1782,.T.);
#1144=EDGE_CURVE('',#1511,#1509,#1783,.T.);
#1145=EDGE_CURVE('',#1387,#1511,#1784,.T.);
#1146=EDGE_CURVE('',#1512,#1511,#1785,.T.);
#1147=EDGE_CURVE('',#1388,#1512,#1786,.T.);
#1148=EDGE_CURVE('',#1513,#1514,#1787,.T.);
#1149=EDGE_CURVE('',#1381,#1513,#1788,.T.);
#1150=EDGE_CURVE('',#1382,#1514,#1789,.T.);
#1151=EDGE_CURVE('',#1515,#1513,#1790,.T.);
#1152=EDGE_CURVE('',#1383,#1515,#1791,.T.);
#1153=EDGE_CURVE('',#1516,#1515,#1792,.T.);
#1154=EDGE_CURVE('',#1384,#1516,#1793,.T.);
#1155=EDGE_CURVE('',#1517,#1518,#1794,.T.);
#1156=EDGE_CURVE('',#1377,#1517,#1795,.T.);
#1157=EDGE_CURVE('',#1378,#1518,#1796,.T.);
#1158=EDGE_CURVE('',#1519,#1517,#1797,.T.);
#1159=EDGE_CURVE('',#1379,#1519,#1798,.T.);
#1160=EDGE_CURVE('',#1520,#1519,#1799,.T.);
#1161=EDGE_CURVE('',#1380,#1520,#1800,.T.);
#1162=EDGE_CURVE('',#1521,#1522,#1801,.T.);
#1163=EDGE_CURVE('',#1373,#1521,#1802,.T.);
#1164=EDGE_CURVE('',#1374,#1522,#1803,.T.);
#1165=EDGE_CURVE('',#1523,#1521,#1804,.T.);
#1166=EDGE_CURVE('',#1375,#1523,#1805,.T.);
#1167=EDGE_CURVE('',#1524,#1523,#1806,.T.);
#1168=EDGE_CURVE('',#1376,#1524,#1807,.T.);
#1169=EDGE_CURVE('',#1525,#1526,#1808,.T.);
#1170=EDGE_CURVE('',#1369,#1525,#1809,.T.);
#1171=EDGE_CURVE('',#1370,#1526,#1810,.T.);
#1172=EDGE_CURVE('',#1527,#1525,#1811,.T.);
#1173=EDGE_CURVE('',#1371,#1527,#1812,.T.);
#1174=EDGE_CURVE('',#1528,#1527,#1813,.T.);
#1175=EDGE_CURVE('',#1372,#1528,#1814,.T.);
#1176=EDGE_CURVE('',#1529,#1530,#1815,.T.);
#1177=EDGE_CURVE('',#1365,#1529,#1816,.T.);
#1178=EDGE_CURVE('',#1366,#1530,#1817,.T.);
#1179=EDGE_CURVE('',#1529,#1531,#1818,.T.);
#1180=EDGE_CURVE('',#1367,#1531,#1819,.T.);
#1181=EDGE_CURVE('',#1532,#1531,#1820,.T.);
#1182=EDGE_CURVE('',#1368,#1532,#1821,.T.);
#1183=EDGE_CURVE('',#1533,#1534,#1822,.T.);
#1184=EDGE_CURVE('',#1361,#1533,#1823,.T.);
#1185=EDGE_CURVE('',#1362,#1534,#1824,.T.);
#1186=EDGE_CURVE('',#1535,#1533,#1825,.T.);
#1187=EDGE_CURVE('',#1363,#1535,#1826,.T.);
#1188=EDGE_CURVE('',#1536,#1535,#1827,.T.);
#1189=EDGE_CURVE('',#1364,#1536,#1828,.T.);
#1190=EDGE_CURVE('',#1537,#1538,#1829,.T.);
#1191=EDGE_CURVE('',#1357,#1537,#1830,.T.);
#1192=EDGE_CURVE('',#1358,#1538,#1831,.T.);
#1193=EDGE_CURVE('',#1539,#1537,#1832,.T.);
#1194=EDGE_CURVE('',#1359,#1539,#1833,.T.);
#1195=EDGE_CURVE('',#1540,#1539,#1834,.T.);
#1196=EDGE_CURVE('',#1360,#1540,#1835,.T.);
#1197=EDGE_CURVE('',#1541,#1542,#1836,.T.);
#1198=EDGE_CURVE('',#1353,#1541,#1837,.T.);
#1199=EDGE_CURVE('',#1354,#1542,#1838,.T.);
#1200=EDGE_CURVE('',#1543,#1541,#1839,.T.);
#1201=EDGE_CURVE('',#1355,#1543,#1840,.T.);
#1202=EDGE_CURVE('',#1544,#1543,#1841,.T.);
#1203=EDGE_CURVE('',#1356,#1544,#1842,.T.);
#1204=EDGE_CURVE('',#1545,#1546,#1843,.T.);
#1205=EDGE_CURVE('',#1349,#1545,#1844,.T.);
#1206=EDGE_CURVE('',#1350,#1546,#1845,.T.);
#1207=EDGE_CURVE('',#1547,#1545,#1846,.T.);
#1208=EDGE_CURVE('',#1351,#1547,#1847,.T.);
#1209=EDGE_CURVE('',#1548,#1547,#1848,.T.);
#1210=EDGE_CURVE('',#1352,#1548,#1849,.T.);
#1211=EDGE_CURVE('',#1549,#1550,#1850,.T.);
#1212=EDGE_CURVE('',#1345,#1549,#1851,.T.);
#1213=EDGE_CURVE('',#1346,#1550,#1852,.T.);
#1214=EDGE_CURVE('',#1551,#1549,#1853,.T.);
#1215=EDGE_CURVE('',#1347,#1551,#1854,.T.);
#1216=EDGE_CURVE('',#1552,#1551,#1855,.T.);
#1217=EDGE_CURVE('',#1348,#1552,#1856,.T.);
#1218=EDGE_CURVE('',#1333,#1553,#1857,.T.);
#1219=EDGE_CURVE('',#1554,#1553,#1858,.T.);
#1220=EDGE_CURVE('',#1554,#1334,#1859,.F.);
#1221=EDGE_CURVE('',#1335,#1555,#1860,.T.);
#1222=EDGE_CURVE('',#1556,#1555,#1861,.T.);
#1223=EDGE_CURVE('',#1556,#1336,#1862,.F.);
#1224=EDGE_CURVE('',#1337,#1557,#1863,.T.);
#1225=EDGE_CURVE('',#1557,#1558,#1864,.T.);
#1226=EDGE_CURVE('',#1558,#1338,#1865,.F.);
#1227=EDGE_CURVE('',#1339,#1559,#1866,.T.);
#1228=EDGE_CURVE('',#1560,#1559,#1867,.T.);
#1229=EDGE_CURVE('',#1560,#1340,#1868,.F.);
#1230=EDGE_CURVE('',#1561,#1562,#1869,.T.);
#1231=EDGE_CURVE('',#1561,#1342,#1870,.F.);
#1232=EDGE_CURVE('',#1341,#1562,#1871,.T.);
#1233=EDGE_CURVE('',#1563,#1564,#1872,.T.);
#1234=EDGE_CURVE('',#1563,#1344,#1873,.F.);
#1235=EDGE_CURVE('',#1343,#1564,#1874,.T.);
#1236=EDGE_CURVE('',#1472,#1469,#1875,.T.);
#1237=EDGE_CURVE('',#1476,#1473,#1876,.T.);
#1238=EDGE_CURVE('',#1480,#1477,#1877,.T.);
#1239=EDGE_CURVE('',#1484,#1481,#1878,.T.);
#1240=EDGE_CURVE('',#1488,#1485,#1879,.T.);
#1241=EDGE_CURVE('',#1492,#1489,#1880,.T.);
#1242=EDGE_CURVE('',#1494,#1496,#1881,.T.);
#1243=EDGE_CURVE('',#1565,#1565,#58,.T.);
#1244=EDGE_CURVE('',#1566,#1566,#59,.T.);
#1245=EDGE_CURVE('',#1567,#1567,#60,.T.);
#1246=EDGE_CURVE('',#1568,#1568,#61,.T.);
#1247=EDGE_CURVE('',#1498,#1500,#1882,.T.);
#1248=EDGE_CURVE('',#1502,#1504,#1883,.T.);
#1249=EDGE_CURVE('',#1506,#1508,#1884,.T.);
#1250=EDGE_CURVE('',#1510,#1512,#1885,.T.);
#1251=EDGE_CURVE('',#1514,#1516,#1886,.T.);
#1252=EDGE_CURVE('',#1518,#1520,#1887,.T.);
#1253=EDGE_CURVE('',#1522,#1524,#1888,.T.);
#1254=EDGE_CURVE('',#1526,#1528,#1889,.T.);
#1255=EDGE_CURVE('',#1530,#1532,#1890,.T.);
#1256=EDGE_CURVE('',#1534,#1536,#1891,.T.);
#1257=EDGE_CURVE('',#1538,#1540,#1892,.T.);
#1258=EDGE_CURVE('',#1542,#1544,#1893,.T.);
#1259=EDGE_CURVE('',#1546,#1548,#1894,.T.);
#1260=EDGE_CURVE('',#1550,#1552,#1895,.T.);
#1261=EDGE_CURVE('',#1569,#1570,#1896,.T.);
#1262=EDGE_CURVE('',#1569,#1331,#1897,.F.);
#1263=EDGE_CURVE('',#1332,#1570,#1898,.T.);
#1264=EDGE_CURVE('',#1553,#1569,#62,.F.);
#1265=EDGE_CURVE('',#1570,#1563,#63,.F.);
#1266=EDGE_CURVE('',#1564,#1561,#64,.F.);
#1267=EDGE_CURVE('',#1562,#1560,#65,.F.);
#1268=EDGE_CURVE('',#1559,#1558,#66,.F.);
#1269=EDGE_CURVE('',#1557,#1556,#67,.F.);
#1270=EDGE_CURVE('',#1555,#1554,#68,.F.);
#1271=EDGE_CURVE('',#1433,#1450,#69,.T.);
#1272=EDGE_CURVE('',#1449,#1444,#70,.T.);
#1273=EDGE_CURVE('',#1443,#1440,#71,.T.);
#1274=EDGE_CURVE('',#1439,#1434,#72,.T.);
#1275=EDGE_CURVE('',#1454,#1330,#1899,.T.);
#1276=EDGE_CURVE('',#1329,#1453,#1900,.F.);
#1277=EDGE_CURVE('',#1325,#1463,#1901,.T.);
#1278=EDGE_CURVE('',#1464,#1326,#1902,.F.);
#1279=EDGE_CURVE('',#1460,#1324,#1903,.F.);
#1280=EDGE_CURVE('',#1323,#1459,#1904,.T.);
#1281=EDGE_CURVE('',#1327,#1467,#1905,.F.);
#1282=EDGE_CURVE('',#1468,#1328,#1906,.T.);
#1283=EDGE_CURVE('',#1571,#1572,#1907,.F.);
#1284=EDGE_CURVE('',#1572,#1573,#1908,.F.);
#1285=EDGE_CURVE('',#1573,#1574,#1909,.F.);
#1286=EDGE_CURVE('',#1574,#1446,#101,.F.);
#1287=EDGE_CURVE('',#1445,#1571,#102,.F.);
#1288=EDGE_CURVE('',#1575,#1576,#1910,.F.);
#1289=EDGE_CURVE('',#1576,#1577,#1911,.T.);
#1290=EDGE_CURVE('',#1577,#1578,#1912,.F.);
#1291=EDGE_CURVE('',#1578,#1436,#103,.T.);
#1292=EDGE_CURVE('',#1435,#1575,#104,.T.);
#1293=EDGE_CURVE('',#1452,#1579,#1913,.F.);
#1294=EDGE_CURVE('',#1579,#1580,#1914,.F.);
#1295=EDGE_CURVE('',#1580,#1447,#1915,.T.);
#1296=EDGE_CURVE('',#1442,#1581,#1916,.T.);
#1297=EDGE_CURVE('',#1581,#1582,#1917,.F.);
#1298=EDGE_CURVE('',#1582,#1437,#1918,.F.);
#1299=EDGE_CURVE('',#1577,#1579,#105,.F.);
#1300=EDGE_CURVE('',#1451,#1578,#16,.T.);
#1301=EDGE_CURVE('',#1580,#1572,#106,.F.);
#1302=EDGE_CURVE('',#1571,#1448,#17,.T.);
#1303=EDGE_CURVE('',#1573,#1581,#107,.F.);
#1304=EDGE_CURVE('',#1441,#1574,#18,.T.);
#1305=EDGE_CURVE('',#1582,#1576,#108,.F.);
#1306=EDGE_CURVE('',#1575,#1438,#19,.T.);
#1307=EDGE_CURVE('',#1579,#1320,#73,.T.);
#1308=EDGE_CURVE('',#1321,#1577,#74,.T.);
#1309=EDGE_CURVE('',#1322,#1576,#75,.T.);
#1310=EDGE_CURVE('',#1580,#1319,#76,.T.);
#1311=EDGE_CURVE('',#1315,#1582,#77,.T.);
#1312=EDGE_CURVE('',#1572,#1318,#78,.T.);
#1313=EDGE_CURVE('',#1316,#1581,#79,.T.);
#1314=EDGE_CURVE('',#1573,#1317,#80,.T.);
#1315=VERTEX_POINT('',#3848);
#1316=VERTEX_POINT('',#3849);
#1317=VERTEX_POINT('',#3851);
#1318=VERTEX_POINT('',#3853);
#1319=VERTEX_POINT('',#3855);
#1320=VERTEX_POINT('',#3857);
#1321=VERTEX_POINT('',#3859);
#1322=VERTEX_POINT('',#3861);
#1323=VERTEX_POINT('',#3864);
#1324=VERTEX_POINT('',#3865);
#1325=VERTEX_POINT('',#3867);
#1326=VERTEX_POINT('',#3869);
#1327=VERTEX_POINT('',#3871);
#1328=VERTEX_POINT('',#3873);
#1329=VERTEX_POINT('',#3875);
#1330=VERTEX_POINT('',#3877);
#1331=VERTEX_POINT('',#3880);
#1332=VERTEX_POINT('',#3881);
#1333=VERTEX_POINT('',#3883);
#1334=VERTEX_POINT('',#3885);
#1335=VERTEX_POINT('',#3887);
#1336=VERTEX_POINT('',#3889);
#1337=VERTEX_POINT('',#3891);
#1338=VERTEX_POINT('',#3893);
#1339=VERTEX_POINT('',#3895);
#1340=VERTEX_POINT('',#3897);
#1341=VERTEX_POINT('',#3899);
#1342=VERTEX_POINT('',#3901);
#1343=VERTEX_POINT('',#3903);
#1344=VERTEX_POINT('',#3905);
#1345=VERTEX_POINT('',#3908);
#1346=VERTEX_POINT('',#3909);
#1347=VERTEX_POINT('',#3911);
#1348=VERTEX_POINT('',#3913);
#1349=VERTEX_POINT('',#3916);
#1350=VERTEX_POINT('',#3917);
#1351=VERTEX_POINT('',#3919);
#1352=VERTEX_POINT('',#3921);
#1353=VERTEX_POINT('',#3924);
#1354=VERTEX_POINT('',#3925);
#1355=VERTEX_POINT('',#3927);
#1356=VERTEX_POINT('',#3929);
#1357=VERTEX_POINT('',#3932);
#1358=VERTEX_POINT('',#3933);
#1359=VERTEX_POINT('',#3935);
#1360=VERTEX_POINT('',#3937);
#1361=VERTEX_POINT('',#3940);
#1362=VERTEX_POINT('',#3941);
#1363=VERTEX_POINT('',#3943);
#1364=VERTEX_POINT('',#3945);
#1365=VERTEX_POINT('',#3948);
#1366=VERTEX_POINT('',#3949);
#1367=VERTEX_POINT('',#3951);
#1368=VERTEX_POINT('',#3953);
#1369=VERTEX_POINT('',#3956);
#1370=VERTEX_POINT('',#3957);
#1371=VERTEX_POINT('',#3959);
#1372=VERTEX_POINT('',#3961);
#1373=VERTEX_POINT('',#3964);
#1374=VERTEX_POINT('',#3965);
#1375=VERTEX_POINT('',#3967);
#1376=VERTEX_POINT('',#3969);
#1377=VERTEX_POINT('',#3972);
#1378=VERTEX_POINT('',#3973);
#1379=VERTEX_POINT('',#3975);
#1380=VERTEX_POINT('',#3977);
#1381=VERTEX_POINT('',#3980);
#1382=VERTEX_POINT('',#3981);
#1383=VERTEX_POINT('',#3983);
#1384=VERTEX_POINT('',#3985);
#1385=VERTEX_POINT('',#3988);
#1386=VERTEX_POINT('',#3989);
#1387=VERTEX_POINT('',#3991);
#1388=VERTEX_POINT('',#3993);
#1389=VERTEX_POINT('',#3996);
#1390=VERTEX_POINT('',#3997);
#1391=VERTEX_POINT('',#3999);
#1392=VERTEX_POINT('',#4001);
#1393=VERTEX_POINT('',#4004);
#1394=VERTEX_POINT('',#4005);
#1395=VERTEX_POINT('',#4007);
#1396=VERTEX_POINT('',#4009);
#1397=VERTEX_POINT('',#4012);
#1398=VERTEX_POINT('',#4013);
#1399=VERTEX_POINT('',#4015);
#1400=VERTEX_POINT('',#4017);
#1401=VERTEX_POINT('',#4020);
#1402=VERTEX_POINT('',#4022);
#1403=VERTEX_POINT('',#4024);
#1404=VERTEX_POINT('',#4026);
#1405=VERTEX_POINT('',#4028);
#1406=VERTEX_POINT('',#4029);
#1407=VERTEX_POINT('',#4031);
#1408=VERTEX_POINT('',#4033);
#1409=VERTEX_POINT('',#4036);
#1410=VERTEX_POINT('',#4037);
#1411=VERTEX_POINT('',#4039);
#1412=VERTEX_POINT('',#4041);
#1413=VERTEX_POINT('',#4044);
#1414=VERTEX_POINT('',#4045);
#1415=VERTEX_POINT('',#4047);
#1416=VERTEX_POINT('',#4049);
#1417=VERTEX_POINT('',#4052);
#1418=VERTEX_POINT('',#4053);
#1419=VERTEX_POINT('',#4055);
#1420=VERTEX_POINT('',#4057);
#1421=VERTEX_POINT('',#4060);
#1422=VERTEX_POINT('',#4061);
#1423=VERTEX_POINT('',#4063);
#1424=VERTEX_POINT('',#4065);
#1425=VERTEX_POINT('',#4068);
#1426=VERTEX_POINT('',#4069);
#1427=VERTEX_POINT('',#4071);
#1428=VERTEX_POINT('',#4073);
#1429=VERTEX_POINT('',#4076);
#1430=VERTEX_POINT('',#4077);
#1431=VERTEX_POINT('',#4079);
#1432=VERTEX_POINT('',#4081);
#1433=VERTEX_POINT('',#4085);
#1434=VERTEX_POINT('',#4086);
#1435=VERTEX_POINT('',#4088);
#1436=VERTEX_POINT('',#4090);
#1437=VERTEX_POINT('',#4094);
#1438=VERTEX_POINT('',#4095);
#1439=VERTEX_POINT('',#4097);
#1440=VERTEX_POINT('',#4099);
#1441=VERTEX_POINT('',#4101);
#1442=VERTEX_POINT('',#4103);
#1443=VERTEX_POINT('',#4107);
#1444=VERTEX_POINT('',#4108);
#1445=VERTEX_POINT('',#4110);
#1446=VERTEX_POINT('',#4112);
#1447=VERTEX_POINT('',#4116);
#1448=VERTEX_POINT('',#4117);
#1449=VERTEX_POINT('',#4119);
#1450=VERTEX_POINT('',#4121);
#1451=VERTEX_POINT('',#4123);
#1452=VERTEX_POINT('',#4125);
#1453=VERTEX_POINT('',#4129);
#1454=VERTEX_POINT('',#4130);
#1455=VERTEX_POINT('',#4132);
#1456=VERTEX_POINT('',#4134);
#1457=VERTEX_POINT('',#4136);
#1458=VERTEX_POINT('',#4138);
#1459=VERTEX_POINT('',#4142);
#1460=VERTEX_POINT('',#4143);
#1461=VERTEX_POINT('',#4146);
#1462=VERTEX_POINT('',#4148);
#1463=VERTEX_POINT('',#4152);
#1464=VERTEX_POINT('',#4153);
#1465=VERTEX_POINT('',#4156);
#1466=VERTEX_POINT('',#4158);
#1467=VERTEX_POINT('',#4162);
#1468=VERTEX_POINT('',#4163);
#1469=VERTEX_POINT('',#4169);
#1470=VERTEX_POINT('',#4170);
#1471=VERTEX_POINT('',#4175);
#1472=VERTEX_POINT('',#4179);
#1473=VERTEX_POINT('',#4183);
#1474=VERTEX_POINT('',#4184);
#1475=VERTEX_POINT('',#4189);
#1476=VERTEX_POINT('',#4193);
#1477=VERTEX_POINT('',#4197);
#1478=VERTEX_POINT('',#4198);
#1479=VERTEX_POINT('',#4203);
#1480=VERTEX_POINT('',#4207);
#1481=VERTEX_POINT('',#4211);
#1482=VERTEX_POINT('',#4212);
#1483=VERTEX_POINT('',#4217);
#1484=VERTEX_POINT('',#4221);
#1485=VERTEX_POINT('',#4225);
#1486=VERTEX_POINT('',#4226);
#1487=VERTEX_POINT('',#4231);
#1488=VERTEX_POINT('',#4235);
#1489=VERTEX_POINT('',#4239);
#1490=VERTEX_POINT('',#4240);
#1491=VERTEX_POINT('',#4245);
#1492=VERTEX_POINT('',#4249);
#1493=VERTEX_POINT('',#4253);
#1494=VERTEX_POINT('',#4254);
#1495=VERTEX_POINT('',#4259);
#1496=VERTEX_POINT('',#4263);
#1497=VERTEX_POINT('',#4267);
#1498=VERTEX_POINT('',#4268);
#1499=VERTEX_POINT('',#4273);
#1500=VERTEX_POINT('',#4277);
#1501=VERTEX_POINT('',#4281);
#1502=VERTEX_POINT('',#4282);
#1503=VERTEX_POINT('',#4287);
#1504=VERTEX_POINT('',#4291);
#1505=VERTEX_POINT('',#4295);
#1506=VERTEX_POINT('',#4296);
#1507=VERTEX_POINT('',#4301);
#1508=VERTEX_POINT('',#4305);
#1509=VERTEX_POINT('',#4309);
#1510=VERTEX_POINT('',#4310);
#1511=VERTEX_POINT('',#4315);
#1512=VERTEX_POINT('',#4319);
#1513=VERTEX_POINT('',#4323);
#1514=VERTEX_POINT('',#4324);
#1515=VERTEX_POINT('',#4329);
#1516=VERTEX_POINT('',#4333);
#1517=VERTEX_POINT('',#4337);
#1518=VERTEX_POINT('',#4338);
#1519=VERTEX_POINT('',#4343);
#1520=VERTEX_POINT('',#4347);
#1521=VERTEX_POINT('',#4351);
#1522=VERTEX_POINT('',#4352);
#1523=VERTEX_POINT('',#4357);
#1524=VERTEX_POINT('',#4361);
#1525=VERTEX_POINT('',#4365);
#1526=VERTEX_POINT('',#4366);
#1527=VERTEX_POINT('',#4371);
#1528=VERTEX_POINT('',#4375);
#1529=VERTEX_POINT('',#4379);
#1530=VERTEX_POINT('',#4380);
#1531=VERTEX_POINT('',#4385);
#1532=VERTEX_POINT('',#4389);
#1533=VERTEX_POINT('',#4393);
#1534=VERTEX_POINT('',#4394);
#1535=VERTEX_POINT('',#4399);
#1536=VERTEX_POINT('',#4403);
#1537=VERTEX_POINT('',#4407);
#1538=VERTEX_POINT('',#4408);
#1539=VERTEX_POINT('',#4413);
#1540=VERTEX_POINT('',#4417);
#1541=VERTEX_POINT('',#4421);
#1542=VERTEX_POINT('',#4422);
#1543=VERTEX_POINT('',#4427);
#1544=VERTEX_POINT('',#4431);
#1545=VERTEX_POINT('',#4435);
#1546=VERTEX_POINT('',#4436);
#1547=VERTEX_POINT('',#4441);
#1548=VERTEX_POINT('',#4445);
#1549=VERTEX_POINT('',#4449);
#1550=VERTEX_POINT('',#4450);
#1551=VERTEX_POINT('',#4455);
#1552=VERTEX_POINT('',#4459);
#1553=VERTEX_POINT('',#4463);
#1554=VERTEX_POINT('',#4465);
#1555=VERTEX_POINT('',#4469);
#1556=VERTEX_POINT('',#4471);
#1557=VERTEX_POINT('',#4475);
#1558=VERTEX_POINT('',#4477);
#1559=VERTEX_POINT('',#4481);
#1560=VERTEX_POINT('',#4483);
#1561=VERTEX_POINT('',#4487);
#1562=VERTEX_POINT('',#4488);
#1563=VERTEX_POINT('',#4493);
#1564=VERTEX_POINT('',#4494);
#1565=VERTEX_POINT('',#4513);
#1566=VERTEX_POINT('',#4516);
#1567=VERTEX_POINT('',#4519);
#1568=VERTEX_POINT('',#4522);
#1569=VERTEX_POINT('',#4553);
#1570=VERTEX_POINT('',#4554);
#1571=VERTEX_POINT('',#4590);
#1572=VERTEX_POINT('',#4591);
#1573=VERTEX_POINT('',#4593);
#1574=VERTEX_POINT('',#4595);
#1575=VERTEX_POINT('',#4600);
#1576=VERTEX_POINT('',#4601);
#1577=VERTEX_POINT('',#4603);
#1578=VERTEX_POINT('',#4605);
#1579=VERTEX_POINT('',#4610);
#1580=VERTEX_POINT('',#4612);
#1581=VERTEX_POINT('',#4616);
#1582=VERTEX_POINT('',#4618);
#1583=LINE('',#3847,#1919);
#1584=LINE('',#3852,#1920);
#1585=LINE('',#3856,#1921);
#1586=LINE('',#3860,#1922);
#1587=LINE('',#3863,#1923);
#1588=LINE('',#3868,#1924);
#1589=LINE('',#3872,#1925);
#1590=LINE('',#3876,#1926);
#1591=LINE('',#3879,#1927);
#1592=LINE('',#3884,#1928);
#1593=LINE('',#3888,#1929);
#1594=LINE('',#3892,#1930);
#1595=LINE('',#3896,#1931);
#1596=LINE('',#3900,#1932);
#1597=LINE('',#3904,#1933);
#1598=LINE('',#3907,#1934);
#1599=LINE('',#3910,#1935);
#1600=LINE('',#3912,#1936);
#1601=LINE('',#3914,#1937);
#1602=LINE('',#3915,#1938);
#1603=LINE('',#3918,#1939);
#1604=LINE('',#3920,#1940);
#1605=LINE('',#3922,#1941);
#1606=LINE('',#3923,#1942);
#1607=LINE('',#3926,#1943);
#1608=LINE('',#3928,#1944);
#1609=LINE('',#3930,#1945);
#1610=LINE('',#3931,#1946);
#1611=LINE('',#3934,#1947);
#1612=LINE('',#3936,#1948);
#1613=LINE('',#3938,#1949);
#1614=LINE('',#3939,#1950);
#1615=LINE('',#3942,#1951);
#1616=LINE('',#3944,#1952);
#1617=LINE('',#3946,#1953);
#1618=LINE('',#3947,#1954);
#1619=LINE('',#3950,#1955);
#1620=LINE('',#3952,#1956);
#1621=LINE('',#3954,#1957);
#1622=LINE('',#3955,#1958);
#1623=LINE('',#3958,#1959);
#1624=LINE('',#3960,#1960);
#1625=LINE('',#3962,#1961);
#1626=LINE('',#3963,#1962);
#1627=LINE('',#3966,#1963);
#1628=LINE('',#3968,#1964);
#1629=LINE('',#3970,#1965);
#1630=LINE('',#3971,#1966);
#1631=LINE('',#3974,#1967);
#1632=LINE('',#3976,#1968);
#1633=LINE('',#3978,#1969);
#1634=LINE('',#3979,#1970);
#1635=LINE('',#3982,#1971);
#1636=LINE('',#3984,#1972);
#1637=LINE('',#3986,#1973);
#1638=LINE('',#3987,#1974);
#1639=LINE('',#3990,#1975);
#1640=LINE('',#3992,#1976);
#1641=LINE('',#3994,#1977);
#1642=LINE('',#3995,#1978);
#1643=LINE('',#3998,#1979);
#1644=LINE('',#4000,#1980);
#1645=LINE('',#4002,#1981);
#1646=LINE('',#4003,#1982);
#1647=LINE('',#4006,#1983);
#1648=LINE('',#4008,#1984);
#1649=LINE('',#4010,#1985);
#1650=LINE('',#4011,#1986);
#1651=LINE('',#4014,#1987);
#1652=LINE('',#4016,#1988);
#1653=LINE('',#4018,#1989);
#1654=LINE('',#4027,#1990);
#1655=LINE('',#4030,#1991);
#1656=LINE('',#4032,#1992);
#1657=LINE('',#4034,#1993);
#1658=LINE('',#4035,#1994);
#1659=LINE('',#4038,#1995);
#1660=LINE('',#4040,#1996);
#1661=LINE('',#4042,#1997);
#1662=LINE('',#4043,#1998);
#1663=LINE('',#4046,#1999);
#1664=LINE('',#4048,#2000);
#1665=LINE('',#4050,#2001);
#1666=LINE('',#4051,#2002);
#1667=LINE('',#4054,#2003);
#1668=LINE('',#4056,#2004);
#1669=LINE('',#4058,#2005);
#1670=LINE('',#4059,#2006);
#1671=LINE('',#4062,#2007);
#1672=LINE('',#4064,#2008);
#1673=LINE('',#4066,#2009);
#1674=LINE('',#4067,#2010);
#1675=LINE('',#4070,#2011);
#1676=LINE('',#4072,#2012);
#1677=LINE('',#4074,#2013);
#1678=LINE('',#4075,#2014);
#1679=LINE('',#4078,#2015);
#1680=LINE('',#4080,#2016);
#1681=LINE('',#4082,#2017);
#1682=LINE('',#4084,#2018);
#1683=LINE('',#4087,#2019);
#1684=LINE('',#4089,#2020);
#1685=LINE('',#4091,#2021);
#1686=LINE('',#4096,#2022);
#1687=LINE('',#4098,#2023);
#1688=LINE('',#4100,#2024);
#1689=LINE('',#4104,#2025);
#1690=LINE('',#4106,#2026);
#1691=LINE('',#4109,#2027);
#1692=LINE('',#4111,#2028);
#1693=LINE('',#4113,#2029);
#1694=LINE('',#4118,#2030);
#1695=LINE('',#4120,#2031);
#1696=LINE('',#4122,#2032);
#1697=LINE('',#4126,#2033);
#1698=LINE('',#4128,#2034);
#1699=LINE('',#4133,#2035);
#1700=LINE('',#4135,#2036);
#1701=LINE('',#4137,#2037);
#1702=LINE('',#4141,#2038);
#1703=LINE('',#4145,#2039);
#1704=LINE('',#4147,#2040);
#1705=LINE('',#4151,#2041);
#1706=LINE('',#4155,#2042);
#1707=LINE('',#4157,#2043);
#1708=LINE('',#4161,#2044);
#1709=LINE('',#4165,#2045);
#1710=LINE('',#4168,#2046);
#1711=LINE('',#4171,#2047);
#1712=LINE('',#4172,#2048);
#1713=LINE('',#4174,#2049);
#1714=LINE('',#4176,#2050);
#1715=LINE('',#4178,#2051);
#1716=LINE('',#4180,#2052);
#1717=LINE('',#4182,#2053);
#1718=LINE('',#4185,#2054);
#1719=LINE('',#4186,#2055);
#1720=LINE('',#4188,#2056);
#1721=LINE('',#4190,#2057);
#1722=LINE('',#4192,#2058);
#1723=LINE('',#4194,#2059);
#1724=LINE('',#4196,#2060);
#1725=LINE('',#4199,#2061);
#1726=LINE('',#4200,#2062);
#1727=LINE('',#4202,#2063);
#1728=LINE('',#4204,#2064);
#1729=LINE('',#4206,#2065);
#1730=LINE('',#4208,#2066);
#1731=LINE('',#4210,#2067);
#1732=LINE('',#4213,#2068);
#1733=LINE('',#4214,#2069);
#1734=LINE('',#4216,#2070);
#1735=LINE('',#4218,#2071);
#1736=LINE('',#4220,#2072);
#1737=LINE('',#4222,#2073);
#1738=LINE('',#4224,#2074);
#1739=LINE('',#4227,#2075);
#1740=LINE('',#4228,#2076);
#1741=LINE('',#4230,#2077);
#1742=LINE('',#4232,#2078);
#1743=LINE('',#4234,#2079);
#1744=LINE('',#4236,#2080);
#1745=LINE('',#4238,#2081);
#1746=LINE('',#4241,#2082);
#1747=LINE('',#4242,#2083);
#1748=LINE('',#4244,#2084);
#1749=LINE('',#4246,#2085);
#1750=LINE('',#4248,#2086);
#1751=LINE('',#4250,#2087);
#1752=LINE('',#4252,#2088);
#1753=LINE('',#4255,#2089);
#1754=LINE('',#4256,#2090);
#1755=LINE('',#4258,#2091);
#1756=LINE('',#4260,#2092);
#1757=LINE('',#4262,#2093);
#1758=LINE('',#4264,#2094);
#1759=LINE('',#4266,#2095);
#1760=LINE('',#4269,#2096);
#1761=LINE('',#4270,#2097);
#1762=LINE('',#4272,#2098);
#1763=LINE('',#4274,#2099);
#1764=LINE('',#4276,#2100);
#1765=LINE('',#4278,#2101);
#1766=LINE('',#4280,#2102);
#1767=LINE('',#4283,#2103);
#1768=LINE('',#4284,#2104);
#1769=LINE('',#4286,#2105);
#1770=LINE('',#4288,#2106);
#1771=LINE('',#4290,#2107);
#1772=LINE('',#4292,#2108);
#1773=LINE('',#4294,#2109);
#1774=LINE('',#4297,#2110);
#1775=LINE('',#4298,#2111);
#1776=LINE('',#4300,#2112);
#1777=LINE('',#4302,#2113);
#1778=LINE('',#4304,#2114);
#1779=LINE('',#4306,#2115);
#1780=LINE('',#4308,#2116);
#1781=LINE('',#4311,#2117);
#1782=LINE('',#4312,#2118);
#1783=LINE('',#4314,#2119);
#1784=LINE('',#4316,#2120);
#1785=LINE('',#4318,#2121);
#1786=LINE('',#4320,#2122);
#1787=LINE('',#4322,#2123);
#1788=LINE('',#4325,#2124);
#1789=LINE('',#4326,#2125);
#1790=LINE('',#4328,#2126);
#1791=LINE('',#4330,#2127);
#1792=LINE('',#4332,#2128);
#1793=LINE('',#4334,#2129);
#1794=LINE('',#4336,#2130);
#1795=LINE('',#4339,#2131);
#1796=LINE('',#4340,#2132);
#1797=LINE('',#4342,#2133);
#1798=LINE('',#4344,#2134);
#1799=LINE('',#4346,#2135);
#1800=LINE('',#4348,#2136);
#1801=LINE('',#4350,#2137);
#1802=LINE('',#4353,#2138);
#1803=LINE('',#4354,#2139);
#1804=LINE('',#4356,#2140);
#1805=LINE('',#4358,#2141);
#1806=LINE('',#4360,#2142);
#1807=LINE('',#4362,#2143);
#1808=LINE('',#4364,#2144);
#1809=LINE('',#4367,#2145);
#1810=LINE('',#4368,#2146);
#1811=LINE('',#4370,#2147);
#1812=LINE('',#4372,#2148);
#1813=LINE('',#4374,#2149);
#1814=LINE('',#4376,#2150);
#1815=LINE('',#4378,#2151);
#1816=LINE('',#4381,#2152);
#1817=LINE('',#4382,#2153);
#1818=LINE('',#4384,#2154);
#1819=LINE('',#4386,#2155);
#1820=LINE('',#4388,#2156);
#1821=LINE('',#4390,#2157);
#1822=LINE('',#4392,#2158);
#1823=LINE('',#4395,#2159);
#1824=LINE('',#4396,#2160);
#1825=LINE('',#4398,#2161);
#1826=LINE('',#4400,#2162);
#1827=LINE('',#4402,#2163);
#1828=LINE('',#4404,#2164);
#1829=LINE('',#4406,#2165);
#1830=LINE('',#4409,#2166);
#1831=LINE('',#4410,#2167);
#1832=LINE('',#4412,#2168);
#1833=LINE('',#4414,#2169);
#1834=LINE('',#4416,#2170);
#1835=LINE('',#4418,#2171);
#1836=LINE('',#4420,#2172);
#1837=LINE('',#4423,#2173);
#1838=LINE('',#4424,#2174);
#1839=LINE('',#4426,#2175);
#1840=LINE('',#4428,#2176);
#1841=LINE('',#4430,#2177);
#1842=LINE('',#4432,#2178);
#1843=LINE('',#4434,#2179);
#1844=LINE('',#4437,#2180);
#1845=LINE('',#4438,#2181);
#1846=LINE('',#4440,#2182);
#1847=LINE('',#4442,#2183);
#1848=LINE('',#4444,#2184);
#1849=LINE('',#4446,#2185);
#1850=LINE('',#4448,#2186);
#1851=LINE('',#4451,#2187);
#1852=LINE('',#4452,#2188);
#1853=LINE('',#4454,#2189);
#1854=LINE('',#4456,#2190);
#1855=LINE('',#4458,#2191);
#1856=LINE('',#4460,#2192);
#1857=LINE('',#4462,#2193);
#1858=LINE('',#4464,#2194);
#1859=LINE('',#4466,#2195);
#1860=LINE('',#4468,#2196);
#1861=LINE('',#4470,#2197);
#1862=LINE('',#4472,#2198);
#1863=LINE('',#4474,#2199);
#1864=LINE('',#4476,#2200);
#1865=LINE('',#4478,#2201);
#1866=LINE('',#4480,#2202);
#1867=LINE('',#4482,#2203);
#1868=LINE('',#4484,#2204);
#1869=LINE('',#4486,#2205);
#1870=LINE('',#4489,#2206);
#1871=LINE('',#4490,#2207);
#1872=LINE('',#4492,#2208);
#1873=LINE('',#4495,#2209);
#1874=LINE('',#4496,#2210);
#1875=LINE('',#4498,#2211);
#1876=LINE('',#4500,#2212);
#1877=LINE('',#4502,#2213);
#1878=LINE('',#4504,#2214);
#1879=LINE('',#4506,#2215);
#1880=LINE('',#4508,#2216);
#1881=LINE('',#4510,#2217);
#1882=LINE('',#4524,#2218);
#1883=LINE('',#4526,#2219);
#1884=LINE('',#4528,#2220);
#1885=LINE('',#4530,#2221);
#1886=LINE('',#4532,#2222);
#1887=LINE('',#4534,#2223);
#1888=LINE('',#4536,#2224);
#1889=LINE('',#4538,#2225);
#1890=LINE('',#4540,#2226);
#1891=LINE('',#4542,#2227);
#1892=LINE('',#4544,#2228);
#1893=LINE('',#4546,#2229);
#1894=LINE('',#4548,#2230);
#1895=LINE('',#4550,#2231);
#1896=LINE('',#4552,#2232);
#1897=LINE('',#4555,#2233);
#1898=LINE('',#4556,#2234);
#1899=LINE('',#4577,#2235);
#1900=LINE('',#4578,#2236);
#1901=LINE('',#4580,#2237);
#1902=LINE('',#4581,#2238);
#1903=LINE('',#4583,#2239);
#1904=LINE('',#4584,#2240);
#1905=LINE('',#4586,#2241);
#1906=LINE('',#4587,#2242);
#1907=LINE('',#4589,#2243);
#1908=LINE('',#4592,#2244);
#1909=LINE('',#4594,#2245);
#1910=LINE('',#4599,#2246);
#1911=LINE('',#4602,#2247);
#1912=LINE('',#4604,#2248);
#1913=LINE('',#4609,#2249);
#1914=LINE('',#4611,#2250);
#1915=LINE('',#4613,#2251);
#1916=LINE('',#4615,#2252);
#1917=LINE('',#4617,#2253);
#1918=LINE('',#4619,#2254);
#1919=VECTOR('',#3115,1.);
#1920=VECTOR('',#3118,1.);
#1921=VECTOR('',#3121,1.);
#1922=VECTOR('',#3124,1.);
#1923=VECTOR('',#3127,1.);
#1924=VECTOR('',#3130,1.);
#1925=VECTOR('',#3133,1.);
#1926=VECTOR('',#3136,1.);
#1927=VECTOR('',#3139,1.);
#1928=VECTOR('',#3142,1.);
#1929=VECTOR('',#3145,1.);
#1930=VECTOR('',#3148,1.);
#1931=VECTOR('',#3151,1.);
#1932=VECTOR('',#3154,1.);
#1933=VECTOR('',#3157,1.);
#1934=VECTOR('',#3160,1.);
#1935=VECTOR('',#3161,1.);
#1936=VECTOR('',#3162,1.);
#1937=VECTOR('',#3163,1.);
#1938=VECTOR('',#3164,1.);
#1939=VECTOR('',#3165,1.);
#1940=VECTOR('',#3166,1.);
#1941=VECTOR('',#3167,1.);
#1942=VECTOR('',#3168,1.);
#1943=VECTOR('',#3169,1.);
#1944=VECTOR('',#3170,1.);
#1945=VECTOR('',#3171,1.);
#1946=VECTOR('',#3172,1.);
#1947=VECTOR('',#3173,1.);
#1948=VECTOR('',#3174,1.);
#1949=VECTOR('',#3175,1.);
#1950=VECTOR('',#3176,1.);
#1951=VECTOR('',#3177,1.);
#1952=VECTOR('',#3178,1.);
#1953=VECTOR('',#3179,1.);
#1954=VECTOR('',#3180,1.);
#1955=VECTOR('',#3181,1.);
#1956=VECTOR('',#3182,1.);
#1957=VECTOR('',#3183,1.);
#1958=VECTOR('',#3184,1.);
#1959=VECTOR('',#3185,1.);
#1960=VECTOR('',#3186,1.);
#1961=VECTOR('',#3187,1.);
#1962=VECTOR('',#3188,1.);
#1963=VECTOR('',#3189,1.);
#1964=VECTOR('',#3190,1.);
#1965=VECTOR('',#3191,1.);
#1966=VECTOR('',#3192,1.);
#1967=VECTOR('',#3193,1.);
#1968=VECTOR('',#3194,1.);
#1969=VECTOR('',#3195,1.);
#1970=VECTOR('',#3196,1.);
#1971=VECTOR('',#3197,1.);
#1972=VECTOR('',#3198,1.);
#1973=VECTOR('',#3199,1.);
#1974=VECTOR('',#3200,1.);
#1975=VECTOR('',#3201,1.);
#1976=VECTOR('',#3202,1.);
#1977=VECTOR('',#3203,1.);
#1978=VECTOR('',#3204,1.);
#1979=VECTOR('',#3205,1.);
#1980=VECTOR('',#3206,1.);
#1981=VECTOR('',#3207,1.);
#1982=VECTOR('',#3208,1.);
#1983=VECTOR('',#3209,1.);
#1984=VECTOR('',#3210,1.);
#1985=VECTOR('',#3211,1.);
#1986=VECTOR('',#3212,1.);
#1987=VECTOR('',#3213,1.);
#1988=VECTOR('',#3214,1.);
#1989=VECTOR('',#3215,1.);
#1990=VECTOR('',#3224,1.);
#1991=VECTOR('',#3225,1.);
#1992=VECTOR('',#3226,1.);
#1993=VECTOR('',#3227,1.);
#1994=VECTOR('',#3228,1.);
#1995=VECTOR('',#3229,1.);
#1996=VECTOR('',#3230,1.);
#1997=VECTOR('',#3231,1.);
#1998=VECTOR('',#3232,1.);
#1999=VECTOR('',#3233,1.);
#2000=VECTOR('',#3234,1.);
#2001=VECTOR('',#3235,1.);
#2002=VECTOR('',#3236,1.);
#2003=VECTOR('',#3237,1.);
#2004=VECTOR('',#3238,1.);
#2005=VECTOR('',#3239,1.);
#2006=VECTOR('',#3240,1.);
#2007=VECTOR('',#3241,1.);
#2008=VECTOR('',#3242,1.);
#2009=VECTOR('',#3243,1.);
#2010=VECTOR('',#3244,1.);
#2011=VECTOR('',#3245,1.);
#2012=VECTOR('',#3246,1.);
#2013=VECTOR('',#3247,1.);
#2014=VECTOR('',#3248,1.);
#2015=VECTOR('',#3249,1.);
#2016=VECTOR('',#3250,1.);
#2017=VECTOR('',#3251,1.);
#2018=VECTOR('',#3254,1.);
#2019=VECTOR('',#3255,1.);
#2020=VECTOR('',#3256,1.);
#2021=VECTOR('',#3257,1.);
#2022=VECTOR('',#3262,1.);
#2023=VECTOR('',#3263,1.);
#2024=VECTOR('',#3264,1.);
#2025=VECTOR('',#3267,1.);
#2026=VECTOR('',#3270,1.);
#2027=VECTOR('',#3271,1.);
#2028=VECTOR('',#3272,1.);
#2029=VECTOR('',#3273,1.);
#2030=VECTOR('',#3278,1.);
#2031=VECTOR('',#3279,1.);
#2032=VECTOR('',#3280,1.);
#2033=VECTOR('',#3283,1.);
#2034=VECTOR('',#3286,1.);
#2035=VECTOR('',#3289,1.);
#2036=VECTOR('',#3290,1.);
#2037=VECTOR('',#3291,1.);
#2038=VECTOR('',#3296,1.);
#2039=VECTOR('',#3299,1.);
#2040=VECTOR('',#3300,1.);
#2041=VECTOR('',#3305,1.);
#2042=VECTOR('',#3308,1.);
#2043=VECTOR('',#3309,1.);
#2044=VECTOR('',#3314,1.);
#2045=VECTOR('',#3317,1.);
#2046=VECTOR('',#3322,1.);
#2047=VECTOR('',#3323,1.);
#2048=VECTOR('',#3324,1.);
#2049=VECTOR('',#3327,1.);
#2050=VECTOR('',#3328,1.);
#2051=VECTOR('',#3331,1.);
#2052=VECTOR('',#3332,1.);
#2053=VECTOR('',#3335,1.);
#2054=VECTOR('',#3336,1.);
#2055=VECTOR('',#3337,1.);
#2056=VECTOR('',#3340,1.);
#2057=VECTOR('',#3341,1.);
#2058=VECTOR('',#3344,1.);
#2059=VECTOR('',#3345,1.);
#2060=VECTOR('',#3348,1.);
#2061=VECTOR('',#3349,1.);
#2062=VECTOR('',#3350,1.);
#2063=VECTOR('',#3353,1.);
#2064=VECTOR('',#3354,1.);
#2065=VECTOR('',#3357,1.);
#2066=VECTOR('',#3358,1.);
#2067=VECTOR('',#3361,1.);
#2068=VECTOR('',#3362,1.);
#2069=VECTOR('',#3363,1.);
#2070=VECTOR('',#3366,1.);
#2071=VECTOR('',#3367,1.);
#2072=VECTOR('',#3370,1.);
#2073=VECTOR('',#3371,1.);
#2074=VECTOR('',#3374,1.);
#2075=VECTOR('',#3375,1.);
#2076=VECTOR('',#3376,1.);
#2077=VECTOR('',#3379,1.);
#2078=VECTOR('',#3380,1.);
#2079=VECTOR('',#3383,1.);
#2080=VECTOR('',#3384,1.);
#2081=VECTOR('',#3387,1.);
#2082=VECTOR('',#3388,1.);
#2083=VECTOR('',#3389,1.);
#2084=VECTOR('',#3392,1.);
#2085=VECTOR('',#3393,1.);
#2086=VECTOR('',#3396,1.);
#2087=VECTOR('',#3397,1.);
#2088=VECTOR('',#3400,1.);
#2089=VECTOR('',#3401,1.);
#2090=VECTOR('',#3402,1.);
#2091=VECTOR('',#3405,1.);
#2092=VECTOR('',#3406,1.);
#2093=VECTOR('',#3409,1.);
#2094=VECTOR('',#3410,1.);
#2095=VECTOR('',#3413,1.);
#2096=VECTOR('',#3414,1.);
#2097=VECTOR('',#3415,1.);
#2098=VECTOR('',#3418,1.);
#2099=VECTOR('',#3419,1.);
#2100=VECTOR('',#3422,1.);
#2101=VECTOR('',#3423,1.);
#2102=VECTOR('',#3426,1.);
#2103=VECTOR('',#3427,1.);
#2104=VECTOR('',#3428,1.);
#2105=VECTOR('',#3431,1.);
#2106=VECTOR('',#3432,1.);
#2107=VECTOR('',#3435,1.);
#2108=VECTOR('',#3436,1.);
#2109=VECTOR('',#3439,1.);
#2110=VECTOR('',#3440,1.);
#2111=VECTOR('',#3441,1.);
#2112=VECTOR('',#3444,1.);
#2113=VECTOR('',#3445,1.);
#2114=VECTOR('',#3448,1.);
#2115=VECTOR('',#3449,1.);
#2116=VECTOR('',#3452,1.);
#2117=VECTOR('',#3453,1.);
#2118=VECTOR('',#3454,1.);
#2119=VECTOR('',#3457,1.);
#2120=VECTOR('',#3458,1.);
#2121=VECTOR('',#3461,1.);
#2122=VECTOR('',#3462,1.);
#2123=VECTOR('',#3465,1.);
#2124=VECTOR('',#3466,1.);
#2125=VECTOR('',#3467,1.);
#2126=VECTOR('',#3470,1.);
#2127=VECTOR('',#3471,1.);
#2128=VECTOR('',#3474,1.);
#2129=VECTOR('',#3475,1.);
#2130=VECTOR('',#3478,1.);
#2131=VECTOR('',#3479,1.);
#2132=VECTOR('',#3480,1.);
#2133=VECTOR('',#3483,1.);
#2134=VECTOR('',#3484,1.);
#2135=VECTOR('',#3487,1.);
#2136=VECTOR('',#3488,1.);
#2137=VECTOR('',#3491,1.);
#2138=VECTOR('',#3492,1.);
#2139=VECTOR('',#3493,1.);
#2140=VECTOR('',#3496,1.);
#2141=VECTOR('',#3497,1.);
#2142=VECTOR('',#3500,1.);
#2143=VECTOR('',#3501,1.);
#2144=VECTOR('',#3504,1.);
#2145=VECTOR('',#3505,1.);
#2146=VECTOR('',#3506,1.);
#2147=VECTOR('',#3509,1.);
#2148=VECTOR('',#3510,1.);
#2149=VECTOR('',#3513,1.);
#2150=VECTOR('',#3514,1.);
#2151=VECTOR('',#3517,1.);
#2152=VECTOR('',#3518,1.);
#2153=VECTOR('',#3519,1.);
#2154=VECTOR('',#3522,1.);
#2155=VECTOR('',#3523,1.);
#2156=VECTOR('',#3526,1.);
#2157=VECTOR('',#3527,1.);
#2158=VECTOR('',#3530,1.);
#2159=VECTOR('',#3531,1.);
#2160=VECTOR('',#3532,1.);
#2161=VECTOR('',#3535,1.);
#2162=VECTOR('',#3536,1.);
#2163=VECTOR('',#3539,1.);
#2164=VECTOR('',#3540,1.);
#2165=VECTOR('',#3543,1.);
#2166=VECTOR('',#3544,1.);
#2167=VECTOR('',#3545,1.);
#2168=VECTOR('',#3548,1.);
#2169=VECTOR('',#3549,1.);
#2170=VECTOR('',#3552,1.);
#2171=VECTOR('',#3553,1.);
#2172=VECTOR('',#3556,1.);
#2173=VECTOR('',#3557,1.);
#2174=VECTOR('',#3558,1.);
#2175=VECTOR('',#3561,1.);
#2176=VECTOR('',#3562,1.);
#2177=VECTOR('',#3565,1.);
#2178=VECTOR('',#3566,1.);
#2179=VECTOR('',#3569,1.);
#2180=VECTOR('',#3570,1.);
#2181=VECTOR('',#3571,1.);
#2182=VECTOR('',#3574,1.);
#2183=VECTOR('',#3575,1.);
#2184=VECTOR('',#3578,1.);
#2185=VECTOR('',#3579,1.);
#2186=VECTOR('',#3582,1.);
#2187=VECTOR('',#3583,1.);
#2188=VECTOR('',#3584,1.);
#2189=VECTOR('',#3587,1.);
#2190=VECTOR('',#3588,1.);
#2191=VECTOR('',#3591,1.);
#2192=VECTOR('',#3592,1.);
#2193=VECTOR('',#3595,1.);
#2194=VECTOR('',#3596,1.);
#2195=VECTOR('',#3597,1.);
#2196=VECTOR('',#3600,1.);
#2197=VECTOR('',#3601,1.);
#2198=VECTOR('',#3602,1.);
#2199=VECTOR('',#3605,1.);
#2200=VECTOR('',#3606,1.);
#2201=VECTOR('',#3607,1.);
#2202=VECTOR('',#3610,1.);
#2203=VECTOR('',#3611,1.);
#2204=VECTOR('',#3612,1.);
#2205=VECTOR('',#3615,1.);
#2206=VECTOR('',#3616,1.);
#2207=VECTOR('',#3617,1.);
#2208=VECTOR('',#3620,1.);
#2209=VECTOR('',#3621,1.);
#2210=VECTOR('',#3622,1.);
#2211=VECTOR('',#3625,1.);
#2212=VECTOR('',#3628,1.);
#2213=VECTOR('',#3631,1.);
#2214=VECTOR('',#3634,1.);
#2215=VECTOR('',#3637,1.);
#2216=VECTOR('',#3640,1.);
#2217=VECTOR('',#3643,1.);
#2218=VECTOR('',#3662,1.);
#2219=VECTOR('',#3665,1.);
#2220=VECTOR('',#3668,1.);
#2221=VECTOR('',#3671,1.);
#2222=VECTOR('',#3674,1.);
#2223=VECTOR('',#3677,1.);
#2224=VECTOR('',#3680,1.);
#2225=VECTOR('',#3683,1.);
#2226=VECTOR('',#3686,1.);
#2227=VECTOR('',#3689,1.);
#2228=VECTOR('',#3692,1.);
#2229=VECTOR('',#3695,1.);
#2230=VECTOR('',#3698,1.);
#2231=VECTOR('',#3701,1.);
#2232=VECTOR('',#3704,1.);
#2233=VECTOR('',#3705,1.);
#2234=VECTOR('',#3706,1.);
#2235=VECTOR('',#3747,1.);
#2236=VECTOR('',#3748,1.);
#2237=VECTOR('',#3751,1.);
#2238=VECTOR('',#3752,1.);
#2239=VECTOR('',#3755,1.);
#2240=VECTOR('',#3756,1.);
#2241=VECTOR('',#3759,1.);
#2242=VECTOR('',#3760,1.);
#2243=VECTOR('',#3763,1.);
#2244=VECTOR('',#3764,1.);
#2245=VECTOR('',#3765,1.);
#2246=VECTOR('',#3772,1.);
#2247=VECTOR('',#3773,1.);
#2248=VECTOR('',#3774,1.);
#2249=VECTOR('',#3781,1.);
#2250=VECTOR('',#3782,1.);
#2251=VECTOR('',#3783,1.);
#2252=VECTOR('',#3786,1.);
#2253=VECTOR('',#3787,1.);
#2254=VECTOR('',#3788,1.);
#2255=EDGE_LOOP('',(#109,#110,#111,#112,#113,#114,#115,#116));
#2256=EDGE_LOOP('',(#117,#118,#119,#120,#121,#122,#123,#124));
#2257=EDGE_LOOP('',(#125,#126,#127,#128,#129,#130,#131,#132,#133,#134,#135,
#136,#137,#138));
#2258=EDGE_LOOP('',(#139,#140,#141,#142));
#2259=EDGE_LOOP('',(#143,#144,#145,#146));
#2260=EDGE_LOOP('',(#147,#148,#149,#150));
#2261=EDGE_LOOP('',(#151,#152,#153,#154));
#2262=EDGE_LOOP('',(#155,#156,#157,#158));
#2263=EDGE_LOOP('',(#159,#160,#161,#162));
#2264=EDGE_LOOP('',(#163,#164,#165,#166));
#2265=EDGE_LOOP('',(#167,#168,#169,#170));
#2266=EDGE_LOOP('',(#171,#172,#173,#174));
#2267=EDGE_LOOP('',(#175,#176,#177,#178));
#2268=EDGE_LOOP('',(#179,#180,#181,#182));
#2269=EDGE_LOOP('',(#183,#184,#185,#186));
#2270=EDGE_LOOP('',(#187,#188,#189,#190));
#2271=EDGE_LOOP('',(#191,#192,#193,#194));
#2272=EDGE_LOOP('',(#195));
#2273=EDGE_LOOP('',(#196));
#2274=EDGE_LOOP('',(#197));
#2275=EDGE_LOOP('',(#198));
#2276=EDGE_LOOP('',(#199,#200,#201,#202));
#2277=EDGE_LOOP('',(#203,#204,#205,#206));
#2278=EDGE_LOOP('',(#207,#208,#209,#210));
#2279=EDGE_LOOP('',(#211,#212,#213,#214));
#2280=EDGE_LOOP('',(#215,#216,#217,#218));
#2281=EDGE_LOOP('',(#219,#220,#221,#222));
#2282=EDGE_LOOP('',(#223,#224,#225,#226));
#2283=EDGE_LOOP('',(#227,#228,#229,#230));
#2284=EDGE_LOOP('',(#231,#232,#233,#234,#235,#236));
#2285=EDGE_LOOP('',(#237,#238,#239,#240));
#2286=EDGE_LOOP('',(#241,#242,#243,#244,#245,#246));
#2287=EDGE_LOOP('',(#247,#248,#249,#250,#251,#252));
#2288=EDGE_LOOP('',(#253,#254,#255,#256,#257,#258));
#2289=EDGE_LOOP('',(#259,#260,#261,#262,#263,#264));
#2290=EDGE_LOOP('',(#265,#266,#267,#268,#269,#270));
#2291=EDGE_LOOP('',(#271,#272,#273,#274));
#2292=EDGE_LOOP('',(#275,#276,#277,#278));
#2293=EDGE_LOOP('',(#279,#280,#281,#282));
#2294=EDGE_LOOP('',(#283,#284,#285,#286));
#2295=EDGE_LOOP('',(#287,#288,#289,#290));
#2296=EDGE_LOOP('',(#291,#292,#293,#294));
#2297=EDGE_LOOP('',(#295,#296,#297,#298));
#2298=EDGE_LOOP('',(#299,#300,#301,#302));
#2299=EDGE_LOOP('',(#303,#304,#305,#306));
#2300=EDGE_LOOP('',(#307,#308,#309,#310));
#2301=EDGE_LOOP('',(#311,#312,#313,#314));
#2302=EDGE_LOOP('',(#315,#316,#317,#318));
#2303=EDGE_LOOP('',(#319,#320,#321,#322));
#2304=EDGE_LOOP('',(#323,#324,#325,#326));
#2305=EDGE_LOOP('',(#327,#328,#329,#330));
#2306=EDGE_LOOP('',(#331,#332,#333,#334));
#2307=EDGE_LOOP('',(#335,#336,#337,#338));
#2308=EDGE_LOOP('',(#339,#340,#341,#342));
#2309=EDGE_LOOP('',(#343,#344,#345,#346));
#2310=EDGE_LOOP('',(#347,#348,#349,#350));
#2311=EDGE_LOOP('',(#351,#352,#353,#354));
#2312=EDGE_LOOP('',(#355,#356,#357,#358));
#2313=EDGE_LOOP('',(#359,#360,#361,#362));
#2314=EDGE_LOOP('',(#363,#364,#365,#366));
#2315=EDGE_LOOP('',(#367,#368,#369,#370));
#2316=EDGE_LOOP('',(#371,#372,#373,#374));
#2317=EDGE_LOOP('',(#375,#376,#377,#378));
#2318=EDGE_LOOP('',(#379,#380,#381,#382));
#2319=EDGE_LOOP('',(#383,#384,#385,#386));
#2320=EDGE_LOOP('',(#387,#388,#389,#390));
#2321=EDGE_LOOP('',(#391,#392,#393,#394));
#2322=EDGE_LOOP('',(#395,#396,#397,#398));
#2323=EDGE_LOOP('',(#399,#400,#401,#402));
#2324=EDGE_LOOP('',(#403,#404,#405,#406));
#2325=EDGE_LOOP('',(#407,#408,#409,#410));
#2326=EDGE_LOOP('',(#411,#412,#413,#414));
#2327=EDGE_LOOP('',(#415,#416,#417,#418));
#2328=EDGE_LOOP('',(#419,#420,#421,#422));
#2329=EDGE_LOOP('',(#423,#424,#425,#426));
#2330=EDGE_LOOP('',(#427,#428,#429,#430));
#2331=EDGE_LOOP('',(#431,#432,#433,#434));
#2332=EDGE_LOOP('',(#435,#436,#437,#438));
#2333=EDGE_LOOP('',(#439,#440,#441,#442));
#2334=EDGE_LOOP('',(#443,#444,#445,#446));
#2335=EDGE_LOOP('',(#447,#448,#449,#450));
#2336=EDGE_LOOP('',(#451,#452,#453,#454));
#2337=EDGE_LOOP('',(#455,#456,#457,#458));
#2338=EDGE_LOOP('',(#459,#460,#461,#462));
#2339=EDGE_LOOP('',(#463,#464,#465,#466));
#2340=EDGE_LOOP('',(#467,#468,#469,#470));
#2341=EDGE_LOOP('',(#471,#472,#473,#474));
#2342=EDGE_LOOP('',(#475,#476,#477,#478));
#2343=EDGE_LOOP('',(#479,#480,#481,#482));
#2344=EDGE_LOOP('',(#483,#484,#485,#486));
#2345=EDGE_LOOP('',(#487,#488,#489,#490));
#2346=EDGE_LOOP('',(#491,#492,#493,#494));
#2347=EDGE_LOOP('',(#495,#496,#497,#498));
#2348=EDGE_LOOP('',(#499,#500,#501,#502));
#2349=EDGE_LOOP('',(#503,#504,#505,#506));
#2350=EDGE_LOOP('',(#507,#508,#509,#510));
#2351=EDGE_LOOP('',(#511,#512,#513,#514));
#2352=EDGE_LOOP('',(#515,#516,#517,#518));
#2353=EDGE_LOOP('',(#519,#520,#521,#522));
#2354=EDGE_LOOP('',(#523,#524,#525,#526));
#2355=EDGE_LOOP('',(#527,#528,#529,#530));
#2356=EDGE_LOOP('',(#531,#532,#533,#534));
#2357=EDGE_LOOP('',(#535,#536,#537,#538));
#2358=EDGE_LOOP('',(#539,#540,#541,#542));
#2359=EDGE_LOOP('',(#543,#544,#545,#546));
#2360=EDGE_LOOP('',(#547,#548,#549,#550));
#2361=EDGE_LOOP('',(#551,#552,#553,#554));
#2362=EDGE_LOOP('',(#555,#556,#557,#558));
#2363=EDGE_LOOP('',(#559,#560,#561,#562));
#2364=EDGE_LOOP('',(#563,#564,#565,#566));
#2365=EDGE_LOOP('',(#567,#568,#569,#570));
#2366=EDGE_LOOP('',(#571,#572,#573,#574));
#2367=EDGE_LOOP('',(#575));
#2368=EDGE_LOOP('',(#576));
#2369=EDGE_LOOP('',(#577));
#2370=EDGE_LOOP('',(#578));
#2371=EDGE_LOOP('',(#579));
#2372=EDGE_LOOP('',(#580));
#2373=EDGE_LOOP('',(#581));
#2374=EDGE_LOOP('',(#582));
#2375=EDGE_LOOP('',(#583,#584,#585,#586));
#2376=EDGE_LOOP('',(#587,#588,#589,#590));
#2377=EDGE_LOOP('',(#591,#592,#593,#594));
#2378=EDGE_LOOP('',(#595,#596,#597,#598));
#2379=EDGE_LOOP('',(#599,#600,#601,#602));
#2380=EDGE_LOOP('',(#603,#604,#605,#606));
#2381=EDGE_LOOP('',(#607,#608,#609,#610));
#2382=EDGE_LOOP('',(#611,#612,#613,#614));
#2383=EDGE_LOOP('',(#615,#616,#617,#618));
#2384=EDGE_LOOP('',(#619,#620,#621,#622));
#2385=EDGE_LOOP('',(#623,#624,#625,#626));
#2386=EDGE_LOOP('',(#627,#628,#629,#630));
#2387=EDGE_LOOP('',(#631,#632,#633,#634));
#2388=EDGE_LOOP('',(#635,#636,#637,#638));
#2389=EDGE_LOOP('',(#639,#640,#641,#642));
#2390=EDGE_LOOP('',(#643,#644,#645,#646,#647,#648,#649,#650,#651,#652,#653,
#654,#655,#656));
#2391=EDGE_LOOP('',(#657,#658,#659,#660));
#2392=EDGE_LOOP('',(#661,#662,#663,#664));
#2393=EDGE_LOOP('',(#665,#666,#667,#668));
#2394=EDGE_LOOP('',(#669,#670,#671,#672));
#2395=EDGE_LOOP('',(#673,#674,#675,#676));
#2396=EDGE_LOOP('',(#677,#678,#679,#680));
#2397=EDGE_LOOP('',(#681,#682,#683,#684));
#2398=EDGE_LOOP('',(#685,#686,#687,#688));
#2399=EDGE_LOOP('',(#689,#690,#691,#692));
#2400=EDGE_LOOP('',(#693,#694,#695,#696));
#2401=EDGE_LOOP('',(#697,#698,#699,#700));
#2402=EDGE_LOOP('',(#701,#702,#703,#704));
#2403=EDGE_LOOP('',(#705,#706,#707,#708));
#2404=EDGE_LOOP('',(#709,#710,#711,#712));
#2405=EDGE_LOOP('',(#713));
#2406=EDGE_LOOP('',(#714));
#2407=EDGE_LOOP('',(#715));
#2408=EDGE_LOOP('',(#716));
#2409=EDGE_LOOP('',(#717,#718,#719,#720));
#2410=EDGE_LOOP('',(#721,#722,#723,#724));
#2411=EDGE_LOOP('',(#725,#726,#727,#728));
#2412=EDGE_LOOP('',(#729,#730,#731,#732));
#2413=EDGE_LOOP('',(#733,#734,#735,#736));
#2414=EDGE_LOOP('',(#737,#738,#739,#740));
#2415=EDGE_LOOP('',(#741,#742,#743,#744));
#2416=EDGE_LOOP('',(#745,#746,#747,#748,#749,#750,#751,#752));
#2417=EDGE_LOOP('',(#753,#754,#755,#756));
#2418=EDGE_LOOP('',(#757,#758,#759,#760));
#2419=EDGE_LOOP('',(#761,#762,#763,#764));
#2420=EDGE_LOOP('',(#765,#766,#767,#768));
#2421=EDGE_LOOP('',(#769,#770,#771,#772));
#2422=EDGE_LOOP('',(#773,#774,#775,#776));
#2423=EDGE_LOOP('',(#777,#778,#779,#780));
#2424=EDGE_LOOP('',(#781,#782,#783,#784));
#2425=EDGE_LOOP('',(#785,#786,#787,#788));
#2426=EDGE_LOOP('',(#789,#790,#791,#792));
#2427=EDGE_LOOP('',(#793,#794,#795,#796));
#2428=EDGE_LOOP('',(#797,#798,#799,#800));
#2429=EDGE_LOOP('',(#801,#802,#803,#804,#805,#806));
#2430=EDGE_LOOP('',(#807,#808,#809,#810,#811,#812));
#2431=EDGE_LOOP('',(#813,#814,#815,#816));
#2432=EDGE_LOOP('',(#817,#818,#819,#820));
#2433=EDGE_LOOP('',(#821,#822,#823,#824,#825));
#2434=EDGE_LOOP('',(#826,#827,#828,#829,#830));
#2435=EDGE_LOOP('',(#831,#832,#833,#834,#835));
#2436=EDGE_LOOP('',(#836,#837,#838,#839,#840));
#2437=EDGE_LOOP('',(#841,#842,#843,#844,#845));
#2438=EDGE_LOOP('',(#846,#847,#848,#849,#850));
#2439=EDGE_LOOP('',(#851,#852,#853,#854,#855));
#2440=EDGE_LOOP('',(#856,#857,#858,#859,#860));
#2441=EDGE_LOOP('',(#861,#862,#863,#864));
#2442=EDGE_LOOP('',(#865,#866,#867,#868));
#2443=EDGE_LOOP('',(#869,#870,#871,#872));
#2444=EDGE_LOOP('',(#873,#874,#875,#876));
#2445=EDGE_LOOP('',(#877,#878,#879,#880));
#2446=EDGE_LOOP('',(#881,#882,#883,#884));
#2447=EDGE_LOOP('',(#885,#886,#887,#888));
#2448=EDGE_LOOP('',(#889,#890,#891,#892));
#2449=EDGE_LOOP('',(#893,#894,#895,#896,#897));
#2450=EDGE_LOOP('',(#898,#899,#900,#901,#902));
#2451=EDGE_LOOP('',(#903,#904,#905,#906,#907));
#2452=EDGE_LOOP('',(#908,#909,#910,#911,#912));
#2453=FACE_BOUND('',#2255,.T.);
#2454=FACE_BOUND('',#2256,.T.);
#2455=FACE_BOUND('',#2257,.T.);
#2456=FACE_BOUND('',#2258,.T.);
#2457=FACE_BOUND('',#2259,.T.);
#2458=FACE_BOUND('',#2260,.T.);
#2459=FACE_BOUND('',#2261,.T.);
#2460=FACE_BOUND('',#2262,.T.);
#2461=FACE_BOUND('',#2263,.T.);
#2462=FACE_BOUND('',#2264,.T.);
#2463=FACE_BOUND('',#2265,.T.);
#2464=FACE_BOUND('',#2266,.T.);
#2465=FACE_BOUND('',#2267,.T.);
#2466=FACE_BOUND('',#2268,.T.);
#2467=FACE_BOUND('',#2269,.T.);
#2468=FACE_BOUND('',#2270,.T.);
#2469=FACE_BOUND('',#2271,.T.);
#2470=FACE_BOUND('',#2272,.T.);
#2471=FACE_BOUND('',#2273,.T.);
#2472=FACE_BOUND('',#2274,.T.);
#2473=FACE_BOUND('',#2275,.T.);
#2474=FACE_BOUND('',#2276,.T.);
#2475=FACE_BOUND('',#2277,.T.);
#2476=FACE_BOUND('',#2278,.T.);
#2477=FACE_BOUND('',#2279,.T.);
#2478=FACE_BOUND('',#2280,.T.);
#2479=FACE_BOUND('',#2281,.T.);
#2480=FACE_BOUND('',#2282,.T.);
#2481=FACE_BOUND('',#2283,.T.);
#2482=FACE_BOUND('',#2284,.T.);
#2483=FACE_BOUND('',#2285,.T.);
#2484=FACE_BOUND('',#2286,.T.);
#2485=FACE_BOUND('',#2287,.T.);
#2486=FACE_BOUND('',#2288,.T.);
#2487=FACE_BOUND('',#2289,.T.);
#2488=FACE_BOUND('',#2290,.T.);
#2489=FACE_BOUND('',#2291,.T.);
#2490=FACE_BOUND('',#2292,.T.);
#2491=FACE_BOUND('',#2293,.T.);
#2492=FACE_BOUND('',#2294,.T.);
#2493=FACE_BOUND('',#2295,.T.);
#2494=FACE_BOUND('',#2296,.T.);
#2495=FACE_BOUND('',#2297,.T.);
#2496=FACE_BOUND('',#2298,.T.);
#2497=FACE_BOUND('',#2299,.T.);
#2498=FACE_BOUND('',#2300,.T.);
#2499=FACE_BOUND('',#2301,.T.);
#2500=FACE_BOUND('',#2302,.T.);
#2501=FACE_BOUND('',#2303,.T.);
#2502=FACE_BOUND('',#2304,.T.);
#2503=FACE_BOUND('',#2305,.T.);
#2504=FACE_BOUND('',#2306,.T.);
#2505=FACE_BOUND('',#2307,.T.);
#2506=FACE_BOUND('',#2308,.T.);
#2507=FACE_BOUND('',#2309,.T.);
#2508=FACE_BOUND('',#2310,.T.);
#2509=FACE_BOUND('',#2311,.T.);
#2510=FACE_BOUND('',#2312,.T.);
#2511=FACE_BOUND('',#2313,.T.);
#2512=FACE_BOUND('',#2314,.T.);
#2513=FACE_BOUND('',#2315,.T.);
#2514=FACE_BOUND('',#2316,.T.);
#2515=FACE_BOUND('',#2317,.T.);
#2516=FACE_BOUND('',#2318,.T.);
#2517=FACE_BOUND('',#2319,.T.);
#2518=FACE_BOUND('',#2320,.T.);
#2519=FACE_BOUND('',#2321,.T.);
#2520=FACE_BOUND('',#2322,.T.);
#2521=FACE_BOUND('',#2323,.T.);
#2522=FACE_BOUND('',#2324,.T.);
#2523=FACE_BOUND('',#2325,.T.);
#2524=FACE_BOUND('',#2326,.T.);
#2525=FACE_BOUND('',#2327,.T.);
#2526=FACE_BOUND('',#2328,.T.);
#2527=FACE_BOUND('',#2329,.T.);
#2528=FACE_BOUND('',#2330,.T.);
#2529=FACE_BOUND('',#2331,.T.);
#2530=FACE_BOUND('',#2332,.T.);
#2531=FACE_BOUND('',#2333,.T.);
#2532=FACE_BOUND('',#2334,.T.);
#2533=FACE_BOUND('',#2335,.T.);
#2534=FACE_BOUND('',#2336,.T.);
#2535=FACE_BOUND('',#2337,.T.);
#2536=FACE_BOUND('',#2338,.T.);
#2537=FACE_BOUND('',#2339,.T.);
#2538=FACE_BOUND('',#2340,.T.);
#2539=FACE_BOUND('',#2341,.T.);
#2540=FACE_BOUND('',#2342,.T.);
#2541=FACE_BOUND('',#2343,.T.);
#2542=FACE_BOUND('',#2344,.T.);
#2543=FACE_BOUND('',#2345,.T.);
#2544=FACE_BOUND('',#2346,.T.);
#2545=FACE_BOUND('',#2347,.T.);
#2546=FACE_BOUND('',#2348,.T.);
#2547=FACE_BOUND('',#2349,.T.);
#2548=FACE_BOUND('',#2350,.T.);
#2549=FACE_BOUND('',#2351,.T.);
#2550=FACE_BOUND('',#2352,.T.);
#2551=FACE_BOUND('',#2353,.T.);
#2552=FACE_BOUND('',#2354,.T.);
#2553=FACE_BOUND('',#2355,.T.);
#2554=FACE_BOUND('',#2356,.T.);
#2555=FACE_BOUND('',#2357,.T.);
#2556=FACE_BOUND('',#2358,.T.);
#2557=FACE_BOUND('',#2359,.T.);
#2558=FACE_BOUND('',#2360,.T.);
#2559=FACE_BOUND('',#2361,.T.);
#2560=FACE_BOUND('',#2362,.T.);
#2561=FACE_BOUND('',#2363,.T.);
#2562=FACE_BOUND('',#2364,.T.);
#2563=FACE_BOUND('',#2365,.T.);
#2564=FACE_BOUND('',#2366,.T.);
#2565=FACE_BOUND('',#2367,.T.);
#2566=FACE_BOUND('',#2368,.T.);
#2567=FACE_BOUND('',#2369,.T.);
#2568=FACE_BOUND('',#2370,.T.);
#2569=FACE_BOUND('',#2371,.T.);
#2570=FACE_BOUND('',#2372,.T.);
#2571=FACE_BOUND('',#2373,.T.);
#2572=FACE_BOUND('',#2374,.T.);
#2573=FACE_BOUND('',#2375,.T.);
#2574=FACE_BOUND('',#2376,.T.);
#2575=FACE_BOUND('',#2377,.T.);
#2576=FACE_BOUND('',#2378,.T.);
#2577=FACE_BOUND('',#2379,.T.);
#2578=FACE_BOUND('',#2380,.T.);
#2579=FACE_BOUND('',#2381,.T.);
#2580=FACE_BOUND('',#2382,.T.);
#2581=FACE_BOUND('',#2383,.T.);
#2582=FACE_BOUND('',#2384,.T.);
#2583=FACE_BOUND('',#2385,.T.);
#2584=FACE_BOUND('',#2386,.T.);
#2585=FACE_BOUND('',#2387,.T.);
#2586=FACE_BOUND('',#2388,.T.);
#2587=FACE_BOUND('',#2389,.T.);
#2588=FACE_BOUND('',#2390,.T.);
#2589=FACE_BOUND('',#2391,.T.);
#2590=FACE_BOUND('',#2392,.T.);
#2591=FACE_BOUND('',#2393,.T.);
#2592=FACE_BOUND('',#2394,.T.);
#2593=FACE_BOUND('',#2395,.T.);
#2594=FACE_BOUND('',#2396,.T.);
#2595=FACE_BOUND('',#2397,.T.);
#2596=FACE_BOUND('',#2398,.T.);
#2597=FACE_BOUND('',#2399,.T.);
#2598=FACE_BOUND('',#2400,.T.);
#2599=FACE_BOUND('',#2401,.T.);
#2600=FACE_BOUND('',#2402,.T.);
#2601=FACE_BOUND('',#2403,.T.);
#2602=FACE_BOUND('',#2404,.T.);
#2603=FACE_BOUND('',#2405,.T.);
#2604=FACE_BOUND('',#2406,.T.);
#2605=FACE_BOUND('',#2407,.T.);
#2606=FACE_BOUND('',#2408,.T.);
#2607=FACE_BOUND('',#2409,.T.);
#2608=FACE_BOUND('',#2410,.T.);
#2609=FACE_BOUND('',#2411,.T.);
#2610=FACE_BOUND('',#2412,.T.);
#2611=FACE_BOUND('',#2413,.T.);
#2612=FACE_BOUND('',#2414,.T.);
#2613=FACE_BOUND('',#2415,.T.);
#2614=FACE_BOUND('',#2416,.T.);
#2615=FACE_BOUND('',#2417,.T.);
#2616=FACE_BOUND('',#2418,.T.);
#2617=FACE_BOUND('',#2419,.T.);
#2618=FACE_BOUND('',#2420,.T.);
#2619=FACE_BOUND('',#2421,.T.);
#2620=FACE_BOUND('',#2422,.T.);
#2621=FACE_BOUND('',#2423,.T.);
#2622=FACE_BOUND('',#2424,.T.);
#2623=FACE_BOUND('',#2425,.T.);
#2624=FACE_BOUND('',#2426,.T.);
#2625=FACE_BOUND('',#2427,.T.);
#2626=FACE_BOUND('',#2428,.T.);
#2627=FACE_BOUND('',#2429,.T.);
#2628=FACE_BOUND('',#2430,.T.);
#2629=FACE_BOUND('',#2431,.T.);
#2630=FACE_BOUND('',#2432,.T.);
#2631=FACE_BOUND('',#2433,.T.);
#2632=FACE_BOUND('',#2434,.T.);
#2633=FACE_BOUND('',#2435,.T.);
#2634=FACE_BOUND('',#2436,.T.);
#2635=FACE_BOUND('',#2437,.T.);
#2636=FACE_BOUND('',#2438,.T.);
#2637=FACE_BOUND('',#2439,.T.);
#2638=FACE_BOUND('',#2440,.T.);
#2639=FACE_BOUND('',#2441,.T.);
#2640=FACE_BOUND('',#2442,.T.);
#2641=FACE_BOUND('',#2443,.T.);
#2642=FACE_BOUND('',#2444,.T.);
#2643=FACE_BOUND('',#2445,.T.);
#2644=FACE_BOUND('',#2446,.T.);
#2645=FACE_BOUND('',#2447,.T.);
#2646=FACE_BOUND('',#2448,.T.);
#2647=FACE_BOUND('',#2449,.T.);
#2648=FACE_BOUND('',#2450,.T.);
#2649=FACE_BOUND('',#2451,.T.);
#2650=FACE_BOUND('',#2452,.T.);
#2651=PLANE('',#2913);
#2652=PLANE('',#2933);
#2653=PLANE('',#2934);
#2654=PLANE('',#2937);
#2655=PLANE('',#2938);
#2656=PLANE('',#2941);
#2657=PLANE('',#2944);
#2658=PLANE('',#2947);
#2659=PLANE('',#2950);
#2660=PLANE('',#2953);
#2661=PLANE('',#2954);
#2662=PLANE('',#2955);
#2663=PLANE('',#2956);
#2664=PLANE('',#2957);
#2665=PLANE('',#2958);
#2666=PLANE('',#2959);
#2667=PLANE('',#2960);
#2668=PLANE('',#2961);
#2669=PLANE('',#2962);
#2670=PLANE('',#2963);
#2671=PLANE('',#2964);
#2672=PLANE('',#2965);
#2673=PLANE('',#2966);
#2674=PLANE('',#2967);
#2675=PLANE('',#2968);
#2676=PLANE('',#2969);
#2677=PLANE('',#2970);
#2678=PLANE('',#2971);
#2679=PLANE('',#2972);
#2680=PLANE('',#2973);
#2681=PLANE('',#2974);
#2682=PLANE('',#2975);
#2683=PLANE('',#2976);
#2684=PLANE('',#2977);
#2685=PLANE('',#2978);
#2686=PLANE('',#2979);
#2687=PLANE('',#2980);
#2688=PLANE('',#2981);
#2689=PLANE('',#2982);
#2690=PLANE('',#2983);
#2691=PLANE('',#2984);
#2692=PLANE('',#2985);
#2693=PLANE('',#2986);
#2694=PLANE('',#2987);
#2695=PLANE('',#2988);
#2696=PLANE('',#2989);
#2697=PLANE('',#2990);
#2698=PLANE('',#2991);
#2699=PLANE('',#2992);
#2700=PLANE('',#2993);
#2701=PLANE('',#2994);
#2702=PLANE('',#2995);
#2703=PLANE('',#2996);
#2704=PLANE('',#2997);
#2705=PLANE('',#2998);
#2706=PLANE('',#2999);
#2707=PLANE('',#3000);
#2708=PLANE('',#3001);
#2709=PLANE('',#3002);
#2710=PLANE('',#3003);
#2711=PLANE('',#3004);
#2712=PLANE('',#3005);
#2713=PLANE('',#3006);
#2714=PLANE('',#3007);
#2715=PLANE('',#3008);
#2716=PLANE('',#3009);
#2717=PLANE('',#3010);
#2718=PLANE('',#3011);
#2719=PLANE('',#3012);
#2720=PLANE('',#3013);
#2721=PLANE('',#3014);
#2722=PLANE('',#3015);
#2723=PLANE('',#3016);
#2724=PLANE('',#3017);
#2725=PLANE('',#3018);
#2726=PLANE('',#3019);
#2727=PLANE('',#3020);
#2728=PLANE('',#3021);
#2729=PLANE('',#3022);
#2730=PLANE('',#3023);
#2731=PLANE('',#3024);
#2732=PLANE('',#3025);
#2733=PLANE('',#3026);
#2734=PLANE('',#3027);
#2735=PLANE('',#3028);
#2736=PLANE('',#3037);
#2737=PLANE('',#3038);
#2738=PLANE('',#3039);
#2739=PLANE('',#3040);
#2740=PLANE('',#3041);
#2741=PLANE('',#3042);
#2742=PLANE('',#3043);
#2743=PLANE('',#3044);
#2744=PLANE('',#3045);
#2745=PLANE('',#3046);
#2746=PLANE('',#3047);
#2747=PLANE('',#3048);
#2748=PLANE('',#3049);
#2749=PLANE('',#3050);
#2750=PLANE('',#3051);
#2751=PLANE('',#3052);
#2752=PLANE('',#3071);
#2753=PLANE('',#3072);
#2754=PLANE('',#3073);
#2755=PLANE('',#3074);
#2756=PLANE('',#3075);
#2757=PLANE('',#3078);
#2758=PLANE('',#3081);
#2759=PLANE('',#3082);
#2760=ADVANCED_FACE('',(#2453,#2454,#2455,#2456,#2457,#2458,#2459,#2460,
#2461,#2462,#2463,#2464,#2465,#2466,#2467,#2468,#2469,#2470,#2471,#2472,
#2473,#2474,#2475,#2476,#2477,#2478,#2479,#2480),#2651,.T.);
#2761=ADVANCED_FACE('',(#2481),#2652,.F.);
#2762=ADVANCED_FACE('',(#2482),#2653,.F.);
#2763=ADVANCED_FACE('',(#2483),#2654,.F.);
#2764=ADVANCED_FACE('',(#2484),#2655,.T.);
#2765=ADVANCED_FACE('',(#2485),#2656,.F.);
#2766=ADVANCED_FACE('',(#2486),#2657,.F.);
#2767=ADVANCED_FACE('',(#2487),#2658,.F.);
#2768=ADVANCED_FACE('',(#2488),#2659,.F.);
#2769=ADVANCED_FACE('',(#2489),#2660,.F.);
#2770=ADVANCED_FACE('',(#2490),#2661,.F.);
#2771=ADVANCED_FACE('',(#2491),#2662,.F.);
#2772=ADVANCED_FACE('',(#2492),#2663,.F.);
#2773=ADVANCED_FACE('',(#2493),#2664,.F.);
#2774=ADVANCED_FACE('',(#2494),#2665,.F.);
#2775=ADVANCED_FACE('',(#2495),#2666,.F.);
#2776=ADVANCED_FACE('',(#2496),#2667,.F.);
#2777=ADVANCED_FACE('',(#2497),#2668,.F.);
#2778=ADVANCED_FACE('',(#2498),#2669,.F.);
#2779=ADVANCED_FACE('',(#2499),#2670,.F.);
#2780=ADVANCED_FACE('',(#2500),#2671,.F.);
#2781=ADVANCED_FACE('',(#2501),#2672,.F.);
#2782=ADVANCED_FACE('',(#2502),#2673,.F.);
#2783=ADVANCED_FACE('',(#2503),#2674,.F.);
#2784=ADVANCED_FACE('',(#2504),#2675,.F.);
#2785=ADVANCED_FACE('',(#2505),#2676,.F.);
#2786=ADVANCED_FACE('',(#2506),#2677,.F.);
#2787=ADVANCED_FACE('',(#2507),#2678,.T.);
#2788=ADVANCED_FACE('',(#2508),#2679,.F.);
#2789=ADVANCED_FACE('',(#2509),#2680,.F.);
#2790=ADVANCED_FACE('',(#2510),#2681,.T.);
#2791=ADVANCED_FACE('',(#2511),#2682,.T.);
#2792=ADVANCED_FACE('',(#2512),#2683,.T.);
#2793=ADVANCED_FACE('',(#2513),#2684,.T.);
#2794=ADVANCED_FACE('',(#2514),#2685,.T.);
#2795=ADVANCED_FACE('',(#2515),#2686,.T.);
#2796=ADVANCED_FACE('',(#2516),#2687,.T.);
#2797=ADVANCED_FACE('',(#2517),#2688,.T.);
#2798=ADVANCED_FACE('',(#2518),#2689,.T.);
#2799=ADVANCED_FACE('',(#2519),#2690,.T.);
#2800=ADVANCED_FACE('',(#2520),#2691,.T.);
#2801=ADVANCED_FACE('',(#2521),#2692,.T.);
#2802=ADVANCED_FACE('',(#2522),#2693,.T.);
#2803=ADVANCED_FACE('',(#2523),#2694,.T.);
#2804=ADVANCED_FACE('',(#2524),#2695,.T.);
#2805=ADVANCED_FACE('',(#2525),#2696,.T.);
#2806=ADVANCED_FACE('',(#2526),#2697,.T.);
#2807=ADVANCED_FACE('',(#2527),#2698,.T.);
#2808=ADVANCED_FACE('',(#2528),#2699,.T.);
#2809=ADVANCED_FACE('',(#2529),#2700,.T.);
#2810=ADVANCED_FACE('',(#2530),#2701,.T.);
#2811=ADVANCED_FACE('',(#2531),#2702,.T.);
#2812=ADVANCED_FACE('',(#2532),#2703,.T.);
#2813=ADVANCED_FACE('',(#2533),#2704,.T.);
#2814=ADVANCED_FACE('',(#2534),#2705,.T.);
#2815=ADVANCED_FACE('',(#2535),#2706,.F.);
#2816=ADVANCED_FACE('',(#2536),#2707,.T.);
#2817=ADVANCED_FACE('',(#2537),#2708,.T.);
#2818=ADVANCED_FACE('',(#2538),#2709,.T.);
#2819=ADVANCED_FACE('',(#2539),#2710,.T.);
#2820=ADVANCED_FACE('',(#2540),#2711,.T.);
#2821=ADVANCED_FACE('',(#2541),#2712,.T.);
#2822=ADVANCED_FACE('',(#2542),#2713,.T.);
#2823=ADVANCED_FACE('',(#2543),#2714,.T.);
#2824=ADVANCED_FACE('',(#2544),#2715,.T.);
#2825=ADVANCED_FACE('',(#2545),#2716,.T.);
#2826=ADVANCED_FACE('',(#2546),#2717,.T.);
#2827=ADVANCED_FACE('',(#2547),#2718,.T.);
#2828=ADVANCED_FACE('',(#2548),#2719,.T.);
#2829=ADVANCED_FACE('',(#2549),#2720,.T.);
#2830=ADVANCED_FACE('',(#2550),#2721,.T.);
#2831=ADVANCED_FACE('',(#2551),#2722,.T.);
#2832=ADVANCED_FACE('',(#2552),#2723,.T.);
#2833=ADVANCED_FACE('',(#2553),#2724,.T.);
#2834=ADVANCED_FACE('',(#2554),#2725,.F.);
#2835=ADVANCED_FACE('',(#2555),#2726,.T.);
#2836=ADVANCED_FACE('',(#2556),#2727,.T.);
#2837=ADVANCED_FACE('',(#2557),#2728,.T.);
#2838=ADVANCED_FACE('',(#2558),#2729,.F.);
#2839=ADVANCED_FACE('',(#2559),#2730,.F.);
#2840=ADVANCED_FACE('',(#2560),#2731,.F.);
#2841=ADVANCED_FACE('',(#2561),#2732,.F.);
#2842=ADVANCED_FACE('',(#2562),#2733,.F.);
#2843=ADVANCED_FACE('',(#2563),#2734,.F.);
#2844=ADVANCED_FACE('',(#2564),#2735,.T.);
#2845=ADVANCED_FACE('',(#2565,#2566),#20,.F.);
#2846=ADVANCED_FACE('',(#2567,#2568),#21,.F.);
#2847=ADVANCED_FACE('',(#2569,#2570),#22,.F.);
#2848=ADVANCED_FACE('',(#2571,#2572),#23,.F.);
#2849=ADVANCED_FACE('',(#2573),#2736,.T.);
#2850=ADVANCED_FACE('',(#2574),#2737,.T.);
#2851=ADVANCED_FACE('',(#2575),#2738,.T.);
#2852=ADVANCED_FACE('',(#2576),#2739,.T.);
#2853=ADVANCED_FACE('',(#2577),#2740,.T.);
#2854=ADVANCED_FACE('',(#2578),#2741,.T.);
#2855=ADVANCED_FACE('',(#2579),#2742,.T.);
#2856=ADVANCED_FACE('',(#2580),#2743,.T.);
#2857=ADVANCED_FACE('',(#2581),#2744,.T.);
#2858=ADVANCED_FACE('',(#2582),#2745,.T.);
#2859=ADVANCED_FACE('',(#2583),#2746,.T.);
#2860=ADVANCED_FACE('',(#2584),#2747,.T.);
#2861=ADVANCED_FACE('',(#2585),#2748,.T.);
#2862=ADVANCED_FACE('',(#2586),#2749,.T.);
#2863=ADVANCED_FACE('',(#2587),#2750,.T.);
#2864=ADVANCED_FACE('',(#2588,#2589,#2590,#2591,#2592,#2593,#2594,#2595,
#2596,#2597,#2598,#2599,#2600,#2601,#2602,#2603,#2604,#2605,#2606,#2607,
#2608,#2609,#2610,#2611,#2612,#2613,#2614,#2615),#2751,.F.);
#2865=ADVANCED_FACE('',(#2616),#24,.T.);
#2866=ADVANCED_FACE('',(#2617),#25,.T.);
#2867=ADVANCED_FACE('',(#2618),#26,.T.);
#2868=ADVANCED_FACE('',(#2619),#27,.T.);
#2869=ADVANCED_FACE('',(#2620),#28,.T.);
#2870=ADVANCED_FACE('',(#2621),#29,.T.);
#2871=ADVANCED_FACE('',(#2622),#30,.T.);
#2872=ADVANCED_FACE('',(#2623),#2752,.T.);
#2873=ADVANCED_FACE('',(#2624),#2753,.F.);
#2874=ADVANCED_FACE('',(#2625),#2754,.F.);
#2875=ADVANCED_FACE('',(#2626),#2755,.T.);
#2876=ADVANCED_FACE('',(#2627),#2756,.T.);
#2877=ADVANCED_FACE('',(#2628),#2757,.F.);
#2878=ADVANCED_FACE('',(#2629),#2758,.T.);
#2879=ADVANCED_FACE('',(#2630),#2759,.T.);
#2880=ADVANCED_FACE('',(#2631),#31,.F.);
#2881=ADVANCED_FACE('',(#2632),#32,.F.);
#2882=ADVANCED_FACE('',(#2633),#33,.F.);
#2883=ADVANCED_FACE('',(#2634),#34,.F.);
#2884=ADVANCED_FACE('',(#2635),#35,.F.);
#2885=ADVANCED_FACE('',(#2636),#36,.F.);
#2886=ADVANCED_FACE('',(#2637),#37,.F.);
#2887=ADVANCED_FACE('',(#2638),#38,.F.);
#2888=ADVANCED_FACE('',(#2639),#12,.T.);
#2889=ADVANCED_FACE('',(#2640),#39,.T.);
#2890=ADVANCED_FACE('',(#2641),#40,.T.);
#2891=ADVANCED_FACE('',(#2642),#13,.T.);
#2892=ADVANCED_FACE('',(#2643),#14,.T.);
#2893=ADVANCED_FACE('',(#2644),#41,.T.);
#2894=ADVANCED_FACE('',(#2645),#42,.T.);
#2895=ADVANCED_FACE('',(#2646),#15,.T.);
#2896=ADVANCED_FACE('',(#2647),#43,.F.);
#2897=ADVANCED_FACE('',(#2648),#44,.F.);
#2898=ADVANCED_FACE('',(#2649),#45,.F.);
#2899=ADVANCED_FACE('',(#2650),#46,.F.);
#2900=CLOSED_SHELL('',(#2760,#2761,#2762,#2763,#2764,#2765,#2766,#2767,
#2768,#2769,#2770,#2771,#2772,#2773,#2774,#2775,#2776,#2777,#2778,#2779,
#2780,#2781,#2782,#2783,#2784,#2785,#2786,#2787,#2788,#2789,#2790,#2791,
#2792,#2793,#2794,#2795,#2796,#2797,#2798,#2799,#2800,#2801,#2802,#2803,
#2804,#2805,#2806,#2807,#2808,#2809,#2810,#2811,#2812,#2813,#2814,#2815,
#2816,#2817,#2818,#2819,#2820,#2821,#2822,#2823,#2824,#2825,#2826,#2827,
#2828,#2829,#2830,#2831,#2832,#2833,#2834,#2835,#2836,#2837,#2838,#2839,
#2840,#2841,#2842,#2843,#2844,#2845,#2846,#2847,#2848,#2849,#2850,#2851,
#2852,#2853,#2854,#2855,#2856,#2857,#2858,#2859,#2860,#2861,#2862,#2863,
#2864,#2865,#2866,#2867,#2868,#2869,#2870,#2871,#2872,#2873,#2874,#2875,
#2876,#2877,#2878,#2879,#2880,#2881,#2882,#2883,#2884,#2885,#2886,#2887,
#2888,#2889,#2890,#2891,#2892,#2893,#2894,#2895,#2896,#2897,#2898,#2899));
#2901=STYLED_ITEM('',(#2902),#2909);
#2902=PRESENTATION_STYLE_ASSIGNMENT((#2903));
#2903=SURFACE_STYLE_USAGE(.BOTH.,#2904);
#2904=SURFACE_SIDE_STYLE('',(#2905));
#2905=SURFACE_STYLE_FILL_AREA(#2906);
#2906=FILL_AREA_STYLE('',(#2907));
#2907=FILL_AREA_STYLE_COLOUR('',#2908);
#2908=COLOUR_RGB('',0.901960784313726,0.901960784313726,0.901960784313726);
#2909=MANIFOLD_SOLID_BREP('Part 1',#2900);
#2910=SHAPE_DEFINITION_REPRESENTATION(#4718,#2911);
#2911=SHAPE_REPRESENTATION('Part 1',(#2912),#4713);
#2912=AXIS2_PLACEMENT_3D('',#3845,#3111,#3112);
#2913=AXIS2_PLACEMENT_3D('',#3846,#3113,#3114);
#2914=AXIS2_PLACEMENT_3D('',#3850,#3116,#3117);
#2915=AXIS2_PLACEMENT_3D('',#3854,#3119,#3120);
#2916=AXIS2_PLACEMENT_3D('',#3858,#3122,#3123);
#2917=AXIS2_PLACEMENT_3D('',#3862,#3125,#3126);
#2918=AXIS2_PLACEMENT_3D('',#3866,#3128,#3129);
#2919=AXIS2_PLACEMENT_3D('',#3870,#3131,#3132);
#2920=AXIS2_PLACEMENT_3D('',#3874,#3134,#3135);
#2921=AXIS2_PLACEMENT_3D('',#3878,#3137,#3138);
#2922=AXIS2_PLACEMENT_3D('',#3882,#3140,#3141);
#2923=AXIS2_PLACEMENT_3D('',#3886,#3143,#3144);
#2924=AXIS2_PLACEMENT_3D('',#3890,#3146,#3147);
#2925=AXIS2_PLACEMENT_3D('',#3894,#3149,#3150);
#2926=AXIS2_PLACEMENT_3D('',#3898,#3152,#3153);
#2927=AXIS2_PLACEMENT_3D('',#3902,#3155,#3156);
#2928=AXIS2_PLACEMENT_3D('',#3906,#3158,#3159);
#2929=AXIS2_PLACEMENT_3D('',#4019,#3216,#3217);
#2930=AXIS2_PLACEMENT_3D('',#4021,#3218,#3219);
#2931=AXIS2_PLACEMENT_3D('',#4023,#3220,#3221);
#2932=AXIS2_PLACEMENT_3D('',#4025,#3222,#3223);
#2933=AXIS2_PLACEMENT_3D('',#4083,#3252,#3253);
#2934=AXIS2_PLACEMENT_3D('',#4092,#3258,#3259);
#2935=AXIS2_PLACEMENT_3D('',#4093,#3260,#3261);
#2936=AXIS2_PLACEMENT_3D('',#4102,#3265,#3266);
#2937=AXIS2_PLACEMENT_3D('',#4105,#3268,#3269);
#2938=AXIS2_PLACEMENT_3D('',#4114,#3274,#3275);
#2939=AXIS2_PLACEMENT_3D('',#4115,#3276,#3277);
#2940=AXIS2_PLACEMENT_3D('',#4124,#3281,#3282);
#2941=AXIS2_PLACEMENT_3D('',#4127,#3284,#3285);
#2942=AXIS2_PLACEMENT_3D('',#4131,#3287,#3288);
#2943=AXIS2_PLACEMENT_3D('',#4139,#3292,#3293);
#2944=AXIS2_PLACEMENT_3D('',#4140,#3294,#3295);
#2945=AXIS2_PLACEMENT_3D('',#4144,#3297,#3298);
#2946=AXIS2_PLACEMENT_3D('',#4149,#3301,#3302);
#2947=AXIS2_PLACEMENT_3D('',#4150,#3303,#3304);
#2948=AXIS2_PLACEMENT_3D('',#4154,#3306,#3307);
#2949=AXIS2_PLACEMENT_3D('',#4159,#3310,#3311);
#2950=AXIS2_PLACEMENT_3D('',#4160,#3312,#3313);
#2951=AXIS2_PLACEMENT_3D('',#4164,#3315,#3316);
#2952=AXIS2_PLACEMENT_3D('',#4166,#3318,#3319);
#2953=AXIS2_PLACEMENT_3D('',#4167,#3320,#3321);
#2954=AXIS2_PLACEMENT_3D('',#4173,#3325,#3326);
#2955=AXIS2_PLACEMENT_3D('',#4177,#3329,#3330);
#2956=AXIS2_PLACEMENT_3D('',#4181,#3333,#3334);
#2957=AXIS2_PLACEMENT_3D('',#4187,#3338,#3339);
#2958=AXIS2_PLACEMENT_3D('',#4191,#3342,#3343);
#2959=AXIS2_PLACEMENT_3D('',#4195,#3346,#3347);
#2960=AXIS2_PLACEMENT_3D('',#4201,#3351,#3352);
#2961=AXIS2_PLACEMENT_3D('',#4205,#3355,#3356);
#2962=AXIS2_PLACEMENT_3D('',#4209,#3359,#3360);
#2963=AXIS2_PLACEMENT_3D('',#4215,#3364,#3365);
#2964=AXIS2_PLACEMENT_3D('',#4219,#3368,#3369);
#2965=AXIS2_PLACEMENT_3D('',#4223,#3372,#3373);
#2966=AXIS2_PLACEMENT_3D('',#4229,#3377,#3378);
#2967=AXIS2_PLACEMENT_3D('',#4233,#3381,#3382);
#2968=AXIS2_PLACEMENT_3D('',#4237,#3385,#3386);
#2969=AXIS2_PLACEMENT_3D('',#4243,#3390,#3391);
#2970=AXIS2_PLACEMENT_3D('',#4247,#3394,#3395);
#2971=AXIS2_PLACEMENT_3D('',#4251,#3398,#3399);
#2972=AXIS2_PLACEMENT_3D('',#4257,#3403,#3404);
#2973=AXIS2_PLACEMENT_3D('',#4261,#3407,#3408);
#2974=AXIS2_PLACEMENT_3D('',#4265,#3411,#3412);
#2975=AXIS2_PLACEMENT_3D('',#4271,#3416,#3417);
#2976=AXIS2_PLACEMENT_3D('',#4275,#3420,#3421);
#2977=AXIS2_PLACEMENT_3D('',#4279,#3424,#3425);
#2978=AXIS2_PLACEMENT_3D('',#4285,#3429,#3430);
#2979=AXIS2_PLACEMENT_3D('',#4289,#3433,#3434);
#2980=AXIS2_PLACEMENT_3D('',#4293,#3437,#3438);
#2981=AXIS2_PLACEMENT_3D('',#4299,#3442,#3443);
#2982=AXIS2_PLACEMENT_3D('',#4303,#3446,#3447);
#2983=AXIS2_PLACEMENT_3D('',#4307,#3450,#3451);
#2984=AXIS2_PLACEMENT_3D('',#4313,#3455,#3456);
#2985=AXIS2_PLACEMENT_3D('',#4317,#3459,#3460);
#2986=AXIS2_PLACEMENT_3D('',#4321,#3463,#3464);
#2987=AXIS2_PLACEMENT_3D('',#4327,#3468,#3469);
#2988=AXIS2_PLACEMENT_3D('',#4331,#3472,#3473);
#2989=AXIS2_PLACEMENT_3D('',#4335,#3476,#3477);
#2990=AXIS2_PLACEMENT_3D('',#4341,#3481,#3482);
#2991=AXIS2_PLACEMENT_3D('',#4345,#3485,#3486);
#2992=AXIS2_PLACEMENT_3D('',#4349,#3489,#3490);
#2993=AXIS2_PLACEMENT_3D('',#4355,#3494,#3495);
#2994=AXIS2_PLACEMENT_3D('',#4359,#3498,#3499);
#2995=AXIS2_PLACEMENT_3D('',#4363,#3502,#3503);
#2996=AXIS2_PLACEMENT_3D('',#4369,#3507,#3508);
#2997=AXIS2_PLACEMENT_3D('',#4373,#3511,#3512);
#2998=AXIS2_PLACEMENT_3D('',#4377,#3515,#3516);
#2999=AXIS2_PLACEMENT_3D('',#4383,#3520,#3521);
#3000=AXIS2_PLACEMENT_3D('',#4387,#3524,#3525);
#3001=AXIS2_PLACEMENT_3D('',#4391,#3528,#3529);
#3002=AXIS2_PLACEMENT_3D('',#4397,#3533,#3534);
#3003=AXIS2_PLACEMENT_3D('',#4401,#3537,#3538);
#3004=AXIS2_PLACEMENT_3D('',#4405,#3541,#3542);
#3005=AXIS2_PLACEMENT_3D('',#4411,#3546,#3547);
#3006=AXIS2_PLACEMENT_3D('',#4415,#3550,#3551);
#3007=AXIS2_PLACEMENT_3D('',#4419,#3554,#3555);
#3008=AXIS2_PLACEMENT_3D('',#4425,#3559,#3560);
#3009=AXIS2_PLACEMENT_3D('',#4429,#3563,#3564);
#3010=AXIS2_PLACEMENT_3D('',#4433,#3567,#3568);
#3011=AXIS2_PLACEMENT_3D('',#4439,#3572,#3573);
#3012=AXIS2_PLACEMENT_3D('',#4443,#3576,#3577);
#3013=AXIS2_PLACEMENT_3D('',#4447,#3580,#3581);
#3014=AXIS2_PLACEMENT_3D('',#4453,#3585,#3586);
#3015=AXIS2_PLACEMENT_3D('',#4457,#3589,#3590);
#3016=AXIS2_PLACEMENT_3D('',#4461,#3593,#3594);
#3017=AXIS2_PLACEMENT_3D('',#4467,#3598,#3599);
#3018=AXIS2_PLACEMENT_3D('',#4473,#3603,#3604);
#3019=AXIS2_PLACEMENT_3D('',#4479,#3608,#3609);
#3020=AXIS2_PLACEMENT_3D('',#4485,#3613,#3614);
#3021=AXIS2_PLACEMENT_3D('',#4491,#3618,#3619);
#3022=AXIS2_PLACEMENT_3D('',#4497,#3623,#3624);
#3023=AXIS2_PLACEMENT_3D('',#4499,#3626,#3627);
#3024=AXIS2_PLACEMENT_3D('',#4501,#3629,#3630);
#3025=AXIS2_PLACEMENT_3D('',#4503,#3632,#3633);
#3026=AXIS2_PLACEMENT_3D('',#4505,#3635,#3636);
#3027=AXIS2_PLACEMENT_3D('',#4507,#3638,#3639);
#3028=AXIS2_PLACEMENT_3D('',#4509,#3641,#3642);
#3029=AXIS2_PLACEMENT_3D('',#4511,#3644,#3645);
#3030=AXIS2_PLACEMENT_3D('',#4512,#3646,#3647);
#3031=AXIS2_PLACEMENT_3D('',#4514,#3648,#3649);
#3032=AXIS2_PLACEMENT_3D('',#4515,#3650,#3651);
#3033=AXIS2_PLACEMENT_3D('',#4517,#3652,#3653);
#3034=AXIS2_PLACEMENT_3D('',#4518,#3654,#3655);
#3035=AXIS2_PLACEMENT_3D('',#4520,#3656,#3657);
#3036=AXIS2_PLACEMENT_3D('',#4521,#3658,#3659);
#3037=AXIS2_PLACEMENT_3D('',#4523,#3660,#3661);
#3038=AXIS2_PLACEMENT_3D('',#4525,#3663,#3664);
#3039=AXIS2_PLACEMENT_3D('',#4527,#3666,#3667);
#3040=AXIS2_PLACEMENT_3D('',#4529,#3669,#3670);
#3041=AXIS2_PLACEMENT_3D('',#4531,#3672,#3673);
#3042=AXIS2_PLACEMENT_3D('',#4533,#3675,#3676);
#3043=AXIS2_PLACEMENT_3D('',#4535,#3678,#3679);
#3044=AXIS2_PLACEMENT_3D('',#4537,#3681,#3682);
#3045=AXIS2_PLACEMENT_3D('',#4539,#3684,#3685);
#3046=AXIS2_PLACEMENT_3D('',#4541,#3687,#3688);
#3047=AXIS2_PLACEMENT_3D('',#4543,#3690,#3691);
#3048=AXIS2_PLACEMENT_3D('',#4545,#3693,#3694);
#3049=AXIS2_PLACEMENT_3D('',#4547,#3696,#3697);
#3050=AXIS2_PLACEMENT_3D('',#4549,#3699,#3700);
#3051=AXIS2_PLACEMENT_3D('',#4551,#3702,#3703);
#3052=AXIS2_PLACEMENT_3D('',#4557,#3707,#3708);
#3053=AXIS2_PLACEMENT_3D('',#4558,#3709,#3710);
#3054=AXIS2_PLACEMENT_3D('',#4559,#3711,#3712);
#3055=AXIS2_PLACEMENT_3D('',#4560,#3713,#3714);
#3056=AXIS2_PLACEMENT_3D('',#4561,#3715,#3716);
#3057=AXIS2_PLACEMENT_3D('',#4562,#3717,#3718);
#3058=AXIS2_PLACEMENT_3D('',#4563,#3719,#3720);
#3059=AXIS2_PLACEMENT_3D('',#4564,#3721,#3722);
#3060=AXIS2_PLACEMENT_3D('',#4565,#3723,#3724);
#3061=AXIS2_PLACEMENT_3D('',#4566,#3725,#3726);
#3062=AXIS2_PLACEMENT_3D('',#4567,#3727,#3728);
#3063=AXIS2_PLACEMENT_3D('',#4568,#3729,#3730);
#3064=AXIS2_PLACEMENT_3D('',#4569,#3731,#3732);
#3065=AXIS2_PLACEMENT_3D('',#4570,#3733,#3734);
#3066=AXIS2_PLACEMENT_3D('',#4571,#3735,#3736);
#3067=AXIS2_PLACEMENT_3D('',#4572,#3737,#3738);
#3068=AXIS2_PLACEMENT_3D('',#4573,#3739,#3740);
#3069=AXIS2_PLACEMENT_3D('',#4574,#3741,#3742);
#3070=AXIS2_PLACEMENT_3D('',#4575,#3743,#3744);
#3071=AXIS2_PLACEMENT_3D('',#4576,#3745,#3746);
#3072=AXIS2_PLACEMENT_3D('',#4579,#3749,#3750);
#3073=AXIS2_PLACEMENT_3D('',#4582,#3753,#3754);
#3074=AXIS2_PLACEMENT_3D('',#4585,#3757,#3758);
#3075=AXIS2_PLACEMENT_3D('',#4588,#3761,#3762);
#3076=AXIS2_PLACEMENT_3D('',#4596,#3766,#3767);
#3077=AXIS2_PLACEMENT_3D('',#4597,#3768,#3769);
#3078=AXIS2_PLACEMENT_3D('',#4598,#3770,#3771);
#3079=AXIS2_PLACEMENT_3D('',#4606,#3775,#3776);
#3080=AXIS2_PLACEMENT_3D('',#4607,#3777,#3778);
#3081=AXIS2_PLACEMENT_3D('',#4608,#3779,#3780);
#3082=AXIS2_PLACEMENT_3D('',#4614,#3784,#3785);
#3083=AXIS2_PLACEMENT_3D('',#4620,#3789,#3790);
#3084=AXIS2_PLACEMENT_3D('',#4621,#3791,#3792);
#3085=AXIS2_PLACEMENT_3D('',#4626,#3793,#3794);
#3086=AXIS2_PLACEMENT_3D('',#4627,#3795,#3796);
#3087=AXIS2_PLACEMENT_3D('',#4632,#3797,#3798);
#3088=AXIS2_PLACEMENT_3D('',#4633,#3799,#3800);
#3089=AXIS2_PLACEMENT_3D('',#4638,#3801,#3802);
#3090=AXIS2_PLACEMENT_3D('',#4639,#3803,#3804);
#3091=AXIS2_PLACEMENT_3D('',#4644,#3805,#3806);
#3092=AXIS2_PLACEMENT_3D('',#4645,#3807,#3808);
#3093=AXIS2_PLACEMENT_3D('',#4646,#3809,#3810);
#3094=AXIS2_PLACEMENT_3D('',#4647,#3811,#3812);
#3095=AXIS2_PLACEMENT_3D('',#4660,#3813,#3814);
#3096=AXIS2_PLACEMENT_3D('',#4661,#3815,#3816);
#3097=AXIS2_PLACEMENT_3D('',#4662,#3817,#3818);
#3098=AXIS2_PLACEMENT_3D('',#4663,#3819,#3820);
#3099=AXIS2_PLACEMENT_3D('',#4664,#3821,#3822);
#3100=AXIS2_PLACEMENT_3D('',#4665,#3823,#3824);
#3101=AXIS2_PLACEMENT_3D('',#4678,#3825,#3826);
#3102=AXIS2_PLACEMENT_3D('',#4691,#3827,#3828);
#3103=AXIS2_PLACEMENT_3D('',#4692,#3829,#3830);
#3104=AXIS2_PLACEMENT_3D('',#4693,#3831,#3832);
#3105=AXIS2_PLACEMENT_3D('',#4694,#3833,#3834);
#3106=AXIS2_PLACEMENT_3D('',#4695,#3835,#3836);
#3107=AXIS2_PLACEMENT_3D('',#4708,#3837,#3838);
#3108=AXIS2_PLACEMENT_3D('',#4709,#3839,#3840);
#3109=AXIS2_PLACEMENT_3D('',#4710,#3841,#3842);
#3110=AXIS2_PLACEMENT_3D('',#4711,#3843,#3844);
#3111=DIRECTION('',(0.,0.,1.));
#3112=DIRECTION('',(1.,0.,0.));
#3113=DIRECTION('',(0.,0.,1.));
#3114=DIRECTION('',(1.,0.,0.));
#3115=DIRECTION('',(1.,1.15648231731787E-15,0.));
#3116=DIRECTION('',(0.,0.,1.));
#3117=DIRECTION('',(-0.707106781186546,-0.707106781186549,0.));
#3118=DIRECTION('',(1.01166945462008E-15,-1.,0.));
#3119=DIRECTION('',(0.,0.,1.));
#3120=DIRECTION('',(0.707106781186548,-0.707106781186547,0.));
#3121=DIRECTION('',(-1.,-8.57024458169109E-16,0.));
#3122=DIRECTION('',(0.,0.,1.));
#3123=DIRECTION('',(-0.707106781186547,-0.707106781186548,0.));
#3124=DIRECTION('',(-6.74446303080056E-16,1.,0.));
#3125=DIRECTION('',(0.,0.,1.));
#3126=DIRECTION('',(0.707106781186548,-0.707106781186547,0.));
#3127=DIRECTION('',(-1.,0.,0.));
#3128=DIRECTION('',(0.,0.,1.));
#3129=DIRECTION('',(-0.707106781186548,-0.707106781186548,0.));
#3130=DIRECTION('',(0.,1.,0.));
#3131=DIRECTION('',(0.,0.,1.));
#3132=DIRECTION('',(-0.707106781186548,0.707106781186548,0.));
#3133=DIRECTION('',(-1.,0.,0.));
#3134=DIRECTION('',(0.,0.,1.));
#3135=DIRECTION('',(0.707106781186548,0.707106781186548,0.));
#3136=DIRECTION('',(0.,1.,0.));
#3137=DIRECTION('',(0.,0.,1.));
#3138=DIRECTION('',(0.707106781186548,-0.707106781186548,0.));
#3139=DIRECTION('',(0.993813753731596,-0.111059546613138,0.));
#3140=DIRECTION('',(0.,0.,1.));
#3141=DIRECTION('',(1.,0.,0.));
#3142=DIRECTION('',(0.993644644279914,0.112562519933783,0.));
#3143=DIRECTION('',(0.,0.,1.));
#3144=DIRECTION('',(1.,0.,0.));
#3145=DIRECTION('',(0.,1.,0.));
#3146=DIRECTION('',(0.,0.,1.));
#3147=DIRECTION('',(1.,0.,0.));
#3148=DIRECTION('',(0.707106704743896,-0.707106857629191,0.));
#3149=DIRECTION('',(0.,0.,1.));
#3150=DIRECTION('',(1.,0.,0.));
#3151=DIRECTION('',(-1.,0.,0.));
#3152=DIRECTION('',(0.,0.,1.));
#3153=DIRECTION('',(1.,0.,0.));
#3154=DIRECTION('',(-0.534942747833795,-0.844888310097867,0.));
#3155=DIRECTION('',(0.,0.,1.));
#3156=DIRECTION('',(1.,0.,0.));
#3157=DIRECTION('',(0.00880755948438649,-0.999961212695737,0.));
#3158=DIRECTION('',(0.,0.,1.));
#3159=DIRECTION('',(1.,0.,0.));
#3160=DIRECTION('',(0.,1.,0.));
#3161=DIRECTION('',(1.,-2.22400445638052E-16,0.));
#3162=DIRECTION('',(-2.22400445638052E-16,-1.,0.));
#3163=DIRECTION('',(-1.,2.22400445638052E-16,0.));
#3164=DIRECTION('',(1.,0.,0.));
#3165=DIRECTION('',(-2.22400445638052E-16,-1.,0.));
#3166=DIRECTION('',(-1.,2.22400445638052E-16,0.));
#3167=DIRECTION('',(2.22400445638052E-16,1.,0.));
#3168=DIRECTION('',(1.,0.,0.));
#3169=DIRECTION('',(-2.22400445638052E-16,-1.,0.));
#3170=DIRECTION('',(-1.,1.11200222819026E-16,0.));
#3171=DIRECTION('',(2.22400445638052E-16,1.,0.));
#3172=DIRECTION('',(-2.22400445638052E-16,-1.,0.));
#3173=DIRECTION('',(-1.,2.22400445638052E-16,0.));
#3174=DIRECTION('',(2.22400445638052E-16,1.,0.));
#3175=DIRECTION('',(1.,-1.11200222819026E-16,0.));
#3176=DIRECTION('',(1.,-2.22400445638052E-16,0.));
#3177=DIRECTION('',(-2.22400445638052E-16,-1.,0.));
#3178=DIRECTION('',(-1.,4.44800891276104E-16,0.));
#3179=DIRECTION('',(0.,1.,0.));
#3180=DIRECTION('',(0.,1.,0.));
#3181=DIRECTION('',(-1.,2.22400445638052E-16,0.));
#3182=DIRECTION('',(-2.22400445638052E-16,-1.,0.));
#3183=DIRECTION('',(-1.,1.11200222819026E-16,0.));
#3184=DIRECTION('',(1.,0.,0.));
#3185=DIRECTION('',(0.,-1.,0.));
#3186=DIRECTION('',(-1.,0.,0.));
#3187=DIRECTION('',(0.,1.,0.));
#3188=DIRECTION('',(0.,-1.,0.));
#3189=DIRECTION('',(-1.,0.,0.));
#3190=DIRECTION('',(0.,1.,0.));
#3191=DIRECTION('',(1.,-2.22400445638052E-16,0.));
#3192=DIRECTION('',(-1.,1.11200222819026E-16,0.));
#3193=DIRECTION('',(0.,1.,0.));
#3194=DIRECTION('',(1.,-2.22400445638052E-16,0.));
#3195=DIRECTION('',(0.,-1.,0.));
#3196=DIRECTION('',(-1.,0.,0.));
#3197=DIRECTION('',(2.22400445638052E-16,1.,0.));
#3198=DIRECTION('',(1.,0.,0.));
#3199=DIRECTION('',(-2.22400445638052E-16,-1.,0.));
#3200=DIRECTION('',(-1.,2.22400445638052E-16,0.));
#3201=DIRECTION('',(2.22400445638052E-16,1.,0.));
#3202=DIRECTION('',(1.,-1.11200222819026E-16,0.));
#3203=DIRECTION('',(-2.22400445638052E-16,-1.,0.));
#3204=DIRECTION('',(-1.,1.11200222819026E-16,0.));
#3205=DIRECTION('',(2.22400445638052E-16,1.,0.));
#3206=DIRECTION('',(1.,0.,0.));
#3207=DIRECTION('',(-2.22400445638052E-16,-1.,0.));
#3208=DIRECTION('',(1.11200222819026E-16,1.,0.));
#3209=DIRECTION('',(1.,0.,0.));
#3210=DIRECTION('',(-2.22400445638052E-16,-1.,0.));
#3211=DIRECTION('',(-1.,0.,0.));
#3212=DIRECTION('',(1.11200222819026E-16,1.,0.));
#3213=DIRECTION('',(1.,-2.22400445638052E-16,0.));
#3214=DIRECTION('',(-2.22400445638052E-16,-1.,0.));
#3215=DIRECTION('',(-1.,0.,0.));
#3216=DIRECTION('',(0.,0.,1.));
#3217=DIRECTION('',(1.,0.,0.));
#3218=DIRECTION('',(0.,0.,1.));
#3219=DIRECTION('',(1.,0.,0.));
#3220=DIRECTION('',(0.,0.,1.));
#3221=DIRECTION('',(1.,0.,0.));
#3222=DIRECTION('',(0.,0.,1.));
#3223=DIRECTION('',(1.,0.,0.));
#3224=DIRECTION('',(-1.,1.11200222819026E-16,0.));
#3225=DIRECTION('',(-1.11200222819026E-16,-1.,0.));
#3226=DIRECTION('',(-1.,2.22400445638052E-16,0.));
#3227=DIRECTION('',(-2.22400445638052E-16,-1.,0.));
#3228=DIRECTION('',(0.,-1.,0.));
#3229=DIRECTION('',(-1.,4.44800891276104E-16,0.));
#3230=DIRECTION('',(0.,1.,0.));
#3231=DIRECTION('',(1.,0.,0.));
#3232=DIRECTION('',(0.,-1.,0.));
#3233=DIRECTION('',(-1.,2.22400445638052E-16,0.));
#3234=DIRECTION('',(0.,1.,0.));
#3235=DIRECTION('',(1.,0.,0.));
#3236=DIRECTION('',(1.,-1.11200222819026E-16,0.));
#3237=DIRECTION('',(0.,-1.,0.));
#3238=DIRECTION('',(-1.,0.,0.));
#3239=DIRECTION('',(0.,1.,0.));
#3240=DIRECTION('',(1.,-2.22400445638052E-16,0.));
#3241=DIRECTION('',(0.,-1.,0.));
#3242=DIRECTION('',(-1.,1.11200222819026E-16,0.));
#3243=DIRECTION('',(0.,1.,0.));
#3244=DIRECTION('',(-1.,0.,0.));
#3245=DIRECTION('',(2.22400445638052E-16,1.,0.));
#3246=DIRECTION('',(1.,0.,0.));
#3247=DIRECTION('',(-4.44800891276104E-16,-1.,0.));
#3248=DIRECTION('',(-1.,0.,0.));
#3249=DIRECTION('',(4.44800891276104E-16,1.,0.));
#3250=DIRECTION('',(1.,0.,0.));
#3251=DIRECTION('',(0.,-1.,0.));
#3252=DIRECTION('',(1.,4.39075614703493E-16,0.));
#3253=DIRECTION('',(-4.39075614703493E-16,1.,0.));
#3254=DIRECTION('',(4.39075614703493E-16,-1.,0.));
#3255=DIRECTION('',(0.,0.,-1.));
#3256=DIRECTION('',(-4.39075614703493E-16,1.,2.35370688376563E-16));
#3257=DIRECTION('',(0.,0.,-1.));
#3258=DIRECTION('',(8.57024458169108E-16,-1.,0.));
#3259=DIRECTION('',(1.,8.57024458169108E-16,0.));
#3260=DIRECTION('',(8.57024458169108E-16,-1.,0.));
#3261=DIRECTION('',(0.707106781186547,6.06007806014103E-16,0.707106781186548));
#3262=DIRECTION('',(0.,0.,-1.));
#3263=DIRECTION('',(-1.,-8.57024458169108E-16,0.));
#3264=DIRECTION('',(0.,0.,-1.));
#3265=DIRECTION('',(8.57024458169108E-16,-1.,0.));
#3266=DIRECTION('',(-0.707106781186547,-6.06007806014103E-16,0.707106781186548));
#3267=DIRECTION('',(-1.,-8.57024458169108E-16,0.));
#3268=DIRECTION('',(-1.,0.,0.));
#3269=DIRECTION('',(0.,0.,1.));
#3270=DIRECTION('',(0.,1.,0.));
#3271=DIRECTION('',(0.,0.,-1.));
#3272=DIRECTION('',(0.,1.,-1.01166945462009E-15));
#3273=DIRECTION('',(0.,0.,-1.));
#3274=DIRECTION('',(8.57024458169108E-16,-1.,0.));
#3275=DIRECTION('',(1.,8.57024458169108E-16,0.));
#3276=DIRECTION('',(8.57024458169108E-16,-1.,0.));
#3277=DIRECTION('',(0.707106781186547,6.06007806014103E-16,-0.707106781186548));
#3278=DIRECTION('',(0.,0.,-1.));
#3279=DIRECTION('',(-1.,-8.57024458169108E-16,0.));
#3280=DIRECTION('',(0.,0.,-1.));
#3281=DIRECTION('',(8.57024458169108E-16,-1.,0.));
#3282=DIRECTION('',(-0.707106781186547,-6.06007806014103E-16,-0.707106781186548));
#3283=DIRECTION('',(-1.,-8.57024458169108E-16,0.));
#3284=DIRECTION('',(1.,0.,0.));
#3285=DIRECTION('',(0.,0.,-1.));
#3286=DIRECTION('',(0.,-1.,0.));
#3287=DIRECTION('',(1.,0.,0.));
#3288=DIRECTION('',(0.,0.707106781186548,0.707106781186547));
#3289=DIRECTION('',(0.,0.,-1.));
#3290=DIRECTION('',(0.,-1.,0.));
#3291=DIRECTION('',(0.,0.,-1.));
#3292=DIRECTION('',(1.,0.,0.));
#3293=DIRECTION('',(0.,-0.707106781186548,0.707106781186547));
#3294=DIRECTION('',(0.,-1.,0.));
#3295=DIRECTION('',(0.,0.,-1.));
#3296=DIRECTION('',(-1.,0.,0.));
#3297=DIRECTION('',(0.,-1.,0.));
#3298=DIRECTION('',(0.707106781186548,0.,0.707106781186547));
#3299=DIRECTION('',(-1.,0.,0.));
#3300=DIRECTION('',(0.,0.,-1.));
#3301=DIRECTION('',(0.,-1.,0.));
#3302=DIRECTION('',(-0.707106781186548,0.,0.707106781186547));
#3303=DIRECTION('',(-1.,0.,0.));
#3304=DIRECTION('',(0.,0.,1.));
#3305=DIRECTION('',(0.,1.,0.));
#3306=DIRECTION('',(-1.,0.,0.));
#3307=DIRECTION('',(0.,-0.707106781186548,0.707106781186547));
#3308=DIRECTION('',(0.,1.,0.));
#3309=DIRECTION('',(0.,0.,-1.));
#3310=DIRECTION('',(-1.,0.,0.));
#3311=DIRECTION('',(0.,0.707106781186548,0.707106781186547));
#3312=DIRECTION('',(0.,1.,0.));
#3313=DIRECTION('',(0.,0.,1.));
#3314=DIRECTION('',(1.,0.,0.));
#3315=DIRECTION('',(0.,1.,0.));
#3316=DIRECTION('',(-0.707106781186548,0.,0.707106781186547));
#3317=DIRECTION('',(1.,0.,0.));
#3318=DIRECTION('',(0.,1.,0.));
#3319=DIRECTION('',(0.707106781186548,0.,0.707106781186547));
#3320=DIRECTION('',(0.,-1.,0.));
#3321=DIRECTION('',(0.,0.,-1.));
#3322=DIRECTION('',(-1.,0.,0.));
#3323=DIRECTION('',(0.,0.,-1.));
#3324=DIRECTION('',(0.,0.,-1.));
#3325=DIRECTION('',(-1.,4.44800891276104E-16,0.));
#3326=DIRECTION('',(-4.44800891276104E-16,-1.,0.));
#3327=DIRECTION('',(4.44800891276104E-16,1.,0.));
#3328=DIRECTION('',(0.,0.,-1.));
#3329=DIRECTION('',(0.,1.,0.));
#3330=DIRECTION('',(0.,0.,1.));
#3331=DIRECTION('',(1.,0.,0.));
#3332=DIRECTION('',(0.,0.,-1.));
#3333=DIRECTION('',(0.,-1.,0.));
#3334=DIRECTION('',(0.,0.,-1.));
#3335=DIRECTION('',(-1.,0.,0.));
#3336=DIRECTION('',(0.,0.,-1.));
#3337=DIRECTION('',(0.,0.,-1.));
#3338=DIRECTION('',(-1.,2.22400445638052E-16,0.));
#3339=DIRECTION('',(-2.22400445638052E-16,-1.,0.));
#3340=DIRECTION('',(2.22400445638052E-16,1.,0.));
#3341=DIRECTION('',(0.,0.,-1.));
#3342=DIRECTION('',(0.,1.,0.));
#3343=DIRECTION('',(0.,0.,1.));
#3344=DIRECTION('',(1.,0.,0.));
#3345=DIRECTION('',(0.,0.,-1.));
#3346=DIRECTION('',(2.22400445638052E-16,1.,0.));
#3347=DIRECTION('',(-1.,2.22400445638052E-16,0.));
#3348=DIRECTION('',(1.,-2.22400445638052E-16,0.));
#3349=DIRECTION('',(0.,0.,-1.));
#3350=DIRECTION('',(0.,0.,-1.));
#3351=DIRECTION('',(1.,0.,0.));
#3352=DIRECTION('',(0.,0.,-1.));
#3353=DIRECTION('',(0.,-1.,0.));
#3354=DIRECTION('',(0.,0.,-1.));
#3355=DIRECTION('',(-1.11200222819026E-16,-1.,0.));
#3356=DIRECTION('',(1.,-1.11200222819026E-16,0.));
#3357=DIRECTION('',(-1.,1.11200222819026E-16,0.));
#3358=DIRECTION('',(0.,0.,-1.));
#3359=DIRECTION('',(1.11200222819026E-16,1.,0.));
#3360=DIRECTION('',(-1.,1.11200222819026E-16,0.));
#3361=DIRECTION('',(1.,-1.11200222819026E-16,0.));
#3362=DIRECTION('',(0.,0.,-1.));
#3363=DIRECTION('',(0.,0.,-1.));
#3364=DIRECTION('',(1.,0.,0.));
#3365=DIRECTION('',(0.,0.,-1.));
#3366=DIRECTION('',(0.,-1.,0.));
#3367=DIRECTION('',(0.,0.,-1.));
#3368=DIRECTION('',(0.,-1.,0.));
#3369=DIRECTION('',(0.,0.,-1.));
#3370=DIRECTION('',(-1.,0.,0.));
#3371=DIRECTION('',(0.,0.,-1.));
#3372=DIRECTION('',(1.,0.,0.));
#3373=DIRECTION('',(0.,0.,-1.));
#3374=DIRECTION('',(0.,-1.,0.));
#3375=DIRECTION('',(0.,0.,-1.));
#3376=DIRECTION('',(0.,0.,-1.));
#3377=DIRECTION('',(-2.22400445638052E-16,-1.,0.));
#3378=DIRECTION('',(1.,-2.22400445638052E-16,0.));
#3379=DIRECTION('',(-1.,2.22400445638052E-16,0.));
#3380=DIRECTION('',(0.,0.,-1.));
#3381=DIRECTION('',(-1.,0.,0.));
#3382=DIRECTION('',(0.,0.,1.));
#3383=DIRECTION('',(0.,1.,0.));
#3384=DIRECTION('',(0.,0.,-1.));
#3385=DIRECTION('',(1.,0.,0.));
#3386=DIRECTION('',(0.,0.,-1.));
#3387=DIRECTION('',(0.,-1.,0.));
#3388=DIRECTION('',(0.,0.,-1.));
#3389=DIRECTION('',(0.,0.,-1.));
#3390=DIRECTION('',(-4.44800891276104E-16,-1.,0.));
#3391=DIRECTION('',(1.,-4.44800891276104E-16,0.));
#3392=DIRECTION('',(-1.,4.44800891276104E-16,0.));
#3393=DIRECTION('',(0.,0.,-1.));
#3394=DIRECTION('',(-1.,0.,0.));
#3395=DIRECTION('',(0.,0.,1.));
#3396=DIRECTION('',(0.,1.,0.));
#3397=DIRECTION('',(0.,0.,-1.));
#3398=DIRECTION('',(-1.11200222819026E-16,-1.,0.));
#3399=DIRECTION('',(1.,-1.11200222819026E-16,0.));
#3400=DIRECTION('',(-1.,1.11200222819026E-16,0.));
#3401=DIRECTION('',(0.,0.,-1.));
#3402=DIRECTION('',(0.,0.,-1.));
#3403=DIRECTION('',(1.,-1.11200222819026E-16,0.));
#3404=DIRECTION('',(1.11200222819026E-16,1.,0.));
#3405=DIRECTION('',(-1.11200222819026E-16,-1.,0.));
#3406=DIRECTION('',(0.,0.,-1.));
#3407=DIRECTION('',(-2.22400445638052E-16,-1.,0.));
#3408=DIRECTION('',(1.,-2.22400445638052E-16,0.));
#3409=DIRECTION('',(-1.,2.22400445638052E-16,0.));
#3410=DIRECTION('',(0.,0.,-1.));
#3411=DIRECTION('',(-1.,1.11200222819026E-16,0.));
#3412=DIRECTION('',(-1.11200222819026E-16,-1.,0.));
#3413=DIRECTION('',(1.11200222819026E-16,1.,0.));
#3414=DIRECTION('',(0.,0.,-1.));
#3415=DIRECTION('',(0.,0.,-1.));
#3416=DIRECTION('',(2.22400445638052E-16,1.,0.));
#3417=DIRECTION('',(-1.,2.22400445638052E-16,0.));
#3418=DIRECTION('',(1.,-2.22400445638052E-16,0.));
#3419=DIRECTION('',(0.,0.,-1.));
#3420=DIRECTION('',(1.,-2.22400445638052E-16,0.));
#3421=DIRECTION('',(2.22400445638052E-16,1.,0.));
#3422=DIRECTION('',(-2.22400445638052E-16,-1.,0.));
#3423=DIRECTION('',(0.,0.,-1.));
#3424=DIRECTION('',(-1.,1.11200222819026E-16,0.));
#3425=DIRECTION('',(-1.11200222819026E-16,-1.,0.));
#3426=DIRECTION('',(1.11200222819026E-16,1.,0.));
#3427=DIRECTION('',(0.,0.,-1.));
#3428=DIRECTION('',(0.,0.,-1.));
#3429=DIRECTION('',(0.,1.,0.));
#3430=DIRECTION('',(0.,0.,1.));
#3431=DIRECTION('',(1.,0.,0.));
#3432=DIRECTION('',(0.,0.,-1.));
#3433=DIRECTION('',(1.,-2.22400445638052E-16,0.));
#3434=DIRECTION('',(2.22400445638052E-16,1.,0.));
#3435=DIRECTION('',(-2.22400445638052E-16,-1.,0.));
#3436=DIRECTION('',(0.,0.,-1.));
#3437=DIRECTION('',(-1.11200222819026E-16,-1.,0.));
#3438=DIRECTION('',(1.,-1.11200222819026E-16,0.));
#3439=DIRECTION('',(-1.,1.11200222819026E-16,0.));
#3440=DIRECTION('',(0.,0.,-1.));
#3441=DIRECTION('',(0.,0.,-1.));
#3442=DIRECTION('',(-1.,2.22400445638052E-16,0.));
#3443=DIRECTION('',(-2.22400445638052E-16,-1.,0.));
#3444=DIRECTION('',(2.22400445638052E-16,1.,0.));
#3445=DIRECTION('',(0.,0.,-1.));
#3446=DIRECTION('',(0.,1.,0.));
#3447=DIRECTION('',(0.,0.,1.));
#3448=DIRECTION('',(1.,0.,0.));
#3449=DIRECTION('',(0.,0.,-1.));
#3450=DIRECTION('',(-2.22400445638052E-16,-1.,0.));
#3451=DIRECTION('',(1.,-2.22400445638052E-16,0.));
#3452=DIRECTION('',(-1.,2.22400445638052E-16,0.));
#3453=DIRECTION('',(0.,0.,-1.));
#3454=DIRECTION('',(0.,0.,-1.));
#3455=DIRECTION('',(-1.,2.22400445638052E-16,0.));
#3456=DIRECTION('',(-2.22400445638052E-16,-1.,0.));
#3457=DIRECTION('',(2.22400445638052E-16,1.,0.));
#3458=DIRECTION('',(0.,0.,-1.));
#3459=DIRECTION('',(1.11200222819026E-16,1.,0.));
#3460=DIRECTION('',(-1.,1.11200222819026E-16,0.));
#3461=DIRECTION('',(1.,-1.11200222819026E-16,0.));
#3462=DIRECTION('',(0.,0.,-1.));
#3463=DIRECTION('',(0.,-1.,0.));
#3464=DIRECTION('',(0.,0.,-1.));
#3465=DIRECTION('',(-1.,0.,0.));
#3466=DIRECTION('',(0.,0.,-1.));
#3467=DIRECTION('',(0.,0.,-1.));
#3468=DIRECTION('',(-1.,2.22400445638052E-16,0.));
#3469=DIRECTION('',(-2.22400445638052E-16,-1.,0.));
#3470=DIRECTION('',(2.22400445638052E-16,1.,0.));
#3471=DIRECTION('',(0.,0.,-1.));
#3472=DIRECTION('',(0.,1.,0.));
#3473=DIRECTION('',(0.,0.,1.));
#3474=DIRECTION('',(1.,0.,0.));
#3475=DIRECTION('',(0.,0.,-1.));
#3476=DIRECTION('',(-1.11200222819026E-16,-1.,0.));
#3477=DIRECTION('',(1.,-1.11200222819026E-16,0.));
#3478=DIRECTION('',(-1.,1.11200222819026E-16,0.));
#3479=DIRECTION('',(0.,0.,-1.));
#3480=DIRECTION('',(0.,0.,-1.));
#3481=DIRECTION('',(-1.,0.,0.));
#3482=DIRECTION('',(0.,0.,1.));
#3483=DIRECTION('',(0.,1.,0.));
#3484=DIRECTION('',(0.,0.,-1.));
#3485=DIRECTION('',(2.22400445638052E-16,1.,0.));
#3486=DIRECTION('',(-1.,2.22400445638052E-16,0.));
#3487=DIRECTION('',(1.,-2.22400445638052E-16,0.));
#3488=DIRECTION('',(0.,0.,-1.));
#3489=DIRECTION('',(1.,0.,0.));
#3490=DIRECTION('',(0.,0.,-1.));
#3491=DIRECTION('',(0.,-1.,0.));
#3492=DIRECTION('',(0.,0.,-1.));
#3493=DIRECTION('',(0.,0.,-1.));
#3494=DIRECTION('',(0.,-1.,0.));
#3495=DIRECTION('',(0.,0.,-1.));
#3496=DIRECTION('',(-1.,0.,0.));
#3497=DIRECTION('',(0.,0.,-1.));
#3498=DIRECTION('',(-1.,0.,0.));
#3499=DIRECTION('',(0.,0.,1.));
#3500=DIRECTION('',(0.,1.,0.));
#3501=DIRECTION('',(0.,0.,-1.));
#3502=DIRECTION('',(0.,1.,0.));
#3503=DIRECTION('',(0.,0.,1.));
#3504=DIRECTION('',(1.,0.,0.));
#3505=DIRECTION('',(0.,0.,-1.));
#3506=DIRECTION('',(0.,0.,-1.));
#3507=DIRECTION('',(1.,0.,0.));
#3508=DIRECTION('',(0.,0.,-1.));
#3509=DIRECTION('',(0.,-1.,0.));
#3510=DIRECTION('',(0.,0.,-1.));
#3511=DIRECTION('',(0.,-1.,0.));
#3512=DIRECTION('',(0.,0.,-1.));
#3513=DIRECTION('',(-1.,0.,0.));
#3514=DIRECTION('',(0.,0.,-1.));
#3515=DIRECTION('',(-1.,0.,0.));
#3516=DIRECTION('',(0.,0.,1.));
#3517=DIRECTION('',(0.,1.,0.));
#3518=DIRECTION('',(0.,0.,-1.));
#3519=DIRECTION('',(0.,0.,-1.));
#3520=DIRECTION('',(-2.22400445638052E-16,-1.,0.));
#3521=DIRECTION('',(1.,-2.22400445638052E-16,0.));
#3522=DIRECTION('',(-1.,2.22400445638052E-16,0.));
#3523=DIRECTION('',(0.,0.,-1.));
#3524=DIRECTION('',(1.,-2.22400445638052E-16,0.));
#3525=DIRECTION('',(2.22400445638052E-16,1.,0.));
#3526=DIRECTION('',(-2.22400445638052E-16,-1.,0.));
#3527=DIRECTION('',(0.,0.,-1.));
#3528=DIRECTION('',(2.22400445638052E-16,1.,0.));
#3529=DIRECTION('',(-1.,2.22400445638052E-16,0.));
#3530=DIRECTION('',(1.,-2.22400445638052E-16,0.));
#3531=DIRECTION('',(0.,0.,-1.));
#3532=DIRECTION('',(0.,0.,-1.));
#3533=DIRECTION('',(1.,-2.22400445638052E-16,0.));
#3534=DIRECTION('',(2.22400445638052E-16,1.,0.));
#3535=DIRECTION('',(-2.22400445638052E-16,-1.,0.));
#3536=DIRECTION('',(0.,0.,-1.));
#3537=DIRECTION('',(-4.44800891276104E-16,-1.,0.));
#3538=DIRECTION('',(1.,-4.44800891276104E-16,0.));
#3539=DIRECTION('',(-1.,4.44800891276104E-16,0.));
#3540=DIRECTION('',(0.,0.,-1.));
#3541=DIRECTION('',(1.,-2.22400445638052E-16,0.));
#3542=DIRECTION('',(2.22400445638052E-16,1.,0.));
#3543=DIRECTION('',(-2.22400445638052E-16,-1.,0.));
#3544=DIRECTION('',(0.,0.,-1.));
#3545=DIRECTION('',(0.,0.,-1.));
#3546=DIRECTION('',(-2.22400445638052E-16,-1.,0.));
#3547=DIRECTION('',(1.,-2.22400445638052E-16,0.));
#3548=DIRECTION('',(-1.,2.22400445638052E-16,0.));
#3549=DIRECTION('',(0.,0.,-1.));
#3550=DIRECTION('',(-1.,2.22400445638052E-16,0.));
#3551=DIRECTION('',(-2.22400445638052E-16,-1.,0.));
#3552=DIRECTION('',(2.22400445638052E-16,1.,0.));
#3553=DIRECTION('',(0.,0.,-1.));
#3554=DIRECTION('',(0.,1.,0.));
#3555=DIRECTION('',(0.,0.,1.));
#3556=DIRECTION('',(1.,0.,0.));
#3557=DIRECTION('',(0.,0.,-1.));
#3558=DIRECTION('',(0.,0.,-1.));
#3559=DIRECTION('',(1.,-2.22400445638052E-16,0.));
#3560=DIRECTION('',(2.22400445638052E-16,1.,0.));
#3561=DIRECTION('',(-2.22400445638052E-16,-1.,0.));
#3562=DIRECTION('',(0.,0.,-1.));
#3563=DIRECTION('',(-1.11200222819026E-16,-1.,0.));
#3564=DIRECTION('',(1.,-1.11200222819026E-16,0.));
#3565=DIRECTION('',(-1.,1.11200222819026E-16,0.));
#3566=DIRECTION('',(0.,0.,-1.));
#3567=DIRECTION('',(0.,1.,0.));
#3568=DIRECTION('',(0.,0.,1.));
#3569=DIRECTION('',(1.,0.,0.));
#3570=DIRECTION('',(0.,0.,-1.));
#3571=DIRECTION('',(0.,0.,-1.));
#3572=DIRECTION('',(1.,-2.22400445638052E-16,0.));
#3573=DIRECTION('',(2.22400445638052E-16,1.,0.));
#3574=DIRECTION('',(-2.22400445638052E-16,-1.,0.));
#3575=DIRECTION('',(0.,0.,-1.));
#3576=DIRECTION('',(-2.22400445638052E-16,-1.,0.));
#3577=DIRECTION('',(1.,-2.22400445638052E-16,0.));
#3578=DIRECTION('',(-1.,2.22400445638052E-16,0.));
#3579=DIRECTION('',(0.,0.,-1.));
#3580=DIRECTION('',(-1.,0.,0.));
#3581=DIRECTION('',(0.,0.,1.));
#3582=DIRECTION('',(0.,1.,0.));
#3583=DIRECTION('',(0.,0.,-1.));
#3584=DIRECTION('',(0.,0.,-1.));
#3585=DIRECTION('',(2.22400445638052E-16,1.,0.));
#3586=DIRECTION('',(-1.,2.22400445638052E-16,0.));
#3587=DIRECTION('',(1.,-2.22400445638052E-16,0.));
#3588=DIRECTION('',(0.,0.,-1.));
#3589=DIRECTION('',(1.,-2.22400445638052E-16,0.));
#3590=DIRECTION('',(2.22400445638052E-16,1.,0.));
#3591=DIRECTION('',(-2.22400445638052E-16,-1.,0.));
#3592=DIRECTION('',(0.,0.,-1.));
#3593=DIRECTION('',(-0.112562519933784,0.993644644279914,0.));
#3594=DIRECTION('',(-0.993644644279914,-0.112562519933784,0.));
#3595=DIRECTION('',(0.,0.,-1.));
#3596=DIRECTION('',(0.993644644279914,0.112562519933783,0.));
#3597=DIRECTION('',(0.,0.,-1.));
#3598=DIRECTION('',(-1.,0.,0.));
#3599=DIRECTION('',(0.,0.,1.));
#3600=DIRECTION('',(0.,0.,-1.));
#3601=DIRECTION('',(0.,1.,0.));
#3602=DIRECTION('',(0.,0.,-1.));
#3603=DIRECTION('',(0.707106857629191,0.707106704743896,0.));
#3604=DIRECTION('',(-0.707106704743896,0.707106857629191,0.));
#3605=DIRECTION('',(0.,0.,-1.));
#3606=DIRECTION('',(0.707106704743896,-0.707106857629191,0.));
#3607=DIRECTION('',(0.,0.,-1.));
#3608=DIRECTION('',(0.,-1.,0.));
#3609=DIRECTION('',(0.,0.,-1.));
#3610=DIRECTION('',(0.,0.,-1.));
#3611=DIRECTION('',(-1.,0.,0.));
#3612=DIRECTION('',(0.,0.,-1.));
#3613=DIRECTION('',(0.844888310097867,-0.534942747833795,0.));
#3614=DIRECTION('',(0.534942747833795,0.844888310097867,0.));
#3615=DIRECTION('',(-0.534942747833795,-0.844888310097867,0.));
#3616=DIRECTION('',(0.,0.,-1.));
#3617=DIRECTION('',(0.,0.,-1.));
#3618=DIRECTION('',(0.999961212695737,0.00880755948438649,0.));
#3619=DIRECTION('',(-0.00880755948438649,0.999961212695737,0.));
#3620=DIRECTION('',(0.00880755948438649,-0.999961212695737,0.));
#3621=DIRECTION('',(0.,0.,-1.));
#3622=DIRECTION('',(0.,0.,-1.));
#3623=DIRECTION('',(1.,0.,0.));
#3624=DIRECTION('',(0.,0.,-1.));
#3625=DIRECTION('',(0.,-1.,0.));
#3626=DIRECTION('',(1.,-4.44800891276104E-16,0.));
#3627=DIRECTION('',(4.44800891276104E-16,1.,0.));
#3628=DIRECTION('',(-4.44800891276104E-16,-1.,0.));
#3629=DIRECTION('',(-1.,0.,0.));
#3630=DIRECTION('',(0.,0.,1.));
#3631=DIRECTION('',(0.,1.,0.));
#3632=DIRECTION('',(-1.,0.,0.));
#3633=DIRECTION('',(0.,0.,1.));
#3634=DIRECTION('',(0.,1.,0.));
#3635=DIRECTION('',(0.,1.,0.));
#3636=DIRECTION('',(0.,0.,1.));
#3637=DIRECTION('',(1.,0.,0.));
#3638=DIRECTION('',(0.,1.,0.));
#3639=DIRECTION('',(0.,0.,1.));
#3640=DIRECTION('',(1.,0.,0.));
#3641=DIRECTION('',(1.,-2.22400445638052E-16,0.));
#3642=DIRECTION('',(2.22400445638052E-16,1.,0.));
#3643=DIRECTION('',(-2.22400445638052E-16,-1.,0.));
#3644=DIRECTION('',(0.,0.,-1.));
#3645=DIRECTION('',(-1.,0.,0.));
#3646=DIRECTION('',(0.,0.,1.));
#3647=DIRECTION('',(1.,0.,0.));
#3648=DIRECTION('',(0.,0.,-1.));
#3649=DIRECTION('',(-1.,0.,0.));
#3650=DIRECTION('',(0.,0.,1.));
#3651=DIRECTION('',(1.,0.,0.));
#3652=DIRECTION('',(0.,0.,-1.));
#3653=DIRECTION('',(-1.,0.,0.));
#3654=DIRECTION('',(0.,0.,1.));
#3655=DIRECTION('',(1.,0.,0.));
#3656=DIRECTION('',(0.,0.,-1.));
#3657=DIRECTION('',(-1.,0.,0.));
#3658=DIRECTION('',(0.,0.,1.));
#3659=DIRECTION('',(1.,0.,0.));
#3660=DIRECTION('',(0.,-1.,0.));
#3661=DIRECTION('',(0.,0.,-1.));
#3662=DIRECTION('',(-1.,0.,0.));
#3663=DIRECTION('',(0.,-1.,0.));
#3664=DIRECTION('',(0.,0.,-1.));
#3665=DIRECTION('',(-1.,0.,0.));
#3666=DIRECTION('',(1.,-2.22400445638052E-16,0.));
#3667=DIRECTION('',(2.22400445638052E-16,1.,0.));
#3668=DIRECTION('',(-2.22400445638052E-16,-1.,0.));
#3669=DIRECTION('',(1.,-2.22400445638052E-16,0.));
#3670=DIRECTION('',(2.22400445638052E-16,1.,0.));
#3671=DIRECTION('',(-2.22400445638052E-16,-1.,0.));
#3672=DIRECTION('',(1.,-2.22400445638052E-16,0.));
#3673=DIRECTION('',(2.22400445638052E-16,1.,0.));
#3674=DIRECTION('',(-2.22400445638052E-16,-1.,0.));
#3675=DIRECTION('',(1.,0.,0.));
#3676=DIRECTION('',(0.,0.,-1.));
#3677=DIRECTION('',(0.,-1.,0.));
#3678=DIRECTION('',(2.22400445638052E-16,1.,0.));
#3679=DIRECTION('',(-1.,2.22400445638052E-16,0.));
#3680=DIRECTION('',(1.,-2.22400445638052E-16,0.));
#3681=DIRECTION('',(-1.,0.,0.));
#3682=DIRECTION('',(0.,0.,1.));
#3683=DIRECTION('',(0.,1.,0.));
#3684=DIRECTION('',(-1.11200222819026E-16,-1.,0.));
#3685=DIRECTION('',(1.,-1.11200222819026E-16,0.));
#3686=DIRECTION('',(-1.,1.11200222819026E-16,0.));
#3687=DIRECTION('',(-1.,0.,0.));
#3688=DIRECTION('',(0.,0.,1.));
#3689=DIRECTION('',(0.,1.,0.));
#3690=DIRECTION('',(1.11200222819026E-16,1.,0.));
#3691=DIRECTION('',(-1.,1.11200222819026E-16,0.));
#3692=DIRECTION('',(1.,-1.11200222819026E-16,0.));
#3693=DIRECTION('',(-1.,2.22400445638052E-16,0.));
#3694=DIRECTION('',(-2.22400445638052E-16,-1.,0.));
#3695=DIRECTION('',(2.22400445638052E-16,1.,0.));
#3696=DIRECTION('',(-1.,2.22400445638052E-16,0.));
#3697=DIRECTION('',(-2.22400445638052E-16,-1.,0.));
#3698=DIRECTION('',(2.22400445638052E-16,1.,0.));
#3699=DIRECTION('',(-2.22400445638052E-16,-1.,0.));
#3700=DIRECTION('',(1.,-2.22400445638052E-16,0.));
#3701=DIRECTION('',(-1.,2.22400445638052E-16,0.));
#3702=DIRECTION('',(0.111059546613138,0.993813753731596,0.));
#3703=DIRECTION('',(-0.993813753731596,0.111059546613138,0.));
#3704=DIRECTION('',(0.993813753731596,-0.111059546613138,0.));
#3705=DIRECTION('',(0.,0.,-1.));
#3706=DIRECTION('',(0.,0.,-1.));
#3707=DIRECTION('',(0.,0.,1.));
#3708=DIRECTION('',(1.,0.,0.));
#3709=DIRECTION('',(0.,0.,1.));
#3710=DIRECTION('',(1.,0.,0.));
#3711=DIRECTION('',(0.,0.,1.));
#3712=DIRECTION('',(1.,0.,0.));
#3713=DIRECTION('',(0.,0.,1.));
#3714=DIRECTION('',(1.,0.,0.));
#3715=DIRECTION('',(0.,0.,1.));
#3716=DIRECTION('',(1.,0.,0.));
#3717=DIRECTION('',(0.,0.,1.));
#3718=DIRECTION('',(1.,0.,0.));
#3719=DIRECTION('',(0.,0.,1.));
#3720=DIRECTION('',(1.,0.,0.));
#3721=DIRECTION('',(0.,0.,1.));
#3722=DIRECTION('',(1.,0.,0.));
#3723=DIRECTION('',(0.,0.,1.));
#3724=DIRECTION('',(1.,0.,0.));
#3725=DIRECTION('',(0.,0.,1.));
#3726=DIRECTION('',(1.,0.,0.));
#3727=DIRECTION('',(0.,0.,1.));
#3728=DIRECTION('',(1.,0.,0.));
#3729=DIRECTION('',(0.,0.,1.));
#3730=DIRECTION('',(1.,0.,0.));
#3731=DIRECTION('',(0.,0.,-1.));
#3732=DIRECTION('',(-1.,0.,0.));
#3733=DIRECTION('',(0.,0.,-1.));
#3734=DIRECTION('',(-1.,0.,0.));
#3735=DIRECTION('',(0.,0.,1.));
#3736=DIRECTION('',(1.,0.,0.));
#3737=DIRECTION('',(0.,0.,1.));
#3738=DIRECTION('',(1.,0.,0.));
#3739=DIRECTION('',(0.,0.,-1.));
#3740=DIRECTION('',(-1.,0.,0.));
#3741=DIRECTION('',(0.,0.,-1.));
#3742=DIRECTION('',(-1.,0.,0.));
#3743=DIRECTION('',(0.,0.,-1.));
#3744=DIRECTION('',(-1.,0.,0.));
#3745=DIRECTION('',(-0.707106781186547,0.,0.707106781186548));
#3746=DIRECTION('',(0.,1.,0.));
#3747=DIRECTION('',(0.577350269189626,-0.577350269189626,0.577350269189626));
#3748=DIRECTION('',(0.577350269189626,0.577350269189626,0.577350269189626));
#3749=DIRECTION('',(-0.707106781186547,0.,-0.707106781186548));
#3750=DIRECTION('',(0.,-1.,0.));
#3751=DIRECTION('',(0.577350269189626,0.577350269189626,-0.577350269189626));
#3752=DIRECTION('',(0.577350269189626,-0.577350269189626,-0.577350269189626));
#3753=DIRECTION('',(0.,-0.707106781186547,-0.707106781186548));
#3754=DIRECTION('',(1.,0.,0.));
#3755=DIRECTION('',(0.577350269189626,0.577350269189626,-0.577350269189626));
#3756=DIRECTION('',(-0.577350269189626,0.577350269189626,-0.577350269189626));
#3757=DIRECTION('',(0.,-0.707106781186547,0.707106781186548));
#3758=DIRECTION('',(-1.,0.,0.));
#3759=DIRECTION('',(-0.577350269189626,0.577350269189626,0.577350269189626));
#3760=DIRECTION('',(0.577350269189626,0.577350269189626,0.577350269189626));
#3761=DIRECTION('',(0.707106781186548,7.15358331681158E-16,0.707106781186547));
#3762=DIRECTION('',(1.01166945462008E-15,-1.,0.));
#3763=DIRECTION('',(0.577350269189626,-0.577350269189626,-0.577350269189626));
#3764=DIRECTION('',(-1.01166945462008E-15,1.,-3.48630559684208E-32));
#3765=DIRECTION('',(-0.577350269189625,-0.577350269189627,0.577350269189626));
#3766=DIRECTION('',(0.707106781186548,7.15358331681158E-16,0.707106781186547));
#3767=DIRECTION('',(-0.707106781186547,-7.15358331681157E-16,0.707106781186548));
#3768=DIRECTION('',(0.707106781186548,7.15358331681158E-16,0.707106781186547));
#3769=DIRECTION('',(0.707106781186547,7.15358331681157E-16,-0.707106781186548));
#3770=DIRECTION('',(0.707106781186548,4.76905554454105E-16,-0.707106781186547));
#3771=DIRECTION('',(-6.74446303080056E-16,1.,0.));
#3772=DIRECTION('',(-0.577350269189626,0.577350269189625,-0.577350269189626));
#3773=DIRECTION('',(-6.74446303080056E-16,1.,-3.48630559684211E-32));
#3774=DIRECTION('',(0.577350269189625,0.577350269189626,0.577350269189626));
#3775=DIRECTION('',(0.707106781186548,4.76905554454105E-16,-0.707106781186547));
#3776=DIRECTION('',(-0.707106781186547,-4.76905554454105E-16,-0.707106781186548));
#3777=DIRECTION('',(0.707106781186548,4.76905554454105E-16,-0.707106781186547));
#3778=DIRECTION('',(0.707106781186547,4.76905554454105E-16,0.707106781186548));
#3779=DIRECTION('',(6.06007806014104E-16,-0.707106781186548,0.707106781186548));
#3780=DIRECTION('',(-1.,-8.57024458169109E-16,0.));
#3781=DIRECTION('',(-0.577350269189625,-0.577350269189626,-0.577350269189626));
#3782=DIRECTION('',(1.,8.57024458169109E-16,0.));
#3783=DIRECTION('',(0.577350269189626,-0.577350269189626,-0.577350269189626));
#3784=DIRECTION('',(-8.17756488897797E-16,0.707106781186548,0.707106781186548));
#3785=DIRECTION('',(1.,1.15648231731787E-15,0.));
#3786=DIRECTION('',(-0.577350269189625,-0.577350269189627,0.577350269189626));
#3787=DIRECTION('',(-1.,-1.15648231731787E-15,0.));
#3788=DIRECTION('',(0.577350269189626,-0.577350269189625,0.577350269189626));
#3789=DIRECTION('',(-0.577350269189625,-0.577350269189627,-0.577350269189626));
#3790=DIRECTION('',(0.,0.707106781186547,-0.707106781186548));
#3791=DIRECTION('',(0.192450089729875,0.192450089729876,-0.962250448649376));
#3792=DIRECTION('',(-0.680413817439771,-0.680413817439772,-0.272165526975909));
#3793=DIRECTION('',(0.577350269189626,-0.577350269189626,-0.577350269189626));
#3794=DIRECTION('',(-0.707106781186548,0.,-0.707106781186548));
#3795=DIRECTION('',(-0.192450089729875,0.192450089729875,-0.962250448649376));
#3796=DIRECTION('',(0.680413817439772,-0.680413817439772,-0.272165526975909));
#3797=DIRECTION('',(-0.577350269189625,-0.577350269189627,0.577350269189626));
#3798=DIRECTION('',(0.,-0.707106781186547,-0.707106781186548));
#3799=DIRECTION('',(-0.192450089729874,-0.192450089729875,-0.962250448649376));
#3800=DIRECTION('',(-0.68041381743977,-0.680413817439774,0.272165526975909));
#3801=DIRECTION('',(0.577350269189626,-0.577350269189625,0.577350269189626));
#3802=DIRECTION('',(0.707106781186548,0.,-0.707106781186548));
#3803=DIRECTION('',(0.192450089729875,-0.192450089729875,-0.962250448649376));
#3804=DIRECTION('',(0.680413817439772,-0.680413817439772,0.272165526975909));
#3805=DIRECTION('',(-0.577350269189626,-0.577350269189626,0.577350269189626));
#3806=DIRECTION('',(0.707106781186548,-0.707106781186548,0.));
#3807=DIRECTION('',(-0.577350269189626,0.577350269189626,0.577350269189626));
#3808=DIRECTION('',(-0.707106781186548,-0.707106781186548,0.));
#3809=DIRECTION('',(0.577350269189626,-0.577350269189626,0.577350269189626));
#3810=DIRECTION('',(0.707106781186548,0.707106781186548,0.));
#3811=DIRECTION('',(0.577350269189626,0.577350269189626,0.577350269189626));
#3812=DIRECTION('',(-0.707106781186548,0.707106781186548,0.));
#3813=DIRECTION('',(-1.,-1.14967358514654E-14,2.77555756156288E-14));
#3814=DIRECTION('',(2.77555756156288E-14,0.,1.));
#3815=DIRECTION('',(0.,-1.,0.));
#3816=DIRECTION('',(0.,0.,-1.));
#3817=DIRECTION('',(6.74446303080056E-16,-1.,0.));
#3818=DIRECTION('',(1.,6.74446303080056E-16,0.));
#3819=DIRECTION('',(-4.90653893338701E-15,-1.,0.));
#3820=DIRECTION('',(1.,-4.90653893338701E-15,0.));
#3821=DIRECTION('',(1.,8.57024458169109E-16,0.));
#3822=DIRECTION('',(-8.57024458169109E-16,1.,0.));
#3823=DIRECTION('',(-1.,0.,0.));
#3824=DIRECTION('',(0.,0.,1.));
#3825=DIRECTION('',(-1.,0.,0.));
#3826=DIRECTION('',(0.,0.,1.));
#3827=DIRECTION('',(-9.81307786677363E-15,-1.,0.));
#3828=DIRECTION('',(1.,-9.81307786677363E-15,0.));
#3829=DIRECTION('',(-1.,-1.15648231731787E-15,0.));
#3830=DIRECTION('',(1.15648231731787E-15,-1.,0.));
#3831=DIRECTION('',(-1.,0.,0.));
#3832=DIRECTION('',(0.,0.,1.));
#3833=DIRECTION('',(-1.01166945462008E-15,1.,0.));
#3834=DIRECTION('',(-1.,-1.01166945462008E-15,0.));
#3835=DIRECTION('',(-3.46944695195361E-15,-1.,3.4694469519536E-15));
#3836=DIRECTION('',(1.,-3.46944695195361E-15,0.));
#3837=DIRECTION('',(0.,0.,-1.));
#3838=DIRECTION('',(-1.,0.,0.));
#3839=DIRECTION('',(0.,0.,1.));
#3840=DIRECTION('',(1.,0.,0.));
#3841=DIRECTION('',(0.,0.,1.));
#3842=DIRECTION('',(1.,0.,0.));
#3843=DIRECTION('',(0.,0.,-1.));
#3844=DIRECTION('',(-1.,0.,0.));
#3845=CARTESIAN_POINT('',(0.,0.,0.));
#3846=CARTESIAN_POINT('',(-0.00150145767875452,-0.0056164731245283,0.0035));
#3847=CARTESIAN_POINT('',(0.0461095156547442,-0.0155530867057149,0.0035));
#3848=CARTESIAN_POINT('',(0.0634007041751304,-0.0155530867057149,0.0035));
#3849=CARTESIAN_POINT('',(0.046255962264151,-0.0155530867057149,0.0035));
#3850=CARTESIAN_POINT('',(0.0469630690453375,-0.0141388731433417,0.0035));
#3851=CARTESIAN_POINT('',(0.0455488554829644,-0.0148459799245283,0.0035));
#3852=CARTESIAN_POINT('',(0.0455488554829644,0.0225072955386878,0.0035));
#3853=CARTESIAN_POINT('',(0.0455488554829644,0.0223608489292811,0.0035));
#3854=CARTESIAN_POINT('',(0.0469630690453375,0.0216537421480946,0.0035));
#3855=CARTESIAN_POINT('',(0.0462559622641509,0.0230679557104677,0.0035));
#3856=CARTESIAN_POINT('',(0.0635471507845371,0.0230679557104677,0.0035));
#3857=CARTESIAN_POINT('',(0.0634007041751304,0.0230679557104677,0.0035));
#3858=CARTESIAN_POINT('',(0.0626935973939439,0.0216537421480946,0.0035));
#3859=CARTESIAN_POINT('',(0.064107810956317,0.0223608489292811,0.0035));
#3860=CARTESIAN_POINT('',(0.064107810956317,-0.014992426533935,0.0035));
#3861=CARTESIAN_POINT('',(0.064107810956317,-0.0148459799245283,0.0035));
#3862=CARTESIAN_POINT('',(0.0626935973939439,-0.0141388731433417,0.0035));
#3863=CARTESIAN_POINT('',(-0.00150145767875452,-0.024967268180236,0.0035));
#3864=CARTESIAN_POINT('',(0.0605208269041595,-0.024967268180236,0.0035));
#3865=CARTESIAN_POINT('',(0.0498505556547442,-0.024967268180236,0.0035));
#3866=CARTESIAN_POINT('',(0.0502041090453375,-0.0242601613990495,0.0035));
#3867=CARTESIAN_POINT('',(0.049497002264151,-0.0246137147896428,0.0035));
#3868=CARTESIAN_POINT('',(0.049497002264151,-0.0056164731245283,0.0035));
#3869=CARTESIAN_POINT('',(0.049497002264151,-0.0188227233151216,0.0035));
#3870=CARTESIAN_POINT('',(0.0502041090453375,-0.0191762767057149,0.0035));
#3871=CARTESIAN_POINT('',(0.0498505556547442,-0.0184691699245283,0.0035));
#3872=CARTESIAN_POINT('',(0.0551856912794519,-0.0184691699245283,0.0035));
#3873=CARTESIAN_POINT('',(0.0605208269041595,-0.0184691699245283,0.0035));
#3874=CARTESIAN_POINT('',(0.0601672735135663,-0.0191762767057149,0.0035));
#3875=CARTESIAN_POINT('',(0.0608743802947528,-0.0188227233151216,0.0035));
#3876=CARTESIAN_POINT('',(0.0608743802947528,-0.0217182190523822,0.0035));
#3877=CARTESIAN_POINT('',(0.0608743802947528,-0.0246137147896428,0.0035));
#3878=CARTESIAN_POINT('',(0.0601672735135663,-0.0242601613990495,0.0035));
#3879=CARTESIAN_POINT('',(0.0349495013277194,0.0485488290046696,0.0035));
#3880=CARTESIAN_POINT('',(-6.72389377475297E-5,0.052461980018278,0.0035));
#3881=CARTESIAN_POINT('',(0.0655944544308804,0.0451242289879776,0.0035));
#3882=CARTESIAN_POINT('',(-0.00228842987001028,0.0325857049436461,0.0035));
#3883=CARTESIAN_POINT('',(-0.00453968026868595,0.0524585978292444,0.0035));
#3884=CARTESIAN_POINT('',(-0.0390524953794263,0.0485489008754717,0.0035));
#3885=CARTESIAN_POINT('',(-0.0691455597789298,0.0451398842005089,0.0035));
#3886=CARTESIAN_POINT('',(-0.0683013408794264,0.0376875493684095,0.0035));
#3887=CARTESIAN_POINT('',(-0.0758013408794264,0.0376875493684095,0.0035));
#3888=CARTESIAN_POINT('',(-0.0758013408794264,-0.0074669326245283,0.0035));
#3889=CARTESIAN_POINT('',(-0.0758013408794264,-0.0562131648816838,0.0035));
#3890=CARTESIAN_POINT('',(-0.0683013408794264,-0.0562131648816838,0.0035));
#3891=CARTESIAN_POINT('',(-0.0736046423116453,-0.061516465167263,0.0035));
#3892=CARTESIAN_POINT('',(-0.0734888008794264,-0.0616323066245283,0.0035));
#3893=CARTESIAN_POINT('',(-0.0733729601188934,-0.0617481474101075,0.0035));
#3894=CARTESIAN_POINT('',(-0.0680696586866744,-0.0564448471245283,0.0035));
#3895=CARTESIAN_POINT('',(-0.0680696586866744,-0.0639448471245283,0.0035));
#3896=CARTESIAN_POINT('',(-0.0120703513885256,-0.0639448471245283,0.0035));
#3897=CARTESIAN_POINT('',(0.0429072853477876,-0.0639448471245283,0.0035));
#3898=CARTESIAN_POINT('',(0.0429072853477876,-0.0564448471245283,0.0035));
#3899=CARTESIAN_POINT('',(0.0492439476735215,-0.0604569177332818,0.0035));
#3900=CARTESIAN_POINT('',(0.0599169918121462,-0.0435999171245283,0.0035));
#3901=CARTESIAN_POINT('',(0.0716159092247678,-0.0251226527766146,0.0035));
#3902=CARTESIAN_POINT('',(0.0652792468990338,-0.0211105821678611,0.0035));
#3903=CARTESIAN_POINT('',(0.0727789559942518,-0.0210445254717282,0.0035));
#3904=CARTESIAN_POINT('',(0.0725005390283913,0.0105653850046696,0.0035));
#3905=CARTESIAN_POINT('',(0.0722612169264999,0.0377366825311235,0.0035));
#3906=CARTESIAN_POINT('',(0.0647615078312819,0.0376706258349907,0.0035));
#3907=CARTESIAN_POINT('',(0.0448890576927224,-0.0230689449245283,0.0035));
#3908=CARTESIAN_POINT('',(0.0448890576927224,-0.0308689449245283,0.0035));
#3909=CARTESIAN_POINT('',(0.0448890576927224,-0.0152689449245283,0.0035));
#3910=CARTESIAN_POINT('',(0.0370890576927224,-0.0308689449245283,0.0035));
#3911=CARTESIAN_POINT('',(0.0292890576927224,-0.0308689449245283,0.0035));
#3912=CARTESIAN_POINT('',(0.0292890576927224,-0.0230689449245283,0.0035));
#3913=CARTESIAN_POINT('',(0.0292890576927224,-0.0152689449245283,0.0035));
#3914=CARTESIAN_POINT('',(0.0370890576927224,-0.0152689449245283,0.0035));
#3915=CARTESIAN_POINT('',(0.0180890576927224,-0.0358689449245283,0.0035));
#3916=CARTESIAN_POINT('',(0.0102890576927224,-0.0358689449245283,0.0035));
#3917=CARTESIAN_POINT('',(0.0258890576927224,-0.0358689449245283,0.0035));
#3918=CARTESIAN_POINT('',(0.0102890576927224,-0.0280689449245283,0.0035));
#3919=CARTESIAN_POINT('',(0.0102890576927224,-0.0202689449245283,0.0035));
#3920=CARTESIAN_POINT('',(0.0180890576927224,-0.0202689449245283,0.0035));
#3921=CARTESIAN_POINT('',(0.0258890576927224,-0.0202689449245283,0.0035));
#3922=CARTESIAN_POINT('',(0.0258890576927224,-0.0280689449245283,0.0035));
#3923=CARTESIAN_POINT('',(0.0180344296927223,-0.0181918209245283,0.0035));
#3924=CARTESIAN_POINT('',(0.0102344296927224,-0.0181918209245283,0.0035));
#3925=CARTESIAN_POINT('',(0.0258344296927224,-0.0181918209245283,0.0035));
#3926=CARTESIAN_POINT('',(0.0102344296927224,-0.0103918209245283,0.0035));
#3927=CARTESIAN_POINT('',(0.0102344296927224,-0.0025918209245283,0.0035));
#3928=CARTESIAN_POINT('',(0.0180344296927224,-0.0025918209245283,0.0035));
#3929=CARTESIAN_POINT('',(0.0258344296927224,-0.0025918209245283,0.0035));
#3930=CARTESIAN_POINT('',(0.0258344296927224,-0.0103918209245283,0.0035));
#3931=CARTESIAN_POINT('',(0.0102344296927224,0.0070846070754717,0.0035));
#3932=CARTESIAN_POINT('',(0.0102344296927224,0.0148846070754717,0.0035));
#3933=CARTESIAN_POINT('',(0.0102344296927224,-0.000715392924528301,0.0035));
#3934=CARTESIAN_POINT('',(0.0180344296927224,0.0148846070754717,0.0035));
#3935=CARTESIAN_POINT('',(0.0258344296927224,0.0148846070754717,0.0035));
#3936=CARTESIAN_POINT('',(0.0258344296927224,0.0070846070754717,0.0035));
#3937=CARTESIAN_POINT('',(0.0258344296927224,-0.000715392924528303,0.0035));
#3938=CARTESIAN_POINT('',(0.0180344296927223,-0.000715392924528302,0.0035));
#3939=CARTESIAN_POINT('',(0.0370470156927224,0.0042846070754717,0.0035));
#3940=CARTESIAN_POINT('',(0.0292470156927224,0.0042846070754717,0.0035));
#3941=CARTESIAN_POINT('',(0.0448470156927224,0.0042846070754717,0.0035));
#3942=CARTESIAN_POINT('',(0.0292470156927224,0.0120846070754717,0.0035));
#3943=CARTESIAN_POINT('',(0.0292470156927224,0.0198846070754717,0.0035));
#3944=CARTESIAN_POINT('',(0.0370470156927224,0.0198846070754717,0.0035));
#3945=CARTESIAN_POINT('',(0.0448470156927224,0.0198846070754717,0.0035));
#3946=CARTESIAN_POINT('',(0.0448470156927224,0.0120846070754717,0.0035));
#3947=CARTESIAN_POINT('',(0.0448470156927224,-0.0053918209245283,0.0035));
#3948=CARTESIAN_POINT('',(0.0448470156927224,-0.0131918209245283,0.0035));
#3949=CARTESIAN_POINT('',(0.0448470156927224,0.0024081790754717,0.0035));
#3950=CARTESIAN_POINT('',(0.0370470156927224,-0.0131918209245283,0.0035));
#3951=CARTESIAN_POINT('',(0.0292470156927224,-0.0131918209245283,0.0035));
#3952=CARTESIAN_POINT('',(0.0292470156927224,-0.0053918209245283,0.0035));
#3953=CARTESIAN_POINT('',(0.0292470156927224,0.0024081790754717,0.0035));
#3954=CARTESIAN_POINT('',(0.0370470156927224,0.0024081790754717,0.0035));
#3955=CARTESIAN_POINT('',(0.0370470156927224,0.0215424720754717,0.0035));
#3956=CARTESIAN_POINT('',(0.0292470156927224,0.0215424720754717,0.0035));
#3957=CARTESIAN_POINT('',(0.0448470156927224,0.0215424720754717,0.0035));
#3958=CARTESIAN_POINT('',(0.0292470156927224,0.0293424720754717,0.0035));
#3959=CARTESIAN_POINT('',(0.0292470156927224,0.0371424720754717,0.0035));
#3960=CARTESIAN_POINT('',(0.0370470156927224,0.0371424720754717,0.0035));
#3961=CARTESIAN_POINT('',(0.0448470156927224,0.0371424720754717,0.0035));
#3962=CARTESIAN_POINT('',(0.0448470156927224,0.0293424720754717,0.0035));
#3963=CARTESIAN_POINT('',(-0.0665029843072776,0.0243424720754717,0.0035));
#3964=CARTESIAN_POINT('',(-0.0665029843072776,0.0321424720754717,0.0035));
#3965=CARTESIAN_POINT('',(-0.0665029843072776,0.0165424720754717,0.0035));
#3966=CARTESIAN_POINT('',(-0.0587029843072776,0.0321424720754717,0.0035));
#3967=CARTESIAN_POINT('',(-0.0509029843072776,0.0321424720754717,0.0035));
#3968=CARTESIAN_POINT('',(-0.0509029843072776,0.0243424720754717,0.0035));
#3969=CARTESIAN_POINT('',(-0.0509029843072776,0.0165424720754717,0.0035));
#3970=CARTESIAN_POINT('',(-0.0587029843072776,0.0165424720754717,0.0035));
#3971=CARTESIAN_POINT('',(-0.0392572283072777,0.0024081790754717,0.0035));
#3972=CARTESIAN_POINT('',(-0.0314572283072777,0.0024081790754717,0.0035));
#3973=CARTESIAN_POINT('',(-0.0470572283072776,0.0024081790754717,0.0035));
#3974=CARTESIAN_POINT('',(-0.0314572283072777,-0.0053918209245283,0.0035));
#3975=CARTESIAN_POINT('',(-0.0314572283072777,-0.0131918209245283,0.0035));
#3976=CARTESIAN_POINT('',(-0.0392572283072777,-0.0131918209245283,0.0035));
#3977=CARTESIAN_POINT('',(-0.0470572283072776,-0.0131918209245283,0.0035));
#3978=CARTESIAN_POINT('',(-0.0470572283072776,-0.0053918209245283,0.0035));
#3979=CARTESIAN_POINT('',(-0.0204029843072776,0.0321424720754717,0.0035));
#3980=CARTESIAN_POINT('',(-0.0126029843072776,0.0321424720754717,0.0035));
#3981=CARTESIAN_POINT('',(-0.0282029843072776,0.0321424720754717,0.0035));
#3982=CARTESIAN_POINT('',(-0.0126029843072776,0.0243424720754717,0.0035));
#3983=CARTESIAN_POINT('',(-0.0126029843072776,0.0165424720754717,0.0035));
#3984=CARTESIAN_POINT('',(-0.0204029843072777,0.0165424720754717,0.0035));
#3985=CARTESIAN_POINT('',(-0.0282029843072776,0.0165424720754717,0.0035));
#3986=CARTESIAN_POINT('',(-0.0282029843072776,0.0243424720754717,0.0035));
#3987=CARTESIAN_POINT('',(-0.0204029843072776,0.0148846070754717,0.0035));
#3988=CARTESIAN_POINT('',(-0.0126029843072776,0.0148846070754717,0.0035));
#3989=CARTESIAN_POINT('',(-0.0282029843072777,0.0148846070754717,0.0035));
#3990=CARTESIAN_POINT('',(-0.0126029843072776,0.0070846070754717,0.0035));
#3991=CARTESIAN_POINT('',(-0.0126029843072776,-0.000715392924528303,0.0035));
#3992=CARTESIAN_POINT('',(-0.0204029843072777,-0.000715392924528302,0.0035));
#3993=CARTESIAN_POINT('',(-0.0282029843072776,-0.000715392924528301,0.0035));
#3994=CARTESIAN_POINT('',(-0.0282029843072777,0.0070846070754717,0.0035));
#3995=CARTESIAN_POINT('',(-0.0204029843072776,-0.0025918209245283,0.0035));
#3996=CARTESIAN_POINT('',(-0.0126029843072776,-0.0025918209245283,0.0035));
#3997=CARTESIAN_POINT('',(-0.0282029843072776,-0.0025918209245283,0.0035));
#3998=CARTESIAN_POINT('',(-0.0126029843072776,-0.0103918209245283,0.0035));
#3999=CARTESIAN_POINT('',(-0.0126029843072776,-0.0181918209245283,0.0035));
#4000=CARTESIAN_POINT('',(-0.0204029843072777,-0.0181918209245283,0.0035));
#4001=CARTESIAN_POINT('',(-0.0282029843072776,-0.0181918209245283,0.0035));
#4002=CARTESIAN_POINT('',(-0.0282029843072776,-0.0103918209245283,0.0035));
#4003=CARTESIAN_POINT('',(0.00668442969272237,0.0293424720754717,0.0035));
#4004=CARTESIAN_POINT('',(0.00668442969272237,0.0215424720754717,0.0035));
#4005=CARTESIAN_POINT('',(0.00668442969272237,0.0371424720754717,0.0035));
#4006=CARTESIAN_POINT('',(-0.00111557030727763,0.0215424720754717,0.0035));
#4007=CARTESIAN_POINT('',(-0.00891557030727763,0.0215424720754717,0.0035));
#4008=CARTESIAN_POINT('',(-0.00891557030727763,0.0293424720754717,0.0035));
#4009=CARTESIAN_POINT('',(-0.00891557030727762,0.0371424720754717,0.0035));
#4010=CARTESIAN_POINT('',(-0.00111557030727763,0.0371424720754717,0.0035));
#4011=CARTESIAN_POINT('',(0.00668442969272237,0.0120846070754717,0.0035));
#4012=CARTESIAN_POINT('',(0.00668442969272237,0.0042846070754717,0.0035));
#4013=CARTESIAN_POINT('',(0.00668442969272237,0.0198846070754717,0.0035));
#4014=CARTESIAN_POINT('',(-0.00111557030727763,0.0042846070754717,0.0035));
#4015=CARTESIAN_POINT('',(-0.00891557030727763,0.0042846070754717,0.0035));
#4016=CARTESIAN_POINT('',(-0.00891557030727763,0.0120846070754717,0.0035));
#4017=CARTESIAN_POINT('',(-0.00891557030727762,0.0198846070754717,0.0035));
#4018=CARTESIAN_POINT('',(-0.00111557030727763,0.0198846070754717,0.0035));
#4019=CARTESIAN_POINT('',(-0.0635120377358491,-0.0510046299245283,0.0035));
#4020=CARTESIAN_POINT('',(-0.0620120377358491,-0.0510046299245283,0.0035));
#4021=CARTESIAN_POINT('',(-0.0662120377358491,0.0370453700754717,0.0035));
#4022=CARTESIAN_POINT('',(-0.0647120377358491,0.0370453700754717,0.0035));
#4023=CARTESIAN_POINT('',(0.050987962264151,-0.0375046299245283,0.0035));
#4024=CARTESIAN_POINT('',(0.052487962264151,-0.0375046299245283,0.0035));
#4025=CARTESIAN_POINT('',(0.0624879622641509,0.0364953700754717,0.0035));
#4026=CARTESIAN_POINT('',(0.0639879622641509,0.0364953700754717,0.0035));
#4027=CARTESIAN_POINT('',(-0.00111557030727763,0.0024081790754717,0.0035));
#4028=CARTESIAN_POINT('',(0.00668442969272237,0.0024081790754717,0.0035));
#4029=CARTESIAN_POINT('',(-0.00891557030727762,0.0024081790754717,0.0035));
#4030=CARTESIAN_POINT('',(0.00668442969272237,-0.0053918209245283,0.0035));
#4031=CARTESIAN_POINT('',(0.00668442969272237,-0.0131918209245283,0.0035));
#4032=CARTESIAN_POINT('',(-0.00111557030727763,-0.0131918209245283,0.0035));
#4033=CARTESIAN_POINT('',(-0.00891557030727763,-0.0131918209245283,0.0035));
#4034=CARTESIAN_POINT('',(-0.00891557030727763,-0.0053918209245283,0.0035));
#4035=CARTESIAN_POINT('',(-0.0314572283072777,0.0293424720754717,0.0035));
#4036=CARTESIAN_POINT('',(-0.0314572283072777,0.0371424720754717,0.0035));
#4037=CARTESIAN_POINT('',(-0.0314572283072777,0.0215424720754717,0.0035));
#4038=CARTESIAN_POINT('',(-0.0392572283072777,0.0215424720754717,0.0035));
#4039=CARTESIAN_POINT('',(-0.0470572283072776,0.0215424720754717,0.0035));
#4040=CARTESIAN_POINT('',(-0.0470572283072776,0.0293424720754717,0.0035));
#4041=CARTESIAN_POINT('',(-0.0470572283072776,0.0371424720754717,0.0035));
#4042=CARTESIAN_POINT('',(-0.0392572283072777,0.0371424720754717,0.0035));
#4043=CARTESIAN_POINT('',(-0.0314572283072777,0.0120846070754717,0.0035));
#4044=CARTESIAN_POINT('',(-0.0314572283072777,0.0198846070754717,0.0035));
#4045=CARTESIAN_POINT('',(-0.0314572283072777,0.0042846070754717,0.0035));
#4046=CARTESIAN_POINT('',(-0.0392572283072777,0.0042846070754717,0.0035));
#4047=CARTESIAN_POINT('',(-0.0470572283072776,0.0042846070754717,0.0035));
#4048=CARTESIAN_POINT('',(-0.0470572283072776,0.0120846070754717,0.0035));
#4049=CARTESIAN_POINT('',(-0.0470572283072776,0.0198846070754717,0.0035));
#4050=CARTESIAN_POINT('',(-0.0392572283072777,0.0198846070754717,0.0035));
#4051=CARTESIAN_POINT('',(-0.0587029843072776,-0.0025918209245283,0.0035));
#4052=CARTESIAN_POINT('',(-0.0665029843072776,-0.0025918209245283,0.0035));
#4053=CARTESIAN_POINT('',(-0.0509029843072776,-0.0025918209245283,0.0035));
#4054=CARTESIAN_POINT('',(-0.0509029843072776,-0.0103918209245283,0.0035));
#4055=CARTESIAN_POINT('',(-0.0509029843072776,-0.0181918209245283,0.0035));
#4056=CARTESIAN_POINT('',(-0.0587029843072776,-0.0181918209245283,0.0035));
#4057=CARTESIAN_POINT('',(-0.0665029843072776,-0.0181918209245283,0.0035));
#4058=CARTESIAN_POINT('',(-0.0665029843072776,-0.0103918209245283,0.0035));
#4059=CARTESIAN_POINT('',(-0.0587029843072776,0.0148846070754717,0.0035));
#4060=CARTESIAN_POINT('',(-0.0665029843072776,0.0148846070754717,0.0035));
#4061=CARTESIAN_POINT('',(-0.0509029843072776,0.0148846070754717,0.0035));
#4062=CARTESIAN_POINT('',(-0.0509029843072776,0.0070846070754717,0.0035));
#4063=CARTESIAN_POINT('',(-0.0509029843072776,-0.000715392924528303,0.0035));
#4064=CARTESIAN_POINT('',(-0.0587029843072776,-0.000715392924528302,0.0035));
#4065=CARTESIAN_POINT('',(-0.0665029843072776,-0.000715392924528301,0.0035));
#4066=CARTESIAN_POINT('',(-0.0665029843072776,0.0070846070754717,0.0035));
#4067=CARTESIAN_POINT('',(0.0180344296927223,0.0165424720754717,0.0035));
#4068=CARTESIAN_POINT('',(0.0258344296927224,0.0165424720754717,0.0035));
#4069=CARTESIAN_POINT('',(0.0102344296927224,0.0165424720754717,0.0035));
#4070=CARTESIAN_POINT('',(0.0102344296927224,0.0243424720754717,0.0035));
#4071=CARTESIAN_POINT('',(0.0102344296927224,0.0321424720754717,0.0035));
#4072=CARTESIAN_POINT('',(0.0180344296927224,0.0321424720754717,0.0035));
#4073=CARTESIAN_POINT('',(0.0258344296927224,0.0321424720754717,0.0035));
#4074=CARTESIAN_POINT('',(0.0258344296927224,0.0243424720754717,0.0035));
#4075=CARTESIAN_POINT('',(0.0320890576927224,-0.0521189449245283,0.0035));
#4076=CARTESIAN_POINT('',(0.0398890576927224,-0.0521189449245283,0.0035));
#4077=CARTESIAN_POINT('',(0.0242890576927224,-0.0521189449245283,0.0035));
#4078=CARTESIAN_POINT('',(0.0242890576927224,-0.0443189449245283,0.0035));
#4079=CARTESIAN_POINT('',(0.0242890576927224,-0.0365189449245283,0.0035));
#4080=CARTESIAN_POINT('',(0.0320890576927224,-0.0365189449245283,0.0035));
#4081=CARTESIAN_POINT('',(0.0398890576927224,-0.0365189449245283,0.0035));
#4082=CARTESIAN_POINT('',(0.0398890576927224,-0.0443189449245283,0.0035));
#4083=CARTESIAN_POINT('',(0.0609007041751304,0.0037574345023764,0.0035));
#4084=CARTESIAN_POINT('',(0.0609007041751304,0.0037574345023764,0.));
#4085=CARTESIAN_POINT('',(0.0609007041751304,0.0190608489292811,0.));
#4086=CARTESIAN_POINT('',(0.0609007041751304,-0.0115459799245283,0.));
#4087=CARTESIAN_POINT('',(0.0609007041751304,-0.0115459799245283,0.000502579955866064));
#4088=CARTESIAN_POINT('',(0.0609007041751304,-0.0115459799245283,0.000499999999999991));
#4089=CARTESIAN_POINT('',(0.0609007041751304,0.0037574345023764,0.0005));
#4090=CARTESIAN_POINT('',(0.0609007041751304,0.0190608489292811,0.0005));
#4091=CARTESIAN_POINT('',(0.0609007041751304,0.0190608489292811,0.0035));
#4092=CARTESIAN_POINT('',(0.0548283332196407,-0.0120459799245283,0.0035));
#4093=CARTESIAN_POINT('',(0.0606007041751305,-0.0120459799245283,0.000907106781186551));
#4094=CARTESIAN_POINT('',(0.0602471507845372,-0.0120459799245283,0.0002));
#4095=CARTESIAN_POINT('',(0.0604007041751304,-0.0120459799245283,0.000219739774963009));
#4096=CARTESIAN_POINT('',(0.0604007041751304,-0.0120459799245283,0.));
#4097=CARTESIAN_POINT('',(0.0604007041751304,-0.0120459799245283,0.));
#4098=CARTESIAN_POINT('',(0.0548283332196407,-0.0120459799245283,0.));
#4099=CARTESIAN_POINT('',(0.049255962264151,-0.0120459799245283,0.));
#4100=CARTESIAN_POINT('',(0.049255962264151,-0.0120459799245283,0.000502579955866082));
#4101=CARTESIAN_POINT('',(0.049255962264151,-0.0120459799245283,0.000219739774963013));
#4102=CARTESIAN_POINT('',(0.049055962264151,-0.0120459799245283,0.000907106781186548));
#4103=CARTESIAN_POINT('',(0.0494095156547442,-0.0120459799245283,0.0002));
#4104=CARTESIAN_POINT('',(0.0548283332196407,-0.0120459799245283,0.0002));
#4105=CARTESIAN_POINT('',(0.048755962264151,0.00375743450237639,0.0035));
#4106=CARTESIAN_POINT('',(0.048755962264151,0.00375743450237639,0.));
#4107=CARTESIAN_POINT('',(0.048755962264151,-0.0115459799245283,0.));
#4108=CARTESIAN_POINT('',(0.048755962264151,0.0190608489292811,0.));
#4109=CARTESIAN_POINT('',(0.048755962264151,0.0190608489292811,0.0035));
#4110=CARTESIAN_POINT('',(0.048755962264151,0.0190608489292811,0.000499999999999977));
#4111=CARTESIAN_POINT('',(0.048755962264151,0.00375743450237639,0.000499999999999993));
#4112=CARTESIAN_POINT('',(0.048755962264151,-0.0115459799245283,0.000500000000000008));
#4113=CARTESIAN_POINT('',(0.048755962264151,-0.0115459799245283,0.));
#4114=CARTESIAN_POINT('',(0.0548283332196407,0.0195608489292811,0.0035));
#4115=CARTESIAN_POINT('',(0.0490559622641509,0.0195608489292811,0.000907106781186541));
#4116=CARTESIAN_POINT('',(0.0494095156547442,0.0195608489292811,0.0002));
#4117=CARTESIAN_POINT('',(0.049255962264151,0.0195608489292811,0.000219739774963));
#4118=CARTESIAN_POINT('',(0.049255962264151,0.0195608489292811,0.0035));
#4119=CARTESIAN_POINT('',(0.049255962264151,0.0195608489292811,0.));
#4120=CARTESIAN_POINT('',(0.0548283332196407,0.0195608489292811,0.));
#4121=CARTESIAN_POINT('',(0.0604007041751304,0.0195608489292811,0.));
#4122=CARTESIAN_POINT('',(0.0604007041751304,0.0195608489292811,0.0035));
#4123=CARTESIAN_POINT('',(0.0604007041751304,0.0195608489292811,0.000219739774962998));
#4124=CARTESIAN_POINT('',(0.0606007041751304,0.0195608489292811,0.000907106781186533));
#4125=CARTESIAN_POINT('',(0.0602471507845371,0.0195608489292811,0.0002));
#4126=CARTESIAN_POINT('',(0.0548283332196407,0.0195608489292811,0.0002));
#4127=CARTESIAN_POINT('',(0.0601904202947528,-0.0217182190523822,0.0035));
#4128=CARTESIAN_POINT('',(0.0601904202947528,-0.0217182190523822,0.00281604));
#4129=CARTESIAN_POINT('',(0.0601904202947528,-0.0195066833151216,0.00281604));
#4130=CARTESIAN_POINT('',(0.0601904202947528,-0.0239297547896428,0.00281604));
#4131=CARTESIAN_POINT('',(0.0601904202947528,-0.0191531299245283,0.00352314678118655));
#4132=CARTESIAN_POINT('',(0.0601904202947528,-0.0191531299245283,0.00291077434549076));
#4133=CARTESIAN_POINT('',(0.0601904202947528,-0.0191531299245283,0.0035));
#4134=CARTESIAN_POINT('',(0.0601904202947528,-0.0191531299245283,0.));
#4135=CARTESIAN_POINT('',(0.0601904202947528,-0.0217182190523822,0.));
#4136=CARTESIAN_POINT('',(0.0601904202947528,-0.0242833081802361,0.));
#4137=CARTESIAN_POINT('',(0.0601904202947528,-0.0242833081802361,0.0035));
#4138=CARTESIAN_POINT('',(0.0601904202947528,-0.0242833081802361,0.00291077434549076));
#4139=CARTESIAN_POINT('',(0.0601904202947528,-0.0242833081802361,0.00352314678118655));
#4140=CARTESIAN_POINT('',(0.0551856912794519,-0.0242833081802361,0.0035));
#4141=CARTESIAN_POINT('',(0.0551856912794519,-0.0242833081802361,0.00281604));
#4142=CARTESIAN_POINT('',(0.0598368669041595,-0.0242833081802361,0.00281604));
#4143=CARTESIAN_POINT('',(0.0505345156547442,-0.0242833081802361,0.00281604));
#4144=CARTESIAN_POINT('',(0.0601904202947528,-0.0242833081802361,0.00352314678118654));
#4145=CARTESIAN_POINT('',(0.0551856912794519,-0.0242833081802361,0.));
#4146=CARTESIAN_POINT('',(0.050180962264151,-0.0242833081802361,0.));
#4147=CARTESIAN_POINT('',(0.050180962264151,-0.0242833081802361,0.0035));
#4148=CARTESIAN_POINT('',(0.050180962264151,-0.0242833081802361,0.00291077434549075));
#4149=CARTESIAN_POINT('',(0.050180962264151,-0.0242833081802361,0.00352314678118654));
#4150=CARTESIAN_POINT('',(0.050180962264151,-0.0217182190523822,0.0035));
#4151=CARTESIAN_POINT('',(0.050180962264151,-0.0217182190523822,0.00281604));
#4152=CARTESIAN_POINT('',(0.050180962264151,-0.0239297547896428,0.00281604));
#4153=CARTESIAN_POINT('',(0.050180962264151,-0.0195066833151216,0.00281604));
#4154=CARTESIAN_POINT('',(0.050180962264151,-0.0242833081802361,0.00352314678118655));
#4155=CARTESIAN_POINT('',(0.050180962264151,-0.0217182190523822,0.));
#4156=CARTESIAN_POINT('',(0.050180962264151,-0.0191531299245283,0.));
#4157=CARTESIAN_POINT('',(0.050180962264151,-0.0191531299245283,0.0035));
#4158=CARTESIAN_POINT('',(0.050180962264151,-0.0191531299245283,0.00291077434549076));
#4159=CARTESIAN_POINT('',(0.050180962264151,-0.0191531299245283,0.00352314678118655));
#4160=CARTESIAN_POINT('',(0.0551856912794519,-0.0191531299245283,0.0035));
#4161=CARTESIAN_POINT('',(0.0551856912794519,-0.0191531299245283,0.00281604));
#4162=CARTESIAN_POINT('',(0.0505345156547442,-0.0191531299245283,0.00281604));
#4163=CARTESIAN_POINT('',(0.0598368669041595,-0.0191531299245283,0.00281604));
#4164=CARTESIAN_POINT('',(0.050180962264151,-0.0191531299245283,0.00352314678118654));
#4165=CARTESIAN_POINT('',(0.0551856912794519,-0.0191531299245283,0.));
#4166=CARTESIAN_POINT('',(0.0601904202947528,-0.0191531299245283,0.00352314678118654));
#4167=CARTESIAN_POINT('',(0.0320890576927224,-0.0521189449245283,0.0035));
#4168=CARTESIAN_POINT('',(0.0320890576927224,-0.0521189449245283,0.));
#4169=CARTESIAN_POINT('',(0.0398890576927224,-0.0521189449245283,0.));
#4170=CARTESIAN_POINT('',(0.0242890576927224,-0.0521189449245283,0.));
#4171=CARTESIAN_POINT('',(0.0242890576927224,-0.0521189449245283,0.0035));
#4172=CARTESIAN_POINT('',(0.0398890576927224,-0.0521189449245283,0.0035));
#4173=CARTESIAN_POINT('',(0.0242890576927224,-0.0443189449245283,0.0035));
#4174=CARTESIAN_POINT('',(0.0242890576927224,-0.0443189449245283,0.));
#4175=CARTESIAN_POINT('',(0.0242890576927224,-0.0365189449245283,0.));
#4176=CARTESIAN_POINT('',(0.0242890576927224,-0.0365189449245283,0.0035));
#4177=CARTESIAN_POINT('',(0.0320890576927224,-0.0365189449245283,0.0035));
#4178=CARTESIAN_POINT('',(0.0320890576927224,-0.0365189449245283,0.));
#4179=CARTESIAN_POINT('',(0.0398890576927224,-0.0365189449245283,0.));
#4180=CARTESIAN_POINT('',(0.0398890576927224,-0.0365189449245283,0.0035));
#4181=CARTESIAN_POINT('',(0.0180344296927223,0.0165424720754717,0.0035));
#4182=CARTESIAN_POINT('',(0.0180344296927223,0.0165424720754717,0.));
#4183=CARTESIAN_POINT('',(0.0258344296927224,0.0165424720754717,0.));
#4184=CARTESIAN_POINT('',(0.0102344296927224,0.0165424720754717,0.));
#4185=CARTESIAN_POINT('',(0.0102344296927224,0.0165424720754717,0.0035));
#4186=CARTESIAN_POINT('',(0.0258344296927224,0.0165424720754717,0.0035));
#4187=CARTESIAN_POINT('',(0.0102344296927224,0.0243424720754717,0.0035));
#4188=CARTESIAN_POINT('',(0.0102344296927224,0.0243424720754717,0.));
#4189=CARTESIAN_POINT('',(0.0102344296927224,0.0321424720754717,0.));
#4190=CARTESIAN_POINT('',(0.0102344296927224,0.0321424720754717,0.0035));
#4191=CARTESIAN_POINT('',(0.0180344296927224,0.0321424720754717,0.0035));
#4192=CARTESIAN_POINT('',(0.0180344296927224,0.0321424720754717,0.));
#4193=CARTESIAN_POINT('',(0.0258344296927224,0.0321424720754717,0.));
#4194=CARTESIAN_POINT('',(0.0258344296927224,0.0321424720754717,0.0035));
#4195=CARTESIAN_POINT('',(-0.0587029843072776,0.0148846070754717,0.0035));
#4196=CARTESIAN_POINT('',(-0.0587029843072776,0.0148846070754717,0.));
#4197=CARTESIAN_POINT('',(-0.0665029843072776,0.0148846070754717,0.));
#4198=CARTESIAN_POINT('',(-0.0509029843072776,0.0148846070754717,0.));
#4199=CARTESIAN_POINT('',(-0.0509029843072776,0.0148846070754717,0.0035));
#4200=CARTESIAN_POINT('',(-0.0665029843072776,0.0148846070754717,0.0035));
#4201=CARTESIAN_POINT('',(-0.0509029843072776,0.0070846070754717,0.0035));
#4202=CARTESIAN_POINT('',(-0.0509029843072776,0.0070846070754717,0.));
#4203=CARTESIAN_POINT('',(-0.0509029843072776,-0.000715392924528303,0.));
#4204=CARTESIAN_POINT('',(-0.0509029843072776,-0.000715392924528303,0.0035));
#4205=CARTESIAN_POINT('',(-0.0587029843072776,-0.000715392924528302,0.0035));
#4206=CARTESIAN_POINT('',(-0.0587029843072776,-0.000715392924528302,0.));
#4207=CARTESIAN_POINT('',(-0.0665029843072776,-0.000715392924528301,0.));
#4208=CARTESIAN_POINT('',(-0.0665029843072776,-0.000715392924528301,0.0035));
#4209=CARTESIAN_POINT('',(-0.0587029843072776,-0.0025918209245283,0.0035));
#4210=CARTESIAN_POINT('',(-0.0587029843072776,-0.0025918209245283,0.));
#4211=CARTESIAN_POINT('',(-0.0665029843072776,-0.0025918209245283,0.));
#4212=CARTESIAN_POINT('',(-0.0509029843072776,-0.0025918209245283,0.));
#4213=CARTESIAN_POINT('',(-0.0509029843072776,-0.0025918209245283,0.0035));
#4214=CARTESIAN_POINT('',(-0.0665029843072776,-0.0025918209245283,0.0035));
#4215=CARTESIAN_POINT('',(-0.0509029843072776,-0.0103918209245283,0.0035));
#4216=CARTESIAN_POINT('',(-0.0509029843072776,-0.0103918209245283,0.));
#4217=CARTESIAN_POINT('',(-0.0509029843072776,-0.0181918209245283,0.));
#4218=CARTESIAN_POINT('',(-0.0509029843072776,-0.0181918209245283,0.0035));
#4219=CARTESIAN_POINT('',(-0.0587029843072776,-0.0181918209245283,0.0035));
#4220=CARTESIAN_POINT('',(-0.0587029843072776,-0.0181918209245283,0.));
#4221=CARTESIAN_POINT('',(-0.0665029843072776,-0.0181918209245283,0.));
#4222=CARTESIAN_POINT('',(-0.0665029843072776,-0.0181918209245283,0.0035));
#4223=CARTESIAN_POINT('',(-0.0314572283072777,0.0120846070754717,0.0035));
#4224=CARTESIAN_POINT('',(-0.0314572283072777,0.0120846070754717,0.));
#4225=CARTESIAN_POINT('',(-0.0314572283072777,0.0198846070754717,0.));
#4226=CARTESIAN_POINT('',(-0.0314572283072777,0.0042846070754717,0.));
#4227=CARTESIAN_POINT('',(-0.0314572283072777,0.0042846070754717,0.0035));
#4228=CARTESIAN_POINT('',(-0.0314572283072777,0.0198846070754717,0.0035));
#4229=CARTESIAN_POINT('',(-0.0392572283072777,0.0042846070754717,0.0035));
#4230=CARTESIAN_POINT('',(-0.0392572283072777,0.0042846070754717,0.));
#4231=CARTESIAN_POINT('',(-0.0470572283072776,0.0042846070754717,0.));
#4232=CARTESIAN_POINT('',(-0.0470572283072776,0.0042846070754717,0.0035));
#4233=CARTESIAN_POINT('',(-0.0470572283072776,0.0120846070754717,0.0035));
#4234=CARTESIAN_POINT('',(-0.0470572283072776,0.0120846070754717,0.));
#4235=CARTESIAN_POINT('',(-0.0470572283072776,0.0198846070754717,0.));
#4236=CARTESIAN_POINT('',(-0.0470572283072776,0.0198846070754717,0.0035));
#4237=CARTESIAN_POINT('',(-0.0314572283072777,0.0293424720754717,0.0035));
#4238=CARTESIAN_POINT('',(-0.0314572283072777,0.0293424720754717,0.));
#4239=CARTESIAN_POINT('',(-0.0314572283072777,0.0371424720754717,0.));
#4240=CARTESIAN_POINT('',(-0.0314572283072777,0.0215424720754717,0.));
#4241=CARTESIAN_POINT('',(-0.0314572283072777,0.0215424720754717,0.0035));
#4242=CARTESIAN_POINT('',(-0.0314572283072777,0.0371424720754717,0.0035));
#4243=CARTESIAN_POINT('',(-0.0392572283072777,0.0215424720754717,0.0035));
#4244=CARTESIAN_POINT('',(-0.0392572283072777,0.0215424720754717,0.));
#4245=CARTESIAN_POINT('',(-0.0470572283072776,0.0215424720754717,0.));
#4246=CARTESIAN_POINT('',(-0.0470572283072776,0.0215424720754717,0.0035));
#4247=CARTESIAN_POINT('',(-0.0470572283072776,0.0293424720754717,0.0035));
#4248=CARTESIAN_POINT('',(-0.0470572283072776,0.0293424720754717,0.));
#4249=CARTESIAN_POINT('',(-0.0470572283072776,0.0371424720754717,0.));
#4250=CARTESIAN_POINT('',(-0.0470572283072776,0.0371424720754717,0.0035));
#4251=CARTESIAN_POINT('',(-0.00111557030727763,0.0024081790754717,0.0035));
#4252=CARTESIAN_POINT('',(-0.00111557030727763,0.0024081790754717,0.));
#4253=CARTESIAN_POINT('',(0.00668442969272237,0.0024081790754717,0.));
#4254=CARTESIAN_POINT('',(-0.00891557030727762,0.0024081790754717,0.));
#4255=CARTESIAN_POINT('',(0.00668442969272237,0.0024081790754717,0.0035));
#4256=CARTESIAN_POINT('',(-0.00891557030727762,0.0024081790754717,0.0035));
#4257=CARTESIAN_POINT('',(0.00668442969272237,-0.0053918209245283,0.0035));
#4258=CARTESIAN_POINT('',(0.00668442969272237,-0.0053918209245283,0.));
#4259=CARTESIAN_POINT('',(0.00668442969272237,-0.0131918209245283,0.));
#4260=CARTESIAN_POINT('',(0.00668442969272237,-0.0131918209245283,0.0035));
#4261=CARTESIAN_POINT('',(-0.00111557030727763,-0.0131918209245283,0.0035));
#4262=CARTESIAN_POINT('',(-0.00111557030727763,-0.0131918209245283,0.));
#4263=CARTESIAN_POINT('',(-0.00891557030727763,-0.0131918209245283,0.));
#4264=CARTESIAN_POINT('',(-0.00891557030727763,-0.0131918209245283,0.0035));
#4265=CARTESIAN_POINT('',(0.00668442969272237,0.0120846070754717,0.0035));
#4266=CARTESIAN_POINT('',(0.00668442969272237,0.0120846070754717,0.));
#4267=CARTESIAN_POINT('',(0.00668442969272237,0.0042846070754717,0.));
#4268=CARTESIAN_POINT('',(0.00668442969272237,0.0198846070754717,0.));
#4269=CARTESIAN_POINT('',(0.00668442969272237,0.0042846070754717,0.0035));
#4270=CARTESIAN_POINT('',(0.00668442969272237,0.0198846070754717,0.0035));
#4271=CARTESIAN_POINT('',(-0.00111557030727763,0.0042846070754717,0.0035));
#4272=CARTESIAN_POINT('',(-0.00111557030727763,0.0042846070754717,0.));
#4273=CARTESIAN_POINT('',(-0.00891557030727763,0.0042846070754717,0.));
#4274=CARTESIAN_POINT('',(-0.00891557030727763,0.0042846070754717,0.0035));
#4275=CARTESIAN_POINT('',(-0.00891557030727763,0.0120846070754717,0.0035));
#4276=CARTESIAN_POINT('',(-0.00891557030727763,0.0120846070754717,0.));
#4277=CARTESIAN_POINT('',(-0.00891557030727762,0.0198846070754717,0.));
#4278=CARTESIAN_POINT('',(-0.00891557030727762,0.0198846070754717,0.0035));
#4279=CARTESIAN_POINT('',(0.00668442969272237,0.0293424720754717,0.0035));
#4280=CARTESIAN_POINT('',(0.00668442969272237,0.0293424720754717,0.));
#4281=CARTESIAN_POINT('',(0.00668442969272237,0.0215424720754717,0.));
#4282=CARTESIAN_POINT('',(0.00668442969272237,0.0371424720754717,0.));
#4283=CARTESIAN_POINT('',(0.00668442969272237,0.0215424720754717,0.0035));
#4284=CARTESIAN_POINT('',(0.00668442969272237,0.0371424720754717,0.0035));
#4285=CARTESIAN_POINT('',(-0.00111557030727763,0.0215424720754717,0.0035));
#4286=CARTESIAN_POINT('',(-0.00111557030727763,0.0215424720754717,0.));
#4287=CARTESIAN_POINT('',(-0.00891557030727763,0.0215424720754717,0.));
#4288=CARTESIAN_POINT('',(-0.00891557030727763,0.0215424720754717,0.0035));
#4289=CARTESIAN_POINT('',(-0.00891557030727763,0.0293424720754717,0.0035));
#4290=CARTESIAN_POINT('',(-0.00891557030727763,0.0293424720754717,0.));
#4291=CARTESIAN_POINT('',(-0.00891557030727762,0.0371424720754717,0.));
#4292=CARTESIAN_POINT('',(-0.00891557030727762,0.0371424720754717,0.0035));
#4293=CARTESIAN_POINT('',(-0.0204029843072776,-0.0025918209245283,0.0035));
#4294=CARTESIAN_POINT('',(-0.0204029843072776,-0.0025918209245283,0.));
#4295=CARTESIAN_POINT('',(-0.0126029843072776,-0.0025918209245283,0.));
#4296=CARTESIAN_POINT('',(-0.0282029843072776,-0.0025918209245283,0.));
#4297=CARTESIAN_POINT('',(-0.0126029843072776,-0.0025918209245283,0.0035));
#4298=CARTESIAN_POINT('',(-0.0282029843072776,-0.0025918209245283,0.0035));
#4299=CARTESIAN_POINT('',(-0.0126029843072776,-0.0103918209245283,0.0035));
#4300=CARTESIAN_POINT('',(-0.0126029843072776,-0.0103918209245283,0.));
#4301=CARTESIAN_POINT('',(-0.0126029843072776,-0.0181918209245283,0.));
#4302=CARTESIAN_POINT('',(-0.0126029843072776,-0.0181918209245283,0.0035));
#4303=CARTESIAN_POINT('',(-0.0204029843072777,-0.0181918209245283,0.0035));
#4304=CARTESIAN_POINT('',(-0.0204029843072777,-0.0181918209245283,0.));
#4305=CARTESIAN_POINT('',(-0.0282029843072776,-0.0181918209245283,0.));
#4306=CARTESIAN_POINT('',(-0.0282029843072776,-0.0181918209245283,0.0035));
#4307=CARTESIAN_POINT('',(-0.0204029843072776,0.0148846070754717,0.0035));
#4308=CARTESIAN_POINT('',(-0.0204029843072776,0.0148846070754717,0.));
#4309=CARTESIAN_POINT('',(-0.0126029843072776,0.0148846070754717,0.));
#4310=CARTESIAN_POINT('',(-0.0282029843072777,0.0148846070754717,0.));
#4311=CARTESIAN_POINT('',(-0.0126029843072776,0.0148846070754717,0.0035));
#4312=CARTESIAN_POINT('',(-0.0282029843072777,0.0148846070754717,0.0035));
#4313=CARTESIAN_POINT('',(-0.0126029843072776,0.0070846070754717,0.0035));
#4314=CARTESIAN_POINT('',(-0.0126029843072776,0.0070846070754717,0.));
#4315=CARTESIAN_POINT('',(-0.0126029843072776,-0.000715392924528303,0.));
#4316=CARTESIAN_POINT('',(-0.0126029843072776,-0.000715392924528303,0.0035));
#4317=CARTESIAN_POINT('',(-0.0204029843072777,-0.000715392924528302,0.0035));
#4318=CARTESIAN_POINT('',(-0.0204029843072777,-0.000715392924528302,0.));
#4319=CARTESIAN_POINT('',(-0.0282029843072776,-0.000715392924528301,0.));
#4320=CARTESIAN_POINT('',(-0.0282029843072776,-0.000715392924528301,0.0035));
#4321=CARTESIAN_POINT('',(-0.0204029843072776,0.0321424720754717,0.0035));
#4322=CARTESIAN_POINT('',(-0.0204029843072776,0.0321424720754717,0.));
#4323=CARTESIAN_POINT('',(-0.0126029843072776,0.0321424720754717,0.));
#4324=CARTESIAN_POINT('',(-0.0282029843072776,0.0321424720754717,0.));
#4325=CARTESIAN_POINT('',(-0.0126029843072776,0.0321424720754717,0.0035));
#4326=CARTESIAN_POINT('',(-0.0282029843072776,0.0321424720754717,0.0035));
#4327=CARTESIAN_POINT('',(-0.0126029843072776,0.0243424720754717,0.0035));
#4328=CARTESIAN_POINT('',(-0.0126029843072776,0.0243424720754717,0.));
#4329=CARTESIAN_POINT('',(-0.0126029843072776,0.0165424720754717,0.));
#4330=CARTESIAN_POINT('',(-0.0126029843072776,0.0165424720754717,0.0035));
#4331=CARTESIAN_POINT('',(-0.0204029843072777,0.0165424720754717,0.0035));
#4332=CARTESIAN_POINT('',(-0.0204029843072777,0.0165424720754717,0.));
#4333=CARTESIAN_POINT('',(-0.0282029843072776,0.0165424720754717,0.));
#4334=CARTESIAN_POINT('',(-0.0282029843072776,0.0165424720754717,0.0035));
#4335=CARTESIAN_POINT('',(-0.0392572283072777,0.0024081790754717,0.0035));
#4336=CARTESIAN_POINT('',(-0.0392572283072777,0.0024081790754717,0.));
#4337=CARTESIAN_POINT('',(-0.0314572283072777,0.0024081790754717,0.));
#4338=CARTESIAN_POINT('',(-0.0470572283072776,0.0024081790754717,0.));
#4339=CARTESIAN_POINT('',(-0.0314572283072777,0.0024081790754717,0.0035));
#4340=CARTESIAN_POINT('',(-0.0470572283072776,0.0024081790754717,0.0035));
#4341=CARTESIAN_POINT('',(-0.0314572283072777,-0.0053918209245283,0.0035));
#4342=CARTESIAN_POINT('',(-0.0314572283072777,-0.0053918209245283,0.));
#4343=CARTESIAN_POINT('',(-0.0314572283072777,-0.0131918209245283,0.));
#4344=CARTESIAN_POINT('',(-0.0314572283072777,-0.0131918209245283,0.0035));
#4345=CARTESIAN_POINT('',(-0.0392572283072777,-0.0131918209245283,0.0035));
#4346=CARTESIAN_POINT('',(-0.0392572283072777,-0.0131918209245283,0.));
#4347=CARTESIAN_POINT('',(-0.0470572283072776,-0.0131918209245283,0.));
#4348=CARTESIAN_POINT('',(-0.0470572283072776,-0.0131918209245283,0.0035));
#4349=CARTESIAN_POINT('',(-0.0665029843072776,0.0243424720754717,0.0035));
#4350=CARTESIAN_POINT('',(-0.0665029843072776,0.0243424720754717,0.));
#4351=CARTESIAN_POINT('',(-0.0665029843072776,0.0321424720754717,0.));
#4352=CARTESIAN_POINT('',(-0.0665029843072776,0.0165424720754717,0.));
#4353=CARTESIAN_POINT('',(-0.0665029843072776,0.0321424720754717,0.0035));
#4354=CARTESIAN_POINT('',(-0.0665029843072776,0.0165424720754717,0.0035));
#4355=CARTESIAN_POINT('',(-0.0587029843072776,0.0321424720754717,0.0035));
#4356=CARTESIAN_POINT('',(-0.0587029843072776,0.0321424720754717,0.));
#4357=CARTESIAN_POINT('',(-0.0509029843072776,0.0321424720754717,0.));
#4358=CARTESIAN_POINT('',(-0.0509029843072776,0.0321424720754717,0.0035));
#4359=CARTESIAN_POINT('',(-0.0509029843072776,0.0243424720754717,0.0035));
#4360=CARTESIAN_POINT('',(-0.0509029843072776,0.0243424720754717,0.));
#4361=CARTESIAN_POINT('',(-0.0509029843072776,0.0165424720754717,0.));
#4362=CARTESIAN_POINT('',(-0.0509029843072776,0.0165424720754717,0.0035));
#4363=CARTESIAN_POINT('',(0.0370470156927224,0.0215424720754717,0.0035));
#4364=CARTESIAN_POINT('',(0.0370470156927224,0.0215424720754717,0.));
#4365=CARTESIAN_POINT('',(0.0292470156927224,0.0215424720754717,0.));
#4366=CARTESIAN_POINT('',(0.0448470156927224,0.0215424720754717,0.));
#4367=CARTESIAN_POINT('',(0.0292470156927224,0.0215424720754717,0.0035));
#4368=CARTESIAN_POINT('',(0.0448470156927224,0.0215424720754717,0.0035));
#4369=CARTESIAN_POINT('',(0.0292470156927224,0.0293424720754717,0.0035));
#4370=CARTESIAN_POINT('',(0.0292470156927224,0.0293424720754717,0.));
#4371=CARTESIAN_POINT('',(0.0292470156927224,0.0371424720754717,0.));
#4372=CARTESIAN_POINT('',(0.0292470156927224,0.0371424720754717,0.0035));
#4373=CARTESIAN_POINT('',(0.0370470156927224,0.0371424720754717,0.0035));
#4374=CARTESIAN_POINT('',(0.0370470156927224,0.0371424720754717,0.));
#4375=CARTESIAN_POINT('',(0.0448470156927224,0.0371424720754717,0.));
#4376=CARTESIAN_POINT('',(0.0448470156927224,0.0371424720754717,0.0035));
#4377=CARTESIAN_POINT('',(0.0448470156927224,-0.0053918209245283,0.0035));
#4378=CARTESIAN_POINT('',(0.0448470156927224,-0.0053918209245283,0.));
#4379=CARTESIAN_POINT('',(0.0448470156927224,-0.0131918209245283,0.));
#4380=CARTESIAN_POINT('',(0.0448470156927224,0.0024081790754717,0.));
#4381=CARTESIAN_POINT('',(0.0448470156927224,-0.0131918209245283,0.0035));
#4382=CARTESIAN_POINT('',(0.0448470156927224,0.0024081790754717,0.0035));
#4383=CARTESIAN_POINT('',(0.0370470156927224,-0.0131918209245283,0.0035));
#4384=CARTESIAN_POINT('',(0.0370470156927224,-0.0131918209245283,0.));
#4385=CARTESIAN_POINT('',(0.0292470156927224,-0.0131918209245283,0.));
#4386=CARTESIAN_POINT('',(0.0292470156927224,-0.0131918209245283,0.0035));
#4387=CARTESIAN_POINT('',(0.0292470156927224,-0.0053918209245283,0.0035));
#4388=CARTESIAN_POINT('',(0.0292470156927224,-0.0053918209245283,0.));
#4389=CARTESIAN_POINT('',(0.0292470156927224,0.0024081790754717,0.));
#4390=CARTESIAN_POINT('',(0.0292470156927224,0.0024081790754717,0.0035));
#4391=CARTESIAN_POINT('',(0.0370470156927224,0.0042846070754717,0.0035));
#4392=CARTESIAN_POINT('',(0.0370470156927224,0.0042846070754717,0.));
#4393=CARTESIAN_POINT('',(0.0292470156927224,0.0042846070754717,0.));
#4394=CARTESIAN_POINT('',(0.0448470156927224,0.0042846070754717,0.));
#4395=CARTESIAN_POINT('',(0.0292470156927224,0.0042846070754717,0.0035));
#4396=CARTESIAN_POINT('',(0.0448470156927224,0.0042846070754717,0.0035));
#4397=CARTESIAN_POINT('',(0.0292470156927224,0.0120846070754717,0.0035));
#4398=CARTESIAN_POINT('',(0.0292470156927224,0.0120846070754717,0.));
#4399=CARTESIAN_POINT('',(0.0292470156927224,0.0198846070754717,0.));
#4400=CARTESIAN_POINT('',(0.0292470156927224,0.0198846070754717,0.0035));
#4401=CARTESIAN_POINT('',(0.0370470156927224,0.0198846070754717,0.0035));
#4402=CARTESIAN_POINT('',(0.0370470156927224,0.0198846070754717,0.));
#4403=CARTESIAN_POINT('',(0.0448470156927224,0.0198846070754717,0.));
#4404=CARTESIAN_POINT('',(0.0448470156927224,0.0198846070754717,0.0035));
#4405=CARTESIAN_POINT('',(0.0102344296927224,0.0070846070754717,0.0035));
#4406=CARTESIAN_POINT('',(0.0102344296927224,0.0070846070754717,0.));
#4407=CARTESIAN_POINT('',(0.0102344296927224,0.0148846070754717,0.));
#4408=CARTESIAN_POINT('',(0.0102344296927224,-0.000715392924528301,0.));
#4409=CARTESIAN_POINT('',(0.0102344296927224,0.0148846070754717,0.0035));
#4410=CARTESIAN_POINT('',(0.0102344296927224,-0.000715392924528301,0.0035));
#4411=CARTESIAN_POINT('',(0.0180344296927224,0.0148846070754717,0.0035));
#4412=CARTESIAN_POINT('',(0.0180344296927224,0.0148846070754717,0.));
#4413=CARTESIAN_POINT('',(0.0258344296927224,0.0148846070754717,0.));
#4414=CARTESIAN_POINT('',(0.0258344296927224,0.0148846070754717,0.0035));
#4415=CARTESIAN_POINT('',(0.0258344296927224,0.0070846070754717,0.0035));
#4416=CARTESIAN_POINT('',(0.0258344296927224,0.0070846070754717,0.));
#4417=CARTESIAN_POINT('',(0.0258344296927224,-0.000715392924528303,0.));
#4418=CARTESIAN_POINT('',(0.0258344296927224,-0.000715392924528303,0.0035));
#4419=CARTESIAN_POINT('',(0.0180344296927223,-0.0181918209245283,0.0035));
#4420=CARTESIAN_POINT('',(0.0180344296927223,-0.0181918209245283,0.));
#4421=CARTESIAN_POINT('',(0.0102344296927224,-0.0181918209245283,0.));
#4422=CARTESIAN_POINT('',(0.0258344296927224,-0.0181918209245283,0.));
#4423=CARTESIAN_POINT('',(0.0102344296927224,-0.0181918209245283,0.0035));
#4424=CARTESIAN_POINT('',(0.0258344296927224,-0.0181918209245283,0.0035));
#4425=CARTESIAN_POINT('',(0.0102344296927224,-0.0103918209245283,0.0035));
#4426=CARTESIAN_POINT('',(0.0102344296927224,-0.0103918209245283,0.));
#4427=CARTESIAN_POINT('',(0.0102344296927224,-0.0025918209245283,0.));
#4428=CARTESIAN_POINT('',(0.0102344296927224,-0.0025918209245283,0.0035));
#4429=CARTESIAN_POINT('',(0.0180344296927224,-0.0025918209245283,0.0035));
#4430=CARTESIAN_POINT('',(0.0180344296927224,-0.0025918209245283,0.));
#4431=CARTESIAN_POINT('',(0.0258344296927224,-0.0025918209245283,0.));
#4432=CARTESIAN_POINT('',(0.0258344296927224,-0.0025918209245283,0.0035));
#4433=CARTESIAN_POINT('',(0.0180890576927224,-0.0358689449245283,0.0035));
#4434=CARTESIAN_POINT('',(0.0180890576927224,-0.0358689449245283,0.));
#4435=CARTESIAN_POINT('',(0.0102890576927224,-0.0358689449245283,0.));
#4436=CARTESIAN_POINT('',(0.0258890576927224,-0.0358689449245283,0.));
#4437=CARTESIAN_POINT('',(0.0102890576927224,-0.0358689449245283,0.0035));
#4438=CARTESIAN_POINT('',(0.0258890576927224,-0.0358689449245283,0.0035));
#4439=CARTESIAN_POINT('',(0.0102890576927224,-0.0280689449245283,0.0035));
#4440=CARTESIAN_POINT('',(0.0102890576927224,-0.0280689449245283,0.));
#4441=CARTESIAN_POINT('',(0.0102890576927224,-0.0202689449245283,0.));
#4442=CARTESIAN_POINT('',(0.0102890576927224,-0.0202689449245283,0.0035));
#4443=CARTESIAN_POINT('',(0.0180890576927224,-0.0202689449245283,0.0035));
#4444=CARTESIAN_POINT('',(0.0180890576927224,-0.0202689449245283,0.));
#4445=CARTESIAN_POINT('',(0.0258890576927224,-0.0202689449245283,0.));
#4446=CARTESIAN_POINT('',(0.0258890576927224,-0.0202689449245283,0.0035));
#4447=CARTESIAN_POINT('',(0.0448890576927224,-0.0230689449245283,0.0035));
#4448=CARTESIAN_POINT('',(0.0448890576927224,-0.0230689449245283,0.));
#4449=CARTESIAN_POINT('',(0.0448890576927224,-0.0308689449245283,0.));
#4450=CARTESIAN_POINT('',(0.0448890576927224,-0.0152689449245283,0.));
#4451=CARTESIAN_POINT('',(0.0448890576927224,-0.0308689449245283,0.0035));
#4452=CARTESIAN_POINT('',(0.0448890576927224,-0.0152689449245283,0.0035));
#4453=CARTESIAN_POINT('',(0.0370890576927224,-0.0308689449245283,0.0035));
#4454=CARTESIAN_POINT('',(0.0370890576927224,-0.0308689449245283,0.));
#4455=CARTESIAN_POINT('',(0.0292890576927224,-0.0308689449245283,0.));
#4456=CARTESIAN_POINT('',(0.0292890576927224,-0.0308689449245283,0.0035));
#4457=CARTESIAN_POINT('',(0.0292890576927224,-0.0230689449245283,0.0035));
#4458=CARTESIAN_POINT('',(0.0292890576927224,-0.0230689449245283,0.));
#4459=CARTESIAN_POINT('',(0.0292890576927224,-0.0152689449245283,0.));
#4460=CARTESIAN_POINT('',(0.0292890576927224,-0.0152689449245283,0.0035));
#4461=CARTESIAN_POINT('',(-0.0390524953794263,0.0485489008754717,0.0035));
#4462=CARTESIAN_POINT('',(-0.00453968026868595,0.0524585978292444,0.0035));
#4463=CARTESIAN_POINT('',(-0.00453968026868595,0.0524585978292444,0.));
#4464=CARTESIAN_POINT('',(-0.0390524953794263,0.0485489008754717,0.));
#4465=CARTESIAN_POINT('',(-0.0691455597789298,0.0451398842005089,0.));
#4466=CARTESIAN_POINT('',(-0.0691455597789298,0.0451398842005089,0.0035));
#4467=CARTESIAN_POINT('',(-0.0758013408794264,-0.0074669326245283,0.0035));
#4468=CARTESIAN_POINT('',(-0.0758013408794264,0.0376875493684095,0.0035));
#4469=CARTESIAN_POINT('',(-0.0758013408794264,0.0376875493684095,0.));
#4470=CARTESIAN_POINT('',(-0.0758013408794264,-0.0074669326245283,0.));
#4471=CARTESIAN_POINT('',(-0.0758013408794264,-0.0562131648816838,0.));
#4472=CARTESIAN_POINT('',(-0.0758013408794264,-0.0562131648816838,0.0035));
#4473=CARTESIAN_POINT('',(-0.0734888008794264,-0.0616323066245283,0.0035));
#4474=CARTESIAN_POINT('',(-0.0736046423116453,-0.061516465167263,0.));
#4475=CARTESIAN_POINT('',(-0.0736046423116453,-0.061516465167263,0.));
#4476=CARTESIAN_POINT('',(-0.0734888008794264,-0.0616323066245283,0.));
#4477=CARTESIAN_POINT('',(-0.0733729601188934,-0.0617481474101075,0.));
#4478=CARTESIAN_POINT('',(-0.0733729601188934,-0.0617481474101075,0.0035));
#4479=CARTESIAN_POINT('',(-0.0120703513885256,-0.0639448471245283,0.0035));
#4480=CARTESIAN_POINT('',(-0.0680696586866744,-0.0639448471245283,0.));
#4481=CARTESIAN_POINT('',(-0.0680696586866744,-0.0639448471245283,0.));
#4482=CARTESIAN_POINT('',(-0.0120703513885256,-0.0639448471245283,0.));
#4483=CARTESIAN_POINT('',(0.0429072853477876,-0.0639448471245283,0.));
#4484=CARTESIAN_POINT('',(0.0429072853477876,-0.0639448471245283,0.0035));
#4485=CARTESIAN_POINT('',(0.0599169918121462,-0.0435999171245283,0.0035));
#4486=CARTESIAN_POINT('',(0.0599169918121462,-0.0435999171245283,0.));
#4487=CARTESIAN_POINT('',(0.0716159092247678,-0.0251226527766146,0.));
#4488=CARTESIAN_POINT('',(0.0492439476735215,-0.0604569177332818,0.));
#4489=CARTESIAN_POINT('',(0.0716159092247678,-0.0251226527766146,0.0035));
#4490=CARTESIAN_POINT('',(0.0492439476735215,-0.0604569177332818,0.0035));
#4491=CARTESIAN_POINT('',(0.0725005390283913,0.0105653850046696,0.0035));
#4492=CARTESIAN_POINT('',(0.0725005390283913,0.0105653850046696,0.));
#4493=CARTESIAN_POINT('',(0.0722612169264999,0.0377366825311235,0.));
#4494=CARTESIAN_POINT('',(0.0727789559942518,-0.0210445254717282,0.));
#4495=CARTESIAN_POINT('',(0.0722612169264999,0.0377366825311235,0.0035));
#4496=CARTESIAN_POINT('',(0.0727789559942518,-0.0210445254717282,0.0035));
#4497=CARTESIAN_POINT('',(0.0398890576927224,-0.0443189449245283,0.0035));
#4498=CARTESIAN_POINT('',(0.0398890576927224,-0.0443189449245283,0.));
#4499=CARTESIAN_POINT('',(0.0258344296927224,0.0243424720754717,0.0035));
#4500=CARTESIAN_POINT('',(0.0258344296927224,0.0243424720754717,0.));
#4501=CARTESIAN_POINT('',(-0.0665029843072776,0.0070846070754717,0.0035));
#4502=CARTESIAN_POINT('',(-0.0665029843072776,0.0070846070754717,0.));
#4503=CARTESIAN_POINT('',(-0.0665029843072776,-0.0103918209245283,0.0035));
#4504=CARTESIAN_POINT('',(-0.0665029843072776,-0.0103918209245283,0.));
#4505=CARTESIAN_POINT('',(-0.0392572283072777,0.0198846070754717,0.0035));
#4506=CARTESIAN_POINT('',(-0.0392572283072777,0.0198846070754717,0.));
#4507=CARTESIAN_POINT('',(-0.0392572283072777,0.0371424720754717,0.0035));
#4508=CARTESIAN_POINT('',(-0.0392572283072777,0.0371424720754717,0.));
#4509=CARTESIAN_POINT('',(-0.00891557030727763,-0.0053918209245283,0.0035));
#4510=CARTESIAN_POINT('',(-0.00891557030727763,-0.0053918209245283,0.));
#4511=CARTESIAN_POINT('',(0.0624879622641509,0.0364953700754717,0.0035));
#4512=CARTESIAN_POINT('',(0.0624879622641509,0.0364953700754717,0.));
#4513=CARTESIAN_POINT('',(0.0639879622641509,0.0364953700754717,0.));
#4514=CARTESIAN_POINT('',(0.050987962264151,-0.0375046299245283,0.0035));
#4515=CARTESIAN_POINT('',(0.050987962264151,-0.0375046299245283,0.));
#4516=CARTESIAN_POINT('',(0.052487962264151,-0.0375046299245283,0.));
#4517=CARTESIAN_POINT('',(-0.0662120377358491,0.0370453700754717,0.0035));
#4518=CARTESIAN_POINT('',(-0.0662120377358491,0.0370453700754717,0.));
#4519=CARTESIAN_POINT('',(-0.0647120377358491,0.0370453700754717,0.));
#4520=CARTESIAN_POINT('',(-0.0635120377358491,-0.0510046299245283,0.0035));
#4521=CARTESIAN_POINT('',(-0.0635120377358491,-0.0510046299245283,0.));
#4522=CARTESIAN_POINT('',(-0.0620120377358491,-0.0510046299245283,0.));
#4523=CARTESIAN_POINT('',(-0.00111557030727763,0.0198846070754717,0.0035));
#4524=CARTESIAN_POINT('',(-0.00111557030727763,0.0198846070754717,0.));
#4525=CARTESIAN_POINT('',(-0.00111557030727763,0.0371424720754717,0.0035));
#4526=CARTESIAN_POINT('',(-0.00111557030727763,0.0371424720754717,0.));
#4527=CARTESIAN_POINT('',(-0.0282029843072776,-0.0103918209245283,0.0035));
#4528=CARTESIAN_POINT('',(-0.0282029843072776,-0.0103918209245283,0.));
#4529=CARTESIAN_POINT('',(-0.0282029843072777,0.0070846070754717,0.0035));
#4530=CARTESIAN_POINT('',(-0.0282029843072777,0.0070846070754717,0.));
#4531=CARTESIAN_POINT('',(-0.0282029843072776,0.0243424720754717,0.0035));
#4532=CARTESIAN_POINT('',(-0.0282029843072776,0.0243424720754717,0.));
#4533=CARTESIAN_POINT('',(-0.0470572283072776,-0.0053918209245283,0.0035));
#4534=CARTESIAN_POINT('',(-0.0470572283072776,-0.0053918209245283,0.));
#4535=CARTESIAN_POINT('',(-0.0587029843072776,0.0165424720754717,0.0035));
#4536=CARTESIAN_POINT('',(-0.0587029843072776,0.0165424720754717,0.));
#4537=CARTESIAN_POINT('',(0.0448470156927224,0.0293424720754717,0.0035));
#4538=CARTESIAN_POINT('',(0.0448470156927224,0.0293424720754717,0.));
#4539=CARTESIAN_POINT('',(0.0370470156927224,0.0024081790754717,0.0035));
#4540=CARTESIAN_POINT('',(0.0370470156927224,0.0024081790754717,0.));
#4541=CARTESIAN_POINT('',(0.0448470156927224,0.0120846070754717,0.0035));
#4542=CARTESIAN_POINT('',(0.0448470156927224,0.0120846070754717,0.));
#4543=CARTESIAN_POINT('',(0.0180344296927223,-0.000715392924528302,0.0035));
#4544=CARTESIAN_POINT('',(0.0180344296927223,-0.000715392924528302,0.));
#4545=CARTESIAN_POINT('',(0.0258344296927224,-0.0103918209245283,0.0035));
#4546=CARTESIAN_POINT('',(0.0258344296927224,-0.0103918209245283,0.));
#4547=CARTESIAN_POINT('',(0.0258890576927224,-0.0280689449245283,0.0035));
#4548=CARTESIAN_POINT('',(0.0258890576927224,-0.0280689449245283,0.));
#4549=CARTESIAN_POINT('',(0.0370890576927224,-0.0152689449245283,0.0035));
#4550=CARTESIAN_POINT('',(0.0370890576927224,-0.0152689449245283,0.));
#4551=CARTESIAN_POINT('',(0.0349495013277194,0.0485488290046696,0.0035));
#4552=CARTESIAN_POINT('',(0.0349495013277194,0.0485488290046696,0.));
#4553=CARTESIAN_POINT('',(-6.72389377475297E-5,0.052461980018278,0.));
#4554=CARTESIAN_POINT('',(0.0655944544308804,0.0451242289879776,0.));
#4555=CARTESIAN_POINT('',(-6.72389377475297E-5,0.052461980018278,0.0035));
#4556=CARTESIAN_POINT('',(0.0655944544308804,0.0451242289879776,0.0035));
#4557=CARTESIAN_POINT('',(-0.00150145767875452,-0.0056164731245283,0.));
#4558=CARTESIAN_POINT('',(-0.00228842987001028,0.0325857049436461,0.));
#4559=CARTESIAN_POINT('',(0.0647615078312819,0.0376706258349907,0.));
#4560=CARTESIAN_POINT('',(0.0652792468990338,-0.0211105821678611,0.));
#4561=CARTESIAN_POINT('',(0.0429072853477876,-0.0564448471245283,0.));
#4562=CARTESIAN_POINT('',(-0.0680696586866744,-0.0564448471245283,0.));
#4563=CARTESIAN_POINT('',(-0.0683013408794264,-0.0562131648816838,0.));
#4564=CARTESIAN_POINT('',(-0.0683013408794264,0.0376875493684095,0.));
#4565=CARTESIAN_POINT('',(0.0604007041751304,0.0190608489292811,0.));
#4566=CARTESIAN_POINT('',(0.049255962264151,0.0190608489292811,0.));
#4567=CARTESIAN_POINT('',(0.049255962264151,-0.0115459799245283,0.));
#4568=CARTESIAN_POINT('',(0.0604007041751304,-0.0115459799245283,0.));
#4569=CARTESIAN_POINT('',(0.0647615078312819,0.0376706258349907,0.0035));
#4570=CARTESIAN_POINT('',(-0.0683013408794264,0.0376875493684095,0.0035));
#4571=CARTESIAN_POINT('',(-0.0683013408794264,-0.0562131648816838,0.0035));
#4572=CARTESIAN_POINT('',(-0.0680696586866744,-0.0564448471245283,0.0035));
#4573=CARTESIAN_POINT('',(0.0652792468990338,-0.0211105821678611,0.0035));
#4574=CARTESIAN_POINT('',(0.0429072853477876,-0.0564448471245283,0.0035));
#4575=CARTESIAN_POINT('',(-0.00228842987001028,0.0325857049436461,0.0035));
#4576=CARTESIAN_POINT('',(0.0611904202947528,-0.0217182190523822,0.00381604));
#4577=CARTESIAN_POINT('',(0.0609922314249506,-0.0247315659198405,0.00361785113019775));
#4578=CARTESIAN_POINT('',(0.0603082714249506,-0.0193888321849238,0.00293389113019776));
#4579=CARTESIAN_POINT('',(0.050180962264151,-0.0056164731245283,0.00281604));
#4580=CARTESIAN_POINT('',(0.0500631111339532,-0.0240476059198406,0.00293389113019776));
#4581=CARTESIAN_POINT('',(0.0493791511339532,-0.0187048721849238,0.00361785113019775));
#4582=CARTESIAN_POINT('',(-0.00150145767875452,-0.0242833081802361,0.00281604));
#4583=CARTESIAN_POINT('',(0.0497327045245465,-0.0250851193104338,0.00361785113019776));
#4584=CARTESIAN_POINT('',(0.0599547180343573,-0.0244011593104338,0.00293389113019776));
#4585=CARTESIAN_POINT('',(0.0551856912794519,-0.0181531299245283,0.00381604));
#4586=CARTESIAN_POINT('',(0.0504166645245465,-0.0190352787943305,0.00293389113019776));
#4587=CARTESIAN_POINT('',(0.0606386780343573,-0.0183513187943306,0.00361785113019776));
#4588=CARTESIAN_POINT('',(0.045755962264151,0.00375743450237639,0.0035));
#4589=CARTESIAN_POINT('',(0.0456381111339532,0.0226251466688855,0.00361785113019775));
#4590=CARTESIAN_POINT('',(0.0488766476154521,0.0193866101873866,0.000379314648698792));
#4591=CARTESIAN_POINT('',(0.0459024088735577,0.0223608489292811,0.00335355339059328));
#4592=CARTESIAN_POINT('',(0.0459024088735577,-0.014992426533935,0.00335355339059328));
#4593=CARTESIAN_POINT('',(0.0459024088735577,-0.0148459799245283,0.00335355339059328));
#4594=CARTESIAN_POINT('',(0.0489381111339532,-0.0118102776641328,0.000317851130197764));
#4595=CARTESIAN_POINT('',(0.0488766476154521,-0.0118717411826338,0.000379314648698814));
#4596=CARTESIAN_POINT('',(0.049255962264151,-0.0115459799245283,6.93889390390723E-18));
#4597=CARTESIAN_POINT('',(0.049255962264151,0.0190608489292811,-2.38524477946811E-17));
#4598=CARTESIAN_POINT('',(0.0606007041751304,-0.00561647312452826,0.0002));
#4599=CARTESIAN_POINT('',(0.0640185553053282,-0.0151102776641327,0.00361785113019776));
#4600=CARTESIAN_POINT('',(0.0607800188238293,-0.0118717411826338,0.000379314648698805));
#4601=CARTESIAN_POINT('',(0.0637542575657237,-0.0148459799245283,0.00335355339059328));
#4602=CARTESIAN_POINT('',(0.0637542575657237,0.0225072955386878,0.00335355339059328));
#4603=CARTESIAN_POINT('',(0.0637542575657237,0.0223608489292811,0.00335355339059328));
#4604=CARTESIAN_POINT('',(0.0607185553053282,0.0193251466688856,0.00031785113019776));
#4605=CARTESIAN_POINT('',(0.0607800188238292,0.0193866101873866,0.000379314648698798));
#4606=CARTESIAN_POINT('',(0.0604007041751304,0.0190608489292811,-2.60208521396521E-18));
#4607=CARTESIAN_POINT('',(0.0604007041751304,-0.0115459799245283,-9.97465998686664E-18));
#4608=CARTESIAN_POINT('',(0.0548283332196407,0.0243339989292811,0.00497315));
#4609=CARTESIAN_POINT('',(0.0636650019147349,0.0229787000594789,0.00361785113019776));
#4610=CARTESIAN_POINT('',(0.0634007041751304,0.0227144023198743,0.00335355339059328));
#4611=CARTESIAN_POINT('',(0.0461095156547442,0.0227144023198743,0.00335355339059327));
#4612=CARTESIAN_POINT('',(0.0462559622641509,0.0227144023198743,0.00335355339059328));
#4613=CARTESIAN_POINT('',(0.0492916645245465,0.0196787000594789,0.000317851130197752));
#4614=CARTESIAN_POINT('',(0.0624007041751304,-0.0168191299245283,0.00497315));
#4615=CARTESIAN_POINT('',(0.0459916645245465,-0.015463831054726,0.00361785113019775));
#4616=CARTESIAN_POINT('',(0.046255962264151,-0.0151995333151216,0.00335355339059327));
#4617=CARTESIAN_POINT('',(0.0635471507845372,-0.0151995333151216,0.00335355339059328));
#4618=CARTESIAN_POINT('',(0.0634007041751304,-0.0151995333151216,0.00335355339059328));
#4619=CARTESIAN_POINT('',(0.0603650019147349,-0.012163831054726,0.000317851130197755));
#4620=CARTESIAN_POINT('',(0.0519725612301318,0.0109327059842824,-0.00772103616381209));
#4621=CARTESIAN_POINT('',(0.0626935973939439,0.0216537421480946,0.003));
#4622=CARTESIAN_POINT('',(0.0604007041751304,0.0195608489292811,0.000219739774962998));
#4623=CARTESIAN_POINT('',(0.0605514110789298,0.0195608489292811,0.000256606156035798));
#4624=CARTESIAN_POINT('',(0.0606952937349252,0.0194852636230974,0.000294589559794842));
#4625=CARTESIAN_POINT('',(0.0607800188238292,0.0193866101873866,0.000379314648698796));
#4626=CARTESIAN_POINT('',(0.0523594693335147,0.0162573418599174,-0.00239640028817721));
#4627=CARTESIAN_POINT('',(0.0469630690453375,0.0216537421480946,0.003));
#4628=CARTESIAN_POINT('',(0.0488766476154521,0.0193866101873866,0.00037931464869879));
#4629=CARTESIAN_POINT('',(0.0489613423420646,0.0194852282694092,0.000294619922086322));
#4630=CARTESIAN_POINT('',(0.0491052703391448,0.0195608489292811,0.000256602491877857));
#4631=CARTESIAN_POINT('',(0.049255962264151,0.0195608489292811,0.000219739774963002));
#4632=CARTESIAN_POINT('',(0.0523594693335147,-0.00874247285516454,-0.00239640028817721));
#4633=CARTESIAN_POINT('',(0.0469630690453375,-0.0141388731433417,0.003));
#4634=CARTESIAN_POINT('',(0.049255962264151,-0.0120459799245283,0.000219739774963013));
#4635=CARTESIAN_POINT('',(0.0491052553603516,-0.0120459799245283,0.000256606156035812));
#4636=CARTESIAN_POINT('',(0.0489613727043561,-0.0119703946183446,0.000294589559794839));
#4637=CARTESIAN_POINT('',(0.0488766476154521,-0.0118717411826338,0.000379314648698813));
#4638=CARTESIAN_POINT('',(0.0582218329814016,-0.00966710873079943,-0.00147176441254231));
#4639=CARTESIAN_POINT('',(0.0626935973939439,-0.0141388731433417,0.003));
#4640=CARTESIAN_POINT('',(0.0607800188238293,-0.0118717411826338,0.000379314648698804));
#4641=CARTESIAN_POINT('',(0.0606953240972168,-0.0119703592646565,0.000294619922086347));
#4642=CARTESIAN_POINT('',(0.0605513961001366,-0.0120459799245283,0.000256602491877857));
#4643=CARTESIAN_POINT('',(0.0604007041751304,-0.0120459799245283,0.000219739774963009));
#4644=CARTESIAN_POINT('',(0.0566389428764491,-0.0178253275679379,-0.00293483383111155));
#4645=CARTESIAN_POINT('',(0.0459044455912131,-0.0148766132515905,0.00779966345412436));
#4646=CARTESIAN_POINT('',(0.0597663549917393,-0.0238592428772226,0.00309908147817307));
#4647=CARTESIAN_POINT('',(0.0597663549917393,-0.0195771952275417,0.00309908147817307));
#4648=CARTESIAN_POINT('',(0.064107810956317,0.0223608489292811,0.0035));
#4649=CARTESIAN_POINT('',(0.0639007041751304,0.0223608489292811,0.0035));
#4650=CARTESIAN_POINT('',(0.0637542575657237,0.0223608489292811,0.00335355339059328));
#4651=CARTESIAN_POINT('',(0.0641078109562576,0.0227883656343055,0.0035));
#4652=CARTESIAN_POINT('',(0.0639573669064265,0.0226911034390159,0.00349999999999997));
#4653=CARTESIAN_POINT('',(0.0638255103498671,0.0226458600659544,0.00342480617473665));
#4654=CARTESIAN_POINT('',(0.063828220880157,0.0230679557103994,0.0035));
#4655=CARTESIAN_POINT('',(0.0637309586848684,0.0229175116605799,0.0034999999999998));
#4656=CARTESIAN_POINT('',(0.0636857153118148,0.022785655104018,0.00342480617473687));
#4657=CARTESIAN_POINT('',(0.0634007041751304,0.0230679557104676,0.0035));
#4658=CARTESIAN_POINT('',(0.0634007041751304,0.0228608489292811,0.0035));
#4659=CARTESIAN_POINT('',(0.0634007041751304,0.0227144023198744,0.00335355339059327));
#4660=CARTESIAN_POINT('',(0.0634007041751304,0.0230679557104677,0.003));
#4661=CARTESIAN_POINT('',(0.064107810956317,0.0223608489292811,0.003));
#4662=CARTESIAN_POINT('',(0.064107810956317,-0.00561647312452826,0.003));
#4663=CARTESIAN_POINT('',(0.064107810956317,-0.0148459799245283,0.003));
#4664=CARTESIAN_POINT('',(-0.00150145767875455,0.0230679557104676,0.003));
#4665=CARTESIAN_POINT('',(0.0462559622641509,0.0230679557104676,0.003));
#4666=CARTESIAN_POINT('',(0.0634007041751304,-0.0155530867057148,0.0035));
#4667=CARTESIAN_POINT('',(0.0634007041751304,-0.0153459799245283,0.0035));
#4668=CARTESIAN_POINT('',(0.0634007041751304,-0.0151995333151215,0.00335355339059326));
#4669=CARTESIAN_POINT('',(0.063828220880157,-0.015553086705647,0.0035));
#4670=CARTESIAN_POINT('',(0.063730958684866,-0.0154026426558304,0.00350000000000044));
#4671=CARTESIAN_POINT('',(0.0636857153118029,-0.0152707860992643,0.00342480617473603));
#4672=CARTESIAN_POINT('',(0.0641078109562577,-0.0152734966295515,0.0035));
#4673=CARTESIAN_POINT('',(0.0639573669064264,-0.0151762344342614,0.00349999999999989));
#4674=CARTESIAN_POINT('',(0.063825510349867,-0.0151309910612001,0.00342480617473657));
#4675=CARTESIAN_POINT('',(0.064107810956317,-0.0148459799245283,0.0035));
#4676=CARTESIAN_POINT('',(0.0639007041751304,-0.0148459799245283,0.0035));
#4677=CARTESIAN_POINT('',(0.0637542575657237,-0.0148459799245283,0.00335355339059328));
#4678=CARTESIAN_POINT('',(0.0634007041751304,-0.0155530867057149,0.003));
#4679=CARTESIAN_POINT('',(0.0462559622641509,0.0230679557104676,0.0035));
#4680=CARTESIAN_POINT('',(0.0462559622641509,0.0228608489292811,0.0035));
#4681=CARTESIAN_POINT('',(0.0462559622641509,0.0227144023198744,0.00335355339059328));
#4682=CARTESIAN_POINT('',(0.0458284455591288,0.0230679557104002,0.0035));
#4683=CARTESIAN_POINT('',(0.045925707754416,0.0229175116605823,0.0035000000000003));
#4684=CARTESIAN_POINT('',(0.0459709511274829,0.0227856551040159,0.00342480617473481));
#4685=CARTESIAN_POINT('',(0.0455488554830341,0.0227883656343054,0.0035));
#4686=CARTESIAN_POINT('',(0.0456992995328627,0.0226911034390134,0.00349999999999612));
#4687=CARTESIAN_POINT('',(0.0458311560894153,0.0226458600659514,0.00342480617473567));
#4688=CARTESIAN_POINT('',(0.0455488554829644,0.0223608489292811,0.0035));
#4689=CARTESIAN_POINT('',(0.0457559622641509,0.0223608489292811,0.0035));
#4690=CARTESIAN_POINT('',(0.0459024088735577,0.0223608489292811,0.00335355339059327));
#4691=CARTESIAN_POINT('',(0.0455488554829644,0.0223608489292811,0.003));
#4692=CARTESIAN_POINT('',(-0.00150145767875451,-0.0155530867057149,0.003));
#4693=CARTESIAN_POINT('',(0.046255962264151,-0.0155530867057149,0.003));
#4694=CARTESIAN_POINT('',(0.0455488554829644,-0.00561647312452825,0.003));
#4695=CARTESIAN_POINT('',(0.0455488554829644,-0.0148459799245283,0.003));
#4696=CARTESIAN_POINT('',(0.0455488554829644,-0.0148459799245283,0.0035));
#4697=CARTESIAN_POINT('',(0.045755962264151,-0.0148459799245283,0.0035));
#4698=CARTESIAN_POINT('',(0.0459024088735577,-0.0148459799245283,0.00335355339059327));
#4699=CARTESIAN_POINT('',(0.0455488554830297,-0.015273496629553,0.0035));
#4700=CARTESIAN_POINT('',(0.0456992995328513,-0.0151762344342624,0.00349999999999752));
#4701=CARTESIAN_POINT('',(0.0458311560894133,-0.0151309910612001,0.00342480617473763));
#4702=CARTESIAN_POINT('',(0.0458284455591289,-0.015553086705647,0.0035));
#4703=CARTESIAN_POINT('',(0.0459257077544187,-0.0154026426558306,0.00350000000000058));
#4704=CARTESIAN_POINT('',(0.0459709511274829,-0.0152707860992632,0.00342480617473488));
#4705=CARTESIAN_POINT('',(0.046255962264151,-0.0155530867057148,0.0035));
#4706=CARTESIAN_POINT('',(0.046255962264151,-0.0153459799245283,0.0035));
#4707=CARTESIAN_POINT('',(0.046255962264151,-0.0151995333151216,0.00335355339059327));
#4708=CARTESIAN_POINT('',(0.049255962264151,0.0190608489292811,0.0035));
#4709=CARTESIAN_POINT('',(0.0604007041751304,-0.0115459799245283,0.0035));
#4710=CARTESIAN_POINT('',(0.049255962264151,-0.0115459799245283,0.0035));
#4711=CARTESIAN_POINT('',(0.0604007041751304,0.0190608489292811,0.0035));
#4712=MECHANICAL_DESIGN_GEOMETRIC_PRESENTATION_REPRESENTATION('',(#2901),
#4713);
#4713=(
GEOMETRIC_REPRESENTATION_CONTEXT(3)
GLOBAL_UNCERTAINTY_ASSIGNED_CONTEXT((#4714))
GLOBAL_UNIT_ASSIGNED_CONTEXT((#4717,#4716,#4715))
REPRESENTATION_CONTEXT('Part 1','TOP_LEVEL_ASSEMBLY_PART')
);
#4714=UNCERTAINTY_MEASURE_WITH_UNIT(LENGTH_MEASURE(2.E-5),#4717,
'DISTANCE_ACCURACY_VALUE','Maximum Tolerance applied to model');
#4715=(
NAMED_UNIT(*)
SI_UNIT($,.STERADIAN.)
SOLID_ANGLE_UNIT()
);
#4716=(
NAMED_UNIT(*)
PLANE_ANGLE_UNIT()
SI_UNIT($,.RADIAN.)
);
#4717=(
LENGTH_UNIT()
NAMED_UNIT(*)
SI_UNIT($,.METRE.)
);
#4718=PRODUCT_DEFINITION_SHAPE('','',#4719);
#4719=PRODUCT_DEFINITION('','',#4721,#4720);
#4720=PRODUCT_DEFINITION_CONTEXT('',#4727,'design');
#4721=PRODUCT_DEFINITION_FORMATION_WITH_SPECIFIED_SOURCE('','',#4723,
 .NOT_KNOWN.);
#4722=PRODUCT_RELATED_PRODUCT_CATEGORY('','',(#4723));
#4723=PRODUCT('Part 1','Part 1','Part 1',(#4725));
#4724=PRODUCT_CATEGORY('','');
#4725=PRODUCT_CONTEXT('',#4727,'mechanical');
#4726=APPLICATION_PROTOCOL_DEFINITION('international standard',
'ap242_managed_model_based_3d_engineering',2020,#4727);
#4727=APPLICATION_CONTEXT('managed model based 3d engineering');
ENDSEC;
END-ISO-10303-21;
