ISO-10303-21;
HEADER;
/* Generated by software containing ST-Developer
 * from STEP Tools, Inc. (www.steptools.com) 
 */
/* OPTION: using custom renumber hook */

FILE_DESCRIPTION(
/* description */ ('STEP AP242 Edition 2',
'CAx-IF Rec.Pracs.---Representation and Presentation of Product Manufa
cturing Information (PMI)---4.0---2014-10-13',
'CAx-IF Rec.Pracs.---3D Tessellated Geometry---0.4---2014-09-14','2;1',
'CAx-IF Rec.Pracs.---User Defined Attributes---1.5---2016-08-15'),
/* implementation_level */ '2;1');

FILE_NAME(
/* name */ '6a43d93b398f55545bfe0529',
/* time_stamp */ '2026-06-30T14:57:00Z',
/* author */ (''),
/* organization */ (''),
/* preprocessor_version */ 'ST-DEVELOPER v20',
/* originating_system */ 'ONSHAPE BY PTC INC, 1.217',
/* authorisation */ '  ');

FILE_SCHEMA (('AP242_MANAGED_MODEL_BASED_3D_ENGINEERING_MIM_LF { 1 0 10303 442 3 1 4 }'));
ENDSEC;

DATA;
#10=ELLIPSE('',#3640,0.00346410161513775,0.002);
#11=ELLIPSE('',#3641,0.00346410161513775,0.002);
#12=ELLIPSE('',#3642,0.00346410161513775,0.002);
#13=ELLIPSE('',#3643,0.00346410161513775,0.002);
#14=ELLIPSE('',#3655,0.00346410161513775,0.002);
#15=ELLIPSE('',#3656,0.00346410161513775,0.002);
#16=ELLIPSE('',#3657,0.00346410161513775,0.002);
#17=ELLIPSE('',#3658,0.00346410161513775,0.002);
#18=ELLIPSE('',#3660,0.00346410161513775,0.002);
#19=ELLIPSE('',#3661,0.00346410161513775,0.002);
#20=ELLIPSE('',#3663,0.00346410161513775,0.002);
#21=ELLIPSE('',#3664,0.00346410161513775,0.002);
#22=ELLIPSE('',#3666,0.00346410161513775,0.002);
#23=ELLIPSE('',#3667,0.00346410161513775,0.002);
#24=ELLIPSE('',#3669,0.00346410161513775,0.002);
#25=ELLIPSE('',#3670,0.00346410161513775,0.002);
#26=ELLIPSE('',#3672,0.00346410161513775,0.002);
#27=ELLIPSE('',#3673,0.00346410161513775,0.002);
#28=ELLIPSE('',#3675,0.00346410161513776,0.002);
#29=ELLIPSE('',#3676,0.00346410161513775,0.002);
#30=ELLIPSE('',#3747,0.00346410161513775,0.002);
#31=ELLIPSE('',#3748,0.00346410161513775,0.002);
#32=ELLIPSE('',#3780,0.00346410161513775,0.002);
#33=ELLIPSE('',#3781,0.00346410161513775,0.002);
#34=ELLIPSE('',#3798,0.00346410161513775,0.002);
#35=ELLIPSE('',#3799,0.00346410161513775,0.002);
#36=ELLIPSE('',#3801,0.00346410161513775,0.002);
#37=ELLIPSE('',#3802,0.00346410161513775,0.002);
#38=CONTEXT_DEPENDENT_SHAPE_REPRESENTATION(#42,#5740);
#39=CONTEXT_DEPENDENT_SHAPE_REPRESENTATION(#43,#5742);
#40=NEXT_ASSEMBLY_USAGE_OCCURRENCE('NAUO1','Part 1','Part 1',#5743,#5744,
'');
#41=NEXT_ASSEMBLY_USAGE_OCCURRENCE('NAUO2','Part 1','Part 1',#5743,#5745,
'');
#42=(
REPRESENTATION_RELATIONSHIP(' ',' ',#3566,#3565)
REPRESENTATION_RELATIONSHIP_WITH_TRANSFORMATION(#44)
SHAPE_REPRESENTATION_RELATIONSHIP()
);
#43=(
REPRESENTATION_RELATIONSHIP(' ',' ',#3567,#3565)
REPRESENTATION_RELATIONSHIP_WITH_TRANSFORMATION(#45)
SHAPE_REPRESENTATION_RELATIONSHIP()
);
#44=ITEM_DEFINED_TRANSFORMATION(' ',' ',#3568,#3638);
#45=ITEM_DEFINED_TRANSFORMATION(' ',' ',#3568,#3819);
#46=SHAPE_REPRESENTATION_RELATIONSHIP('','',#3566,#48);
#47=SHAPE_REPRESENTATION_RELATIONSHIP('','',#3567,#49);
#48=ADVANCED_BREP_SHAPE_REPRESENTATION('',(#3560),#5730);
#49=ADVANCED_BREP_SHAPE_REPRESENTATION('',(#3561),#5731);
#50=CYLINDRICAL_SURFACE('',#3581,0.0015);
#51=CYLINDRICAL_SURFACE('',#3584,0.0015);
#52=CYLINDRICAL_SURFACE('',#3587,0.0015);
#53=CYLINDRICAL_SURFACE('',#3590,0.0015);
#54=CYLINDRICAL_SURFACE('',#3625,0.0075);
#55=CYLINDRICAL_SURFACE('',#3626,0.0075);
#56=CYLINDRICAL_SURFACE('',#3627,0.0075);
#57=CYLINDRICAL_SURFACE('',#3628,0.0075);
#58=CYLINDRICAL_SURFACE('',#3629,0.0075);
#59=CYLINDRICAL_SURFACE('',#3630,0.0075);
#60=CYLINDRICAL_SURFACE('',#3631,0.02);
#61=CYLINDRICAL_SURFACE('',#3632,0.002);
#62=CYLINDRICAL_SURFACE('',#3633,0.002);
#63=CYLINDRICAL_SURFACE('',#3636,0.002);
#64=CYLINDRICAL_SURFACE('',#3637,0.002);
#65=CYLINDRICAL_SURFACE('',#3756,0.0015);
#66=CYLINDRICAL_SURFACE('',#3758,0.0015);
#67=CYLINDRICAL_SURFACE('',#3760,0.0015);
#68=CYLINDRICAL_SURFACE('',#3762,0.0015);
#69=CYLINDRICAL_SURFACE('',#3790,0.0075);
#70=CYLINDRICAL_SURFACE('',#3791,0.0075);
#71=CYLINDRICAL_SURFACE('',#3792,0.0075);
#72=CYLINDRICAL_SURFACE('',#3793,0.0075);
#73=CYLINDRICAL_SURFACE('',#3794,0.0075);
#74=CYLINDRICAL_SURFACE('',#3795,0.0075);
#75=CYLINDRICAL_SURFACE('',#3796,0.02);
#76=CYLINDRICAL_SURFACE('',#3807,0.002);
#77=CYLINDRICAL_SURFACE('',#3808,0.002);
#78=CYLINDRICAL_SURFACE('',#3809,0.002);
#79=CYLINDRICAL_SURFACE('',#3810,0.002);
#80=CYLINDRICAL_SURFACE('',#3815,0.002);
#81=CYLINDRICAL_SURFACE('',#3816,0.002);
#82=CYLINDRICAL_SURFACE('',#3817,0.002);
#83=CYLINDRICAL_SURFACE('',#3818,0.002);
#84=CIRCLE('',#3573,0.002);
#85=CIRCLE('',#3574,0.002);
#86=CIRCLE('',#3575,0.002);
#87=CIRCLE('',#3576,0.002);
#88=CIRCLE('',#3582,0.0015);
#89=CIRCLE('',#3583,0.0015);
#90=CIRCLE('',#3585,0.0015);
#91=CIRCLE('',#3586,0.0015);
#92=CIRCLE('',#3588,0.0015);
#93=CIRCLE('',#3589,0.0015);
#94=CIRCLE('',#3591,0.0015);
#95=CIRCLE('',#3592,0.0015);
#96=CIRCLE('',#3596,0.02);
#97=CIRCLE('',#3597,0.0075);
#98=CIRCLE('',#3598,0.0075);
#99=CIRCLE('',#3599,0.0075);
#100=CIRCLE('',#3600,0.0075);
#101=CIRCLE('',#3601,0.0075);
#102=CIRCLE('',#3602,0.0075);
#103=CIRCLE('',#3604,0.002);
#104=CIRCLE('',#3605,0.002);
#105=CIRCLE('',#3606,0.002);
#106=CIRCLE('',#3607,0.002);
#107=CIRCLE('',#3618,0.02);
#108=CIRCLE('',#3619,0.0075);
#109=CIRCLE('',#3620,0.0075);
#110=CIRCLE('',#3621,0.0075);
#111=CIRCLE('',#3622,0.0075);
#112=CIRCLE('',#3623,0.0075);
#113=CIRCLE('',#3624,0.0075);
#114=CIRCLE('',#3644,0.02);
#115=CIRCLE('',#3645,0.0075);
#116=CIRCLE('',#3646,0.0075);
#117=CIRCLE('',#3647,0.0075);
#118=CIRCLE('',#3648,0.0075);
#119=CIRCLE('',#3649,0.0075);
#120=CIRCLE('',#3650,0.0075);
#121=CIRCLE('',#3651,0.0015);
#122=CIRCLE('',#3652,0.0015);
#123=CIRCLE('',#3653,0.0015);
#124=CIRCLE('',#3654,0.0015);
#125=CIRCLE('',#3757,0.0015);
#126=CIRCLE('',#3759,0.0015);
#127=CIRCLE('',#3761,0.0015);
#128=CIRCLE('',#3763,0.0015);
#129=CIRCLE('',#3783,0.02);
#130=CIRCLE('',#3784,0.0075);
#131=CIRCLE('',#3785,0.0075);
#132=CIRCLE('',#3786,0.0075);
#133=CIRCLE('',#3787,0.0075);
#134=CIRCLE('',#3788,0.0075);
#135=CIRCLE('',#3789,0.0075);
#136=ORIENTED_EDGE('',*,*,#1116,.F.);
#137=ORIENTED_EDGE('',*,*,#1117,.T.);
#138=ORIENTED_EDGE('',*,*,#1118,.T.);
#139=ORIENTED_EDGE('',*,*,#1119,.T.);
#140=ORIENTED_EDGE('',*,*,#1120,.F.);
#141=ORIENTED_EDGE('',*,*,#1121,.T.);
#142=ORIENTED_EDGE('',*,*,#1122,.T.);
#143=ORIENTED_EDGE('',*,*,#1123,.T.);
#144=ORIENTED_EDGE('',*,*,#1124,.T.);
#145=ORIENTED_EDGE('',*,*,#1125,.T.);
#146=ORIENTED_EDGE('',*,*,#1126,.F.);
#147=ORIENTED_EDGE('',*,*,#1127,.T.);
#148=ORIENTED_EDGE('',*,*,#1122,.F.);
#149=ORIENTED_EDGE('',*,*,#1128,.T.);
#150=ORIENTED_EDGE('',*,*,#1129,.T.);
#151=ORIENTED_EDGE('',*,*,#1130,.T.);
#152=ORIENTED_EDGE('',*,*,#1116,.T.);
#153=ORIENTED_EDGE('',*,*,#1131,.T.);
#154=ORIENTED_EDGE('',*,*,#1132,.F.);
#155=ORIENTED_EDGE('',*,*,#1133,.T.);
#156=ORIENTED_EDGE('',*,*,#1134,.F.);
#157=ORIENTED_EDGE('',*,*,#1135,.T.);
#158=ORIENTED_EDGE('',*,*,#1136,.T.);
#159=ORIENTED_EDGE('',*,*,#1137,.T.);
#160=ORIENTED_EDGE('',*,*,#1138,.F.);
#161=ORIENTED_EDGE('',*,*,#1139,.F.);
#162=ORIENTED_EDGE('',*,*,#1140,.F.);
#163=ORIENTED_EDGE('',*,*,#1141,.T.);
#164=ORIENTED_EDGE('',*,*,#1142,.T.);
#165=ORIENTED_EDGE('',*,*,#1143,.T.);
#166=ORIENTED_EDGE('',*,*,#1144,.T.);
#167=ORIENTED_EDGE('',*,*,#1145,.T.);
#168=ORIENTED_EDGE('',*,*,#1146,.F.);
#169=ORIENTED_EDGE('',*,*,#1147,.T.);
#170=ORIENTED_EDGE('',*,*,#1148,.T.);
#171=ORIENTED_EDGE('',*,*,#1149,.T.);
#172=ORIENTED_EDGE('',*,*,#1150,.F.);
#173=ORIENTED_EDGE('',*,*,#1151,.T.);
#174=ORIENTED_EDGE('',*,*,#1152,.T.);
#175=ORIENTED_EDGE('',*,*,#1153,.T.);
#176=ORIENTED_EDGE('',*,*,#1154,.F.);
#177=ORIENTED_EDGE('',*,*,#1155,.T.);
#178=ORIENTED_EDGE('',*,*,#1156,.F.);
#179=ORIENTED_EDGE('',*,*,#1157,.T.);
#180=ORIENTED_EDGE('',*,*,#1158,.F.);
#181=ORIENTED_EDGE('',*,*,#1159,.T.);
#182=ORIENTED_EDGE('',*,*,#1160,.F.);
#183=ORIENTED_EDGE('',*,*,#1161,.T.);
#184=ORIENTED_EDGE('',*,*,#1162,.F.);
#185=ORIENTED_EDGE('',*,*,#1163,.T.);
#186=ORIENTED_EDGE('',*,*,#1164,.F.);
#187=ORIENTED_EDGE('',*,*,#1165,.T.);
#188=ORIENTED_EDGE('',*,*,#1166,.T.);
#189=ORIENTED_EDGE('',*,*,#1167,.T.);
#190=ORIENTED_EDGE('',*,*,#1162,.T.);
#191=ORIENTED_EDGE('',*,*,#1160,.T.);
#192=ORIENTED_EDGE('',*,*,#1158,.T.);
#193=ORIENTED_EDGE('',*,*,#1156,.T.);
#194=ORIENTED_EDGE('',*,*,#1168,.T.);
#195=ORIENTED_EDGE('',*,*,#1169,.T.);
#196=ORIENTED_EDGE('',*,*,#1132,.T.);
#197=ORIENTED_EDGE('',*,*,#1170,.T.);
#198=ORIENTED_EDGE('',*,*,#1171,.T.);
#199=ORIENTED_EDGE('',*,*,#1172,.T.);
#200=ORIENTED_EDGE('',*,*,#1173,.T.);
#201=ORIENTED_EDGE('',*,*,#1174,.T.);
#202=ORIENTED_EDGE('',*,*,#1175,.T.);
#203=ORIENTED_EDGE('',*,*,#1176,.T.);
#204=ORIENTED_EDGE('',*,*,#1177,.T.);
#205=ORIENTED_EDGE('',*,*,#1178,.T.);
#206=ORIENTED_EDGE('',*,*,#1179,.T.);
#207=ORIENTED_EDGE('',*,*,#1180,.T.);
#208=ORIENTED_EDGE('',*,*,#1166,.F.);
#209=ORIENTED_EDGE('',*,*,#1181,.T.);
#210=ORIENTED_EDGE('',*,*,#1124,.F.);
#211=ORIENTED_EDGE('',*,*,#1182,.T.);
#212=ORIENTED_EDGE('',*,*,#1136,.F.);
#213=ORIENTED_EDGE('',*,*,#1183,.T.);
#214=ORIENTED_EDGE('',*,*,#1140,.T.);
#215=ORIENTED_EDGE('',*,*,#1184,.T.);
#216=ORIENTED_EDGE('',*,*,#1144,.F.);
#217=ORIENTED_EDGE('',*,*,#1185,.T.);
#218=ORIENTED_EDGE('',*,*,#1148,.F.);
#219=ORIENTED_EDGE('',*,*,#1186,.T.);
#220=ORIENTED_EDGE('',*,*,#1152,.F.);
#221=ORIENTED_EDGE('',*,*,#1187,.T.);
#222=ORIENTED_EDGE('',*,*,#1163,.F.);
#223=ORIENTED_EDGE('',*,*,#1161,.F.);
#224=ORIENTED_EDGE('',*,*,#1159,.F.);
#225=ORIENTED_EDGE('',*,*,#1157,.F.);
#226=ORIENTED_EDGE('',*,*,#1171,.F.);
#227=ORIENTED_EDGE('',*,*,#1188,.T.);
#228=ORIENTED_EDGE('',*,*,#1118,.F.);
#229=ORIENTED_EDGE('',*,*,#1189,.T.);
#230=ORIENTED_EDGE('',*,*,#1190,.F.);
#231=ORIENTED_EDGE('',*,*,#1191,.T.);
#232=ORIENTED_EDGE('',*,*,#1120,.T.);
#233=ORIENTED_EDGE('',*,*,#1192,.T.);
#234=ORIENTED_EDGE('',*,*,#1168,.F.);
#235=ORIENTED_EDGE('',*,*,#1193,.F.);
#236=ORIENTED_EDGE('',*,*,#1194,.T.);
#237=ORIENTED_EDGE('',*,*,#1195,.T.);
#238=ORIENTED_EDGE('',*,*,#1196,.T.);
#239=ORIENTED_EDGE('',*,*,#1197,.T.);
#240=ORIENTED_EDGE('',*,*,#1172,.F.);
#241=ORIENTED_EDGE('',*,*,#1197,.F.);
#242=ORIENTED_EDGE('',*,*,#1198,.T.);
#243=ORIENTED_EDGE('',*,*,#1199,.T.);
#244=ORIENTED_EDGE('',*,*,#1173,.F.);
#245=ORIENTED_EDGE('',*,*,#1199,.F.);
#246=ORIENTED_EDGE('',*,*,#1200,.T.);
#247=ORIENTED_EDGE('',*,*,#1201,.T.);
#248=ORIENTED_EDGE('',*,*,#1174,.F.);
#249=ORIENTED_EDGE('',*,*,#1201,.F.);
#250=ORIENTED_EDGE('',*,*,#1202,.T.);
#251=ORIENTED_EDGE('',*,*,#1203,.T.);
#252=ORIENTED_EDGE('',*,*,#1175,.F.);
#253=ORIENTED_EDGE('',*,*,#1203,.F.);
#254=ORIENTED_EDGE('',*,*,#1204,.T.);
#255=ORIENTED_EDGE('',*,*,#1205,.T.);
#256=ORIENTED_EDGE('',*,*,#1176,.F.);
#257=ORIENTED_EDGE('',*,*,#1205,.F.);
#258=ORIENTED_EDGE('',*,*,#1206,.T.);
#259=ORIENTED_EDGE('',*,*,#1207,.T.);
#260=ORIENTED_EDGE('',*,*,#1177,.F.);
#261=ORIENTED_EDGE('',*,*,#1207,.F.);
#262=ORIENTED_EDGE('',*,*,#1208,.T.);
#263=ORIENTED_EDGE('',*,*,#1209,.T.);
#264=ORIENTED_EDGE('',*,*,#1178,.F.);
#265=ORIENTED_EDGE('',*,*,#1209,.F.);
#266=ORIENTED_EDGE('',*,*,#1210,.T.);
#267=ORIENTED_EDGE('',*,*,#1211,.T.);
#268=ORIENTED_EDGE('',*,*,#1179,.F.);
#269=ORIENTED_EDGE('',*,*,#1211,.F.);
#270=ORIENTED_EDGE('',*,*,#1212,.T.);
#271=ORIENTED_EDGE('',*,*,#1213,.T.);
#272=ORIENTED_EDGE('',*,*,#1180,.F.);
#273=ORIENTED_EDGE('',*,*,#1213,.F.);
#274=ORIENTED_EDGE('',*,*,#1214,.T.);
#275=ORIENTED_EDGE('',*,*,#1193,.T.);
#276=ORIENTED_EDGE('',*,*,#1126,.T.);
#277=ORIENTED_EDGE('',*,*,#1215,.T.);
#278=ORIENTED_EDGE('',*,*,#1164,.T.);
#279=ORIENTED_EDGE('',*,*,#1216,.T.);
#280=ORIENTED_EDGE('',*,*,#1154,.T.);
#281=ORIENTED_EDGE('',*,*,#1217,.T.);
#282=ORIENTED_EDGE('',*,*,#1150,.T.);
#283=ORIENTED_EDGE('',*,*,#1218,.T.);
#284=ORIENTED_EDGE('',*,*,#1146,.T.);
#285=ORIENTED_EDGE('',*,*,#1219,.T.);
#286=ORIENTED_EDGE('',*,*,#1142,.F.);
#287=ORIENTED_EDGE('',*,*,#1220,.T.);
#288=ORIENTED_EDGE('',*,*,#1134,.T.);
#289=ORIENTED_EDGE('',*,*,#1221,.T.);
#290=ORIENTED_EDGE('',*,*,#1194,.F.);
#291=ORIENTED_EDGE('',*,*,#1214,.F.);
#292=ORIENTED_EDGE('',*,*,#1212,.F.);
#293=ORIENTED_EDGE('',*,*,#1210,.F.);
#294=ORIENTED_EDGE('',*,*,#1208,.F.);
#295=ORIENTED_EDGE('',*,*,#1206,.F.);
#296=ORIENTED_EDGE('',*,*,#1204,.F.);
#297=ORIENTED_EDGE('',*,*,#1202,.F.);
#298=ORIENTED_EDGE('',*,*,#1200,.F.);
#299=ORIENTED_EDGE('',*,*,#1198,.F.);
#300=ORIENTED_EDGE('',*,*,#1196,.F.);
#301=ORIENTED_EDGE('',*,*,#1222,.F.);
#302=ORIENTED_EDGE('',*,*,#1138,.T.);
#303=ORIENTED_EDGE('',*,*,#1223,.T.);
#304=ORIENTED_EDGE('',*,*,#1220,.F.);
#305=ORIENTED_EDGE('',*,*,#1141,.F.);
#306=ORIENTED_EDGE('',*,*,#1183,.F.);
#307=ORIENTED_EDGE('',*,*,#1135,.F.);
#308=ORIENTED_EDGE('',*,*,#1219,.F.);
#309=ORIENTED_EDGE('',*,*,#1145,.F.);
#310=ORIENTED_EDGE('',*,*,#1184,.F.);
#311=ORIENTED_EDGE('',*,*,#1143,.F.);
#312=ORIENTED_EDGE('',*,*,#1218,.F.);
#313=ORIENTED_EDGE('',*,*,#1149,.F.);
#314=ORIENTED_EDGE('',*,*,#1185,.F.);
#315=ORIENTED_EDGE('',*,*,#1147,.F.);
#316=ORIENTED_EDGE('',*,*,#1217,.F.);
#317=ORIENTED_EDGE('',*,*,#1153,.F.);
#318=ORIENTED_EDGE('',*,*,#1186,.F.);
#319=ORIENTED_EDGE('',*,*,#1151,.F.);
#320=ORIENTED_EDGE('',*,*,#1216,.F.);
#321=ORIENTED_EDGE('',*,*,#1167,.F.);
#322=ORIENTED_EDGE('',*,*,#1187,.F.);
#323=ORIENTED_EDGE('',*,*,#1155,.F.);
#324=ORIENTED_EDGE('',*,*,#1223,.F.);
#325=ORIENTED_EDGE('',*,*,#1137,.F.);
#326=ORIENTED_EDGE('',*,*,#1182,.F.);
#327=ORIENTED_EDGE('',*,*,#1127,.F.);
#328=ORIENTED_EDGE('',*,*,#1215,.F.);
#329=ORIENTED_EDGE('',*,*,#1125,.F.);
#330=ORIENTED_EDGE('',*,*,#1181,.F.);
#331=ORIENTED_EDGE('',*,*,#1165,.F.);
#332=ORIENTED_EDGE('',*,*,#1131,.F.);
#333=ORIENTED_EDGE('',*,*,#1119,.F.);
#334=ORIENTED_EDGE('',*,*,#1188,.F.);
#335=ORIENTED_EDGE('',*,*,#1170,.F.);
#336=ORIENTED_EDGE('',*,*,#1133,.F.);
#337=ORIENTED_EDGE('',*,*,#1169,.F.);
#338=ORIENTED_EDGE('',*,*,#1192,.F.);
#339=ORIENTED_EDGE('',*,*,#1123,.F.);
#340=ORIENTED_EDGE('',*,*,#1190,.T.);
#341=ORIENTED_EDGE('',*,*,#1224,.T.);
#342=ORIENTED_EDGE('',*,*,#1129,.F.);
#343=ORIENTED_EDGE('',*,*,#1225,.T.);
#344=ORIENTED_EDGE('',*,*,#1222,.T.);
#345=ORIENTED_EDGE('',*,*,#1195,.F.);
#346=ORIENTED_EDGE('',*,*,#1221,.F.);
#347=ORIENTED_EDGE('',*,*,#1139,.T.);
#348=ORIENTED_EDGE('',*,*,#1130,.F.);
#349=ORIENTED_EDGE('',*,*,#1224,.F.);
#350=ORIENTED_EDGE('',*,*,#1189,.F.);
#351=ORIENTED_EDGE('',*,*,#1117,.F.);
#352=ORIENTED_EDGE('',*,*,#1128,.F.);
#353=ORIENTED_EDGE('',*,*,#1121,.F.);
#354=ORIENTED_EDGE('',*,*,#1191,.F.);
#355=ORIENTED_EDGE('',*,*,#1225,.F.);
#356=ORIENTED_EDGE('',*,*,#1226,.T.);
#357=ORIENTED_EDGE('',*,*,#1227,.T.);
#358=ORIENTED_EDGE('',*,*,#1228,.T.);
#359=ORIENTED_EDGE('',*,*,#1229,.T.);
#360=ORIENTED_EDGE('',*,*,#1230,.T.);
#361=ORIENTED_EDGE('',*,*,#1231,.T.);
#362=ORIENTED_EDGE('',*,*,#1232,.T.);
#363=ORIENTED_EDGE('',*,*,#1233,.T.);
#364=ORIENTED_EDGE('',*,*,#1234,.T.);
#365=ORIENTED_EDGE('',*,*,#1235,.T.);
#366=ORIENTED_EDGE('',*,*,#1236,.T.);
#367=ORIENTED_EDGE('',*,*,#1237,.T.);
#368=ORIENTED_EDGE('',*,*,#1238,.T.);
#369=ORIENTED_EDGE('',*,*,#1239,.T.);
#370=ORIENTED_EDGE('',*,*,#1240,.T.);
#371=ORIENTED_EDGE('',*,*,#1241,.T.);
#372=ORIENTED_EDGE('',*,*,#1242,.T.);
#373=ORIENTED_EDGE('',*,*,#1243,.T.);
#374=ORIENTED_EDGE('',*,*,#1244,.F.);
#375=ORIENTED_EDGE('',*,*,#1245,.T.);
#376=ORIENTED_EDGE('',*,*,#1246,.T.);
#377=ORIENTED_EDGE('',*,*,#1247,.T.);
#378=ORIENTED_EDGE('',*,*,#1248,.T.);
#379=ORIENTED_EDGE('',*,*,#1249,.T.);
#380=ORIENTED_EDGE('',*,*,#1250,.T.);
#381=ORIENTED_EDGE('',*,*,#1251,.T.);
#382=ORIENTED_EDGE('',*,*,#1252,.T.);
#383=ORIENTED_EDGE('',*,*,#1253,.T.);
#384=ORIENTED_EDGE('',*,*,#1254,.T.);
#385=ORIENTED_EDGE('',*,*,#1255,.T.);
#386=ORIENTED_EDGE('',*,*,#1256,.T.);
#387=ORIENTED_EDGE('',*,*,#1257,.T.);
#388=ORIENTED_EDGE('',*,*,#1258,.T.);
#389=ORIENTED_EDGE('',*,*,#1259,.T.);
#390=ORIENTED_EDGE('',*,*,#1260,.T.);
#391=ORIENTED_EDGE('',*,*,#1261,.T.);
#392=ORIENTED_EDGE('',*,*,#1262,.T.);
#393=ORIENTED_EDGE('',*,*,#1263,.T.);
#394=ORIENTED_EDGE('',*,*,#1264,.T.);
#395=ORIENTED_EDGE('',*,*,#1265,.T.);
#396=ORIENTED_EDGE('',*,*,#1266,.T.);
#397=ORIENTED_EDGE('',*,*,#1267,.T.);
#398=ORIENTED_EDGE('',*,*,#1268,.T.);
#399=ORIENTED_EDGE('',*,*,#1269,.T.);
#400=ORIENTED_EDGE('',*,*,#1270,.T.);
#401=ORIENTED_EDGE('',*,*,#1271,.F.);
#402=ORIENTED_EDGE('',*,*,#1272,.T.);
#403=ORIENTED_EDGE('',*,*,#1273,.T.);
#404=ORIENTED_EDGE('',*,*,#1274,.T.);
#405=ORIENTED_EDGE('',*,*,#1275,.T.);
#406=ORIENTED_EDGE('',*,*,#1276,.T.);
#407=ORIENTED_EDGE('',*,*,#1277,.T.);
#408=ORIENTED_EDGE('',*,*,#1278,.T.);
#409=ORIENTED_EDGE('',*,*,#1279,.T.);
#410=ORIENTED_EDGE('',*,*,#1280,.T.);
#411=ORIENTED_EDGE('',*,*,#1281,.T.);
#412=ORIENTED_EDGE('',*,*,#1282,.T.);
#413=ORIENTED_EDGE('',*,*,#1283,.T.);
#414=ORIENTED_EDGE('',*,*,#1284,.T.);
#415=ORIENTED_EDGE('',*,*,#1285,.T.);
#416=ORIENTED_EDGE('',*,*,#1286,.T.);
#417=ORIENTED_EDGE('',*,*,#1287,.T.);
#418=ORIENTED_EDGE('',*,*,#1288,.T.);
#419=ORIENTED_EDGE('',*,*,#1289,.T.);
#420=ORIENTED_EDGE('',*,*,#1290,.T.);
#421=ORIENTED_EDGE('',*,*,#1291,.T.);
#422=ORIENTED_EDGE('',*,*,#1292,.T.);
#423=ORIENTED_EDGE('',*,*,#1293,.T.);
#424=ORIENTED_EDGE('',*,*,#1294,.T.);
#425=ORIENTED_EDGE('',*,*,#1295,.T.);
#426=ORIENTED_EDGE('',*,*,#1296,.T.);
#427=ORIENTED_EDGE('',*,*,#1297,.T.);
#428=ORIENTED_EDGE('',*,*,#1298,.T.);
#429=ORIENTED_EDGE('',*,*,#1299,.T.);
#430=ORIENTED_EDGE('',*,*,#1300,.T.);
#431=ORIENTED_EDGE('',*,*,#1301,.T.);
#432=ORIENTED_EDGE('',*,*,#1302,.T.);
#433=ORIENTED_EDGE('',*,*,#1303,.T.);
#434=ORIENTED_EDGE('',*,*,#1304,.T.);
#435=ORIENTED_EDGE('',*,*,#1305,.T.);
#436=ORIENTED_EDGE('',*,*,#1306,.T.);
#437=ORIENTED_EDGE('',*,*,#1307,.T.);
#438=ORIENTED_EDGE('',*,*,#1308,.T.);
#439=ORIENTED_EDGE('',*,*,#1309,.T.);
#440=ORIENTED_EDGE('',*,*,#1310,.F.);
#441=ORIENTED_EDGE('',*,*,#1311,.F.);
#442=ORIENTED_EDGE('',*,*,#1312,.F.);
#443=ORIENTED_EDGE('',*,*,#1313,.F.);
#444=ORIENTED_EDGE('',*,*,#1314,.F.);
#445=ORIENTED_EDGE('',*,*,#1315,.F.);
#446=ORIENTED_EDGE('',*,*,#1316,.F.);
#447=ORIENTED_EDGE('',*,*,#1317,.F.);
#448=ORIENTED_EDGE('',*,*,#1318,.F.);
#449=ORIENTED_EDGE('',*,*,#1319,.F.);
#450=ORIENTED_EDGE('',*,*,#1320,.F.);
#451=ORIENTED_EDGE('',*,*,#1321,.F.);
#452=ORIENTED_EDGE('',*,*,#1322,.F.);
#453=ORIENTED_EDGE('',*,*,#1323,.F.);
#454=ORIENTED_EDGE('',*,*,#1324,.F.);
#455=ORIENTED_EDGE('',*,*,#1325,.F.);
#456=ORIENTED_EDGE('',*,*,#1326,.F.);
#457=ORIENTED_EDGE('',*,*,#1327,.F.);
#458=ORIENTED_EDGE('',*,*,#1328,.F.);
#459=ORIENTED_EDGE('',*,*,#1329,.F.);
#460=ORIENTED_EDGE('',*,*,#1330,.F.);
#461=ORIENTED_EDGE('',*,*,#1331,.F.);
#462=ORIENTED_EDGE('',*,*,#1332,.F.);
#463=ORIENTED_EDGE('',*,*,#1333,.F.);
#464=ORIENTED_EDGE('',*,*,#1334,.F.);
#465=ORIENTED_EDGE('',*,*,#1335,.F.);
#466=ORIENTED_EDGE('',*,*,#1336,.T.);
#467=ORIENTED_EDGE('',*,*,#1337,.T.);
#468=ORIENTED_EDGE('',*,*,#1338,.T.);
#469=ORIENTED_EDGE('',*,*,#1339,.T.);
#470=ORIENTED_EDGE('',*,*,#1340,.T.);
#471=ORIENTED_EDGE('',*,*,#1341,.T.);
#472=ORIENTED_EDGE('',*,*,#1342,.F.);
#473=ORIENTED_EDGE('',*,*,#1343,.T.);
#474=ORIENTED_EDGE('',*,*,#1344,.T.);
#475=ORIENTED_EDGE('',*,*,#1345,.T.);
#476=ORIENTED_EDGE('',*,*,#1346,.T.);
#477=ORIENTED_EDGE('',*,*,#1347,.T.);
#478=ORIENTED_EDGE('',*,*,#1348,.F.);
#479=ORIENTED_EDGE('',*,*,#1349,.F.);
#480=ORIENTED_EDGE('',*,*,#1348,.T.);
#481=ORIENTED_EDGE('',*,*,#1350,.T.);
#482=ORIENTED_EDGE('',*,*,#1351,.T.);
#483=ORIENTED_EDGE('',*,*,#1352,.T.);
#484=ORIENTED_EDGE('',*,*,#1353,.F.);
#485=ORIENTED_EDGE('',*,*,#1354,.F.);
#486=ORIENTED_EDGE('',*,*,#1353,.T.);
#487=ORIENTED_EDGE('',*,*,#1355,.T.);
#488=ORIENTED_EDGE('',*,*,#1356,.T.);
#489=ORIENTED_EDGE('',*,*,#1357,.T.);
#490=ORIENTED_EDGE('',*,*,#1358,.F.);
#491=ORIENTED_EDGE('',*,*,#1359,.F.);
#492=ORIENTED_EDGE('',*,*,#1360,.T.);
#493=ORIENTED_EDGE('',*,*,#1361,.T.);
#494=ORIENTED_EDGE('',*,*,#1362,.T.);
#495=ORIENTED_EDGE('',*,*,#1363,.T.);
#496=ORIENTED_EDGE('',*,*,#1364,.F.);
#497=ORIENTED_EDGE('',*,*,#1365,.F.);
#498=ORIENTED_EDGE('',*,*,#1364,.T.);
#499=ORIENTED_EDGE('',*,*,#1366,.T.);
#500=ORIENTED_EDGE('',*,*,#1367,.T.);
#501=ORIENTED_EDGE('',*,*,#1368,.T.);
#502=ORIENTED_EDGE('',*,*,#1369,.F.);
#503=ORIENTED_EDGE('',*,*,#1370,.F.);
#504=ORIENTED_EDGE('',*,*,#1369,.T.);
#505=ORIENTED_EDGE('',*,*,#1371,.T.);
#506=ORIENTED_EDGE('',*,*,#1372,.T.);
#507=ORIENTED_EDGE('',*,*,#1373,.T.);
#508=ORIENTED_EDGE('',*,*,#1374,.F.);
#509=ORIENTED_EDGE('',*,*,#1375,.F.);
#510=ORIENTED_EDGE('',*,*,#1332,.T.);
#511=ORIENTED_EDGE('',*,*,#1376,.F.);
#512=ORIENTED_EDGE('',*,*,#1377,.F.);
#513=ORIENTED_EDGE('',*,*,#1378,.T.);
#514=ORIENTED_EDGE('',*,*,#1335,.T.);
#515=ORIENTED_EDGE('',*,*,#1379,.F.);
#516=ORIENTED_EDGE('',*,*,#1380,.F.);
#517=ORIENTED_EDGE('',*,*,#1376,.T.);
#518=ORIENTED_EDGE('',*,*,#1334,.T.);
#519=ORIENTED_EDGE('',*,*,#1381,.F.);
#520=ORIENTED_EDGE('',*,*,#1382,.F.);
#521=ORIENTED_EDGE('',*,*,#1379,.T.);
#522=ORIENTED_EDGE('',*,*,#1328,.T.);
#523=ORIENTED_EDGE('',*,*,#1383,.F.);
#524=ORIENTED_EDGE('',*,*,#1384,.F.);
#525=ORIENTED_EDGE('',*,*,#1385,.T.);
#526=ORIENTED_EDGE('',*,*,#1331,.T.);
#527=ORIENTED_EDGE('',*,*,#1386,.F.);
#528=ORIENTED_EDGE('',*,*,#1387,.F.);
#529=ORIENTED_EDGE('',*,*,#1383,.T.);
#530=ORIENTED_EDGE('',*,*,#1330,.T.);
#531=ORIENTED_EDGE('',*,*,#1388,.F.);
#532=ORIENTED_EDGE('',*,*,#1389,.F.);
#533=ORIENTED_EDGE('',*,*,#1386,.T.);
#534=ORIENTED_EDGE('',*,*,#1324,.T.);
#535=ORIENTED_EDGE('',*,*,#1390,.F.);
#536=ORIENTED_EDGE('',*,*,#1391,.F.);
#537=ORIENTED_EDGE('',*,*,#1392,.T.);
#538=ORIENTED_EDGE('',*,*,#1327,.T.);
#539=ORIENTED_EDGE('',*,*,#1393,.F.);
#540=ORIENTED_EDGE('',*,*,#1394,.F.);
#541=ORIENTED_EDGE('',*,*,#1390,.T.);
#542=ORIENTED_EDGE('',*,*,#1326,.T.);
#543=ORIENTED_EDGE('',*,*,#1395,.F.);
#544=ORIENTED_EDGE('',*,*,#1396,.F.);
#545=ORIENTED_EDGE('',*,*,#1393,.T.);
#546=ORIENTED_EDGE('',*,*,#1320,.T.);
#547=ORIENTED_EDGE('',*,*,#1397,.F.);
#548=ORIENTED_EDGE('',*,*,#1398,.F.);
#549=ORIENTED_EDGE('',*,*,#1399,.T.);
#550=ORIENTED_EDGE('',*,*,#1323,.T.);
#551=ORIENTED_EDGE('',*,*,#1400,.F.);
#552=ORIENTED_EDGE('',*,*,#1401,.F.);
#553=ORIENTED_EDGE('',*,*,#1397,.T.);
#554=ORIENTED_EDGE('',*,*,#1322,.T.);
#555=ORIENTED_EDGE('',*,*,#1402,.F.);
#556=ORIENTED_EDGE('',*,*,#1403,.F.);
#557=ORIENTED_EDGE('',*,*,#1400,.T.);
#558=ORIENTED_EDGE('',*,*,#1316,.T.);
#559=ORIENTED_EDGE('',*,*,#1404,.F.);
#560=ORIENTED_EDGE('',*,*,#1405,.F.);
#561=ORIENTED_EDGE('',*,*,#1406,.T.);
#562=ORIENTED_EDGE('',*,*,#1319,.T.);
#563=ORIENTED_EDGE('',*,*,#1407,.F.);
#564=ORIENTED_EDGE('',*,*,#1408,.F.);
#565=ORIENTED_EDGE('',*,*,#1404,.T.);
#566=ORIENTED_EDGE('',*,*,#1318,.T.);
#567=ORIENTED_EDGE('',*,*,#1409,.F.);
#568=ORIENTED_EDGE('',*,*,#1410,.F.);
#569=ORIENTED_EDGE('',*,*,#1407,.T.);
#570=ORIENTED_EDGE('',*,*,#1312,.T.);
#571=ORIENTED_EDGE('',*,*,#1411,.F.);
#572=ORIENTED_EDGE('',*,*,#1412,.F.);
#573=ORIENTED_EDGE('',*,*,#1413,.T.);
#574=ORIENTED_EDGE('',*,*,#1315,.T.);
#575=ORIENTED_EDGE('',*,*,#1414,.F.);
#576=ORIENTED_EDGE('',*,*,#1415,.F.);
#577=ORIENTED_EDGE('',*,*,#1411,.T.);
#578=ORIENTED_EDGE('',*,*,#1314,.T.);
#579=ORIENTED_EDGE('',*,*,#1416,.F.);
#580=ORIENTED_EDGE('',*,*,#1417,.F.);
#581=ORIENTED_EDGE('',*,*,#1414,.T.);
#582=ORIENTED_EDGE('',*,*,#1308,.F.);
#583=ORIENTED_EDGE('',*,*,#1418,.F.);
#584=ORIENTED_EDGE('',*,*,#1419,.T.);
#585=ORIENTED_EDGE('',*,*,#1420,.T.);
#586=ORIENTED_EDGE('',*,*,#1311,.T.);
#587=ORIENTED_EDGE('',*,*,#1421,.F.);
#588=ORIENTED_EDGE('',*,*,#1422,.F.);
#589=ORIENTED_EDGE('',*,*,#1418,.T.);
#590=ORIENTED_EDGE('',*,*,#1310,.T.);
#591=ORIENTED_EDGE('',*,*,#1423,.F.);
#592=ORIENTED_EDGE('',*,*,#1424,.F.);
#593=ORIENTED_EDGE('',*,*,#1421,.T.);
#594=ORIENTED_EDGE('',*,*,#1300,.F.);
#595=ORIENTED_EDGE('',*,*,#1425,.F.);
#596=ORIENTED_EDGE('',*,*,#1426,.T.);
#597=ORIENTED_EDGE('',*,*,#1427,.T.);
#598=ORIENTED_EDGE('',*,*,#1303,.F.);
#599=ORIENTED_EDGE('',*,*,#1428,.F.);
#600=ORIENTED_EDGE('',*,*,#1429,.T.);
#601=ORIENTED_EDGE('',*,*,#1425,.T.);
#602=ORIENTED_EDGE('',*,*,#1302,.F.);
#603=ORIENTED_EDGE('',*,*,#1430,.F.);
#604=ORIENTED_EDGE('',*,*,#1431,.T.);
#605=ORIENTED_EDGE('',*,*,#1428,.T.);
#606=ORIENTED_EDGE('',*,*,#1296,.F.);
#607=ORIENTED_EDGE('',*,*,#1432,.F.);
#608=ORIENTED_EDGE('',*,*,#1433,.T.);
#609=ORIENTED_EDGE('',*,*,#1434,.T.);
#610=ORIENTED_EDGE('',*,*,#1299,.F.);
#611=ORIENTED_EDGE('',*,*,#1435,.F.);
#612=ORIENTED_EDGE('',*,*,#1436,.T.);
#613=ORIENTED_EDGE('',*,*,#1432,.T.);
#614=ORIENTED_EDGE('',*,*,#1298,.F.);
#615=ORIENTED_EDGE('',*,*,#1437,.F.);
#616=ORIENTED_EDGE('',*,*,#1438,.T.);
#617=ORIENTED_EDGE('',*,*,#1435,.T.);
#618=ORIENTED_EDGE('',*,*,#1292,.F.);
#619=ORIENTED_EDGE('',*,*,#1439,.F.);
#620=ORIENTED_EDGE('',*,*,#1440,.T.);
#621=ORIENTED_EDGE('',*,*,#1441,.T.);
#622=ORIENTED_EDGE('',*,*,#1295,.F.);
#623=ORIENTED_EDGE('',*,*,#1442,.F.);
#624=ORIENTED_EDGE('',*,*,#1443,.T.);
#625=ORIENTED_EDGE('',*,*,#1439,.T.);
#626=ORIENTED_EDGE('',*,*,#1294,.F.);
#627=ORIENTED_EDGE('',*,*,#1444,.F.);
#628=ORIENTED_EDGE('',*,*,#1445,.T.);
#629=ORIENTED_EDGE('',*,*,#1442,.T.);
#630=ORIENTED_EDGE('',*,*,#1288,.F.);
#631=ORIENTED_EDGE('',*,*,#1446,.F.);
#632=ORIENTED_EDGE('',*,*,#1447,.T.);
#633=ORIENTED_EDGE('',*,*,#1448,.T.);
#634=ORIENTED_EDGE('',*,*,#1291,.F.);
#635=ORIENTED_EDGE('',*,*,#1449,.F.);
#636=ORIENTED_EDGE('',*,*,#1450,.T.);
#637=ORIENTED_EDGE('',*,*,#1446,.T.);
#638=ORIENTED_EDGE('',*,*,#1290,.F.);
#639=ORIENTED_EDGE('',*,*,#1451,.F.);
#640=ORIENTED_EDGE('',*,*,#1452,.T.);
#641=ORIENTED_EDGE('',*,*,#1449,.T.);
#642=ORIENTED_EDGE('',*,*,#1284,.F.);
#643=ORIENTED_EDGE('',*,*,#1453,.F.);
#644=ORIENTED_EDGE('',*,*,#1454,.T.);
#645=ORIENTED_EDGE('',*,*,#1455,.T.);
#646=ORIENTED_EDGE('',*,*,#1287,.F.);
#647=ORIENTED_EDGE('',*,*,#1456,.F.);
#648=ORIENTED_EDGE('',*,*,#1457,.T.);
#649=ORIENTED_EDGE('',*,*,#1453,.T.);
#650=ORIENTED_EDGE('',*,*,#1286,.F.);
#651=ORIENTED_EDGE('',*,*,#1458,.F.);
#652=ORIENTED_EDGE('',*,*,#1459,.T.);
#653=ORIENTED_EDGE('',*,*,#1456,.T.);
#654=ORIENTED_EDGE('',*,*,#1280,.F.);
#655=ORIENTED_EDGE('',*,*,#1460,.F.);
#656=ORIENTED_EDGE('',*,*,#1461,.T.);
#657=ORIENTED_EDGE('',*,*,#1462,.T.);
#658=ORIENTED_EDGE('',*,*,#1283,.F.);
#659=ORIENTED_EDGE('',*,*,#1463,.F.);
#660=ORIENTED_EDGE('',*,*,#1464,.T.);
#661=ORIENTED_EDGE('',*,*,#1460,.T.);
#662=ORIENTED_EDGE('',*,*,#1282,.F.);
#663=ORIENTED_EDGE('',*,*,#1465,.F.);
#664=ORIENTED_EDGE('',*,*,#1466,.T.);
#665=ORIENTED_EDGE('',*,*,#1463,.T.);
#666=ORIENTED_EDGE('',*,*,#1276,.F.);
#667=ORIENTED_EDGE('',*,*,#1467,.F.);
#668=ORIENTED_EDGE('',*,*,#1468,.T.);
#669=ORIENTED_EDGE('',*,*,#1469,.T.);
#670=ORIENTED_EDGE('',*,*,#1279,.F.);
#671=ORIENTED_EDGE('',*,*,#1470,.F.);
#672=ORIENTED_EDGE('',*,*,#1471,.T.);
#673=ORIENTED_EDGE('',*,*,#1467,.T.);
#674=ORIENTED_EDGE('',*,*,#1278,.F.);
#675=ORIENTED_EDGE('',*,*,#1472,.F.);
#676=ORIENTED_EDGE('',*,*,#1473,.T.);
#677=ORIENTED_EDGE('',*,*,#1470,.T.);
#678=ORIENTED_EDGE('',*,*,#1272,.F.);
#679=ORIENTED_EDGE('',*,*,#1474,.F.);
#680=ORIENTED_EDGE('',*,*,#1475,.T.);
#681=ORIENTED_EDGE('',*,*,#1476,.T.);
#682=ORIENTED_EDGE('',*,*,#1275,.F.);
#683=ORIENTED_EDGE('',*,*,#1477,.F.);
#684=ORIENTED_EDGE('',*,*,#1478,.T.);
#685=ORIENTED_EDGE('',*,*,#1474,.T.);
#686=ORIENTED_EDGE('',*,*,#1274,.F.);
#687=ORIENTED_EDGE('',*,*,#1479,.F.);
#688=ORIENTED_EDGE('',*,*,#1480,.T.);
#689=ORIENTED_EDGE('',*,*,#1477,.T.);
#690=ORIENTED_EDGE('',*,*,#1268,.F.);
#691=ORIENTED_EDGE('',*,*,#1481,.F.);
#692=ORIENTED_EDGE('',*,*,#1482,.T.);
#693=ORIENTED_EDGE('',*,*,#1483,.T.);
#694=ORIENTED_EDGE('',*,*,#1271,.T.);
#695=ORIENTED_EDGE('',*,*,#1484,.F.);
#696=ORIENTED_EDGE('',*,*,#1485,.F.);
#697=ORIENTED_EDGE('',*,*,#1481,.T.);
#698=ORIENTED_EDGE('',*,*,#1270,.F.);
#699=ORIENTED_EDGE('',*,*,#1486,.F.);
#700=ORIENTED_EDGE('',*,*,#1487,.T.);
#701=ORIENTED_EDGE('',*,*,#1484,.T.);
#702=ORIENTED_EDGE('',*,*,#1264,.F.);
#703=ORIENTED_EDGE('',*,*,#1488,.F.);
#704=ORIENTED_EDGE('',*,*,#1489,.T.);
#705=ORIENTED_EDGE('',*,*,#1490,.T.);
#706=ORIENTED_EDGE('',*,*,#1267,.F.);
#707=ORIENTED_EDGE('',*,*,#1491,.F.);
#708=ORIENTED_EDGE('',*,*,#1492,.T.);
#709=ORIENTED_EDGE('',*,*,#1488,.T.);
#710=ORIENTED_EDGE('',*,*,#1266,.F.);
#711=ORIENTED_EDGE('',*,*,#1493,.F.);
#712=ORIENTED_EDGE('',*,*,#1494,.T.);
#713=ORIENTED_EDGE('',*,*,#1491,.T.);
#714=ORIENTED_EDGE('',*,*,#1260,.F.);
#715=ORIENTED_EDGE('',*,*,#1495,.F.);
#716=ORIENTED_EDGE('',*,*,#1496,.T.);
#717=ORIENTED_EDGE('',*,*,#1497,.T.);
#718=ORIENTED_EDGE('',*,*,#1263,.F.);
#719=ORIENTED_EDGE('',*,*,#1498,.F.);
#720=ORIENTED_EDGE('',*,*,#1499,.T.);
#721=ORIENTED_EDGE('',*,*,#1495,.T.);
#722=ORIENTED_EDGE('',*,*,#1262,.F.);
#723=ORIENTED_EDGE('',*,*,#1500,.F.);
#724=ORIENTED_EDGE('',*,*,#1501,.T.);
#725=ORIENTED_EDGE('',*,*,#1498,.T.);
#726=ORIENTED_EDGE('',*,*,#1256,.F.);
#727=ORIENTED_EDGE('',*,*,#1502,.F.);
#728=ORIENTED_EDGE('',*,*,#1503,.T.);
#729=ORIENTED_EDGE('',*,*,#1504,.T.);
#730=ORIENTED_EDGE('',*,*,#1259,.F.);
#731=ORIENTED_EDGE('',*,*,#1505,.F.);
#732=ORIENTED_EDGE('',*,*,#1506,.T.);
#733=ORIENTED_EDGE('',*,*,#1502,.T.);
#734=ORIENTED_EDGE('',*,*,#1258,.F.);
#735=ORIENTED_EDGE('',*,*,#1507,.F.);
#736=ORIENTED_EDGE('',*,*,#1508,.T.);
#737=ORIENTED_EDGE('',*,*,#1505,.T.);
#738=ORIENTED_EDGE('',*,*,#1252,.F.);
#739=ORIENTED_EDGE('',*,*,#1509,.F.);
#740=ORIENTED_EDGE('',*,*,#1510,.T.);
#741=ORIENTED_EDGE('',*,*,#1511,.T.);
#742=ORIENTED_EDGE('',*,*,#1255,.F.);
#743=ORIENTED_EDGE('',*,*,#1512,.F.);
#744=ORIENTED_EDGE('',*,*,#1513,.T.);
#745=ORIENTED_EDGE('',*,*,#1509,.T.);
#746=ORIENTED_EDGE('',*,*,#1254,.F.);
#747=ORIENTED_EDGE('',*,*,#1514,.F.);
#748=ORIENTED_EDGE('',*,*,#1515,.T.);
#749=ORIENTED_EDGE('',*,*,#1512,.T.);
#750=ORIENTED_EDGE('',*,*,#1248,.F.);
#751=ORIENTED_EDGE('',*,*,#1516,.F.);
#752=ORIENTED_EDGE('',*,*,#1517,.T.);
#753=ORIENTED_EDGE('',*,*,#1518,.T.);
#754=ORIENTED_EDGE('',*,*,#1251,.F.);
#755=ORIENTED_EDGE('',*,*,#1519,.F.);
#756=ORIENTED_EDGE('',*,*,#1520,.T.);
#757=ORIENTED_EDGE('',*,*,#1516,.T.);
#758=ORIENTED_EDGE('',*,*,#1250,.F.);
#759=ORIENTED_EDGE('',*,*,#1521,.F.);
#760=ORIENTED_EDGE('',*,*,#1522,.T.);
#761=ORIENTED_EDGE('',*,*,#1519,.T.);
#762=ORIENTED_EDGE('',*,*,#1523,.T.);
#763=ORIENTED_EDGE('',*,*,#1524,.T.);
#764=ORIENTED_EDGE('',*,*,#1234,.F.);
#765=ORIENTED_EDGE('',*,*,#1525,.T.);
#766=ORIENTED_EDGE('',*,*,#1526,.T.);
#767=ORIENTED_EDGE('',*,*,#1527,.T.);
#768=ORIENTED_EDGE('',*,*,#1246,.F.);
#769=ORIENTED_EDGE('',*,*,#1528,.T.);
#770=ORIENTED_EDGE('',*,*,#1529,.F.);
#771=ORIENTED_EDGE('',*,*,#1530,.T.);
#772=ORIENTED_EDGE('',*,*,#1244,.T.);
#773=ORIENTED_EDGE('',*,*,#1531,.T.);
#774=ORIENTED_EDGE('',*,*,#1532,.T.);
#775=ORIENTED_EDGE('',*,*,#1533,.T.);
#776=ORIENTED_EDGE('',*,*,#1242,.F.);
#777=ORIENTED_EDGE('',*,*,#1534,.T.);
#778=ORIENTED_EDGE('',*,*,#1240,.F.);
#779=ORIENTED_EDGE('',*,*,#1535,.T.);
#780=ORIENTED_EDGE('',*,*,#1536,.T.);
#781=ORIENTED_EDGE('',*,*,#1537,.T.);
#782=ORIENTED_EDGE('',*,*,#1238,.F.);
#783=ORIENTED_EDGE('',*,*,#1538,.T.);
#784=ORIENTED_EDGE('',*,*,#1539,.T.);
#785=ORIENTED_EDGE('',*,*,#1540,.T.);
#786=ORIENTED_EDGE('',*,*,#1541,.F.);
#787=ORIENTED_EDGE('',*,*,#1542,.T.);
#788=ORIENTED_EDGE('',*,*,#1360,.F.);
#789=ORIENTED_EDGE('',*,*,#1543,.T.);
#790=ORIENTED_EDGE('',*,*,#1374,.T.);
#791=ORIENTED_EDGE('',*,*,#1544,.T.);
#792=ORIENTED_EDGE('',*,*,#1333,.T.);
#793=ORIENTED_EDGE('',*,*,#1378,.F.);
#794=ORIENTED_EDGE('',*,*,#1545,.F.);
#795=ORIENTED_EDGE('',*,*,#1381,.T.);
#796=ORIENTED_EDGE('',*,*,#1329,.T.);
#797=ORIENTED_EDGE('',*,*,#1385,.F.);
#798=ORIENTED_EDGE('',*,*,#1546,.F.);
#799=ORIENTED_EDGE('',*,*,#1388,.T.);
#800=ORIENTED_EDGE('',*,*,#1325,.T.);
#801=ORIENTED_EDGE('',*,*,#1392,.F.);
#802=ORIENTED_EDGE('',*,*,#1547,.F.);
#803=ORIENTED_EDGE('',*,*,#1395,.T.);
#804=ORIENTED_EDGE('',*,*,#1321,.T.);
#805=ORIENTED_EDGE('',*,*,#1399,.F.);
#806=ORIENTED_EDGE('',*,*,#1548,.F.);
#807=ORIENTED_EDGE('',*,*,#1402,.T.);
#808=ORIENTED_EDGE('',*,*,#1317,.T.);
#809=ORIENTED_EDGE('',*,*,#1406,.F.);
#810=ORIENTED_EDGE('',*,*,#1549,.F.);
#811=ORIENTED_EDGE('',*,*,#1409,.T.);
#812=ORIENTED_EDGE('',*,*,#1313,.T.);
#813=ORIENTED_EDGE('',*,*,#1413,.F.);
#814=ORIENTED_EDGE('',*,*,#1550,.F.);
#815=ORIENTED_EDGE('',*,*,#1416,.T.);
#816=ORIENTED_EDGE('',*,*,#1309,.F.);
#817=ORIENTED_EDGE('',*,*,#1420,.F.);
#818=ORIENTED_EDGE('',*,*,#1551,.T.);
#819=ORIENTED_EDGE('',*,*,#1423,.T.);
#820=ORIENTED_EDGE('',*,*,#1552,.T.);
#821=ORIENTED_EDGE('',*,*,#1307,.F.);
#822=ORIENTED_EDGE('',*,*,#1553,.T.);
#823=ORIENTED_EDGE('',*,*,#1306,.F.);
#824=ORIENTED_EDGE('',*,*,#1554,.T.);
#825=ORIENTED_EDGE('',*,*,#1305,.F.);
#826=ORIENTED_EDGE('',*,*,#1555,.T.);
#827=ORIENTED_EDGE('',*,*,#1304,.F.);
#828=ORIENTED_EDGE('',*,*,#1301,.F.);
#829=ORIENTED_EDGE('',*,*,#1427,.F.);
#830=ORIENTED_EDGE('',*,*,#1556,.T.);
#831=ORIENTED_EDGE('',*,*,#1430,.T.);
#832=ORIENTED_EDGE('',*,*,#1297,.F.);
#833=ORIENTED_EDGE('',*,*,#1434,.F.);
#834=ORIENTED_EDGE('',*,*,#1557,.T.);
#835=ORIENTED_EDGE('',*,*,#1437,.T.);
#836=ORIENTED_EDGE('',*,*,#1293,.F.);
#837=ORIENTED_EDGE('',*,*,#1441,.F.);
#838=ORIENTED_EDGE('',*,*,#1558,.T.);
#839=ORIENTED_EDGE('',*,*,#1444,.T.);
#840=ORIENTED_EDGE('',*,*,#1289,.F.);
#841=ORIENTED_EDGE('',*,*,#1448,.F.);
#842=ORIENTED_EDGE('',*,*,#1559,.T.);
#843=ORIENTED_EDGE('',*,*,#1451,.T.);
#844=ORIENTED_EDGE('',*,*,#1285,.F.);
#845=ORIENTED_EDGE('',*,*,#1455,.F.);
#846=ORIENTED_EDGE('',*,*,#1560,.T.);
#847=ORIENTED_EDGE('',*,*,#1458,.T.);
#848=ORIENTED_EDGE('',*,*,#1281,.F.);
#849=ORIENTED_EDGE('',*,*,#1462,.F.);
#850=ORIENTED_EDGE('',*,*,#1561,.T.);
#851=ORIENTED_EDGE('',*,*,#1465,.T.);
#852=ORIENTED_EDGE('',*,*,#1277,.F.);
#853=ORIENTED_EDGE('',*,*,#1469,.F.);
#854=ORIENTED_EDGE('',*,*,#1562,.T.);
#855=ORIENTED_EDGE('',*,*,#1472,.T.);
#856=ORIENTED_EDGE('',*,*,#1273,.F.);
#857=ORIENTED_EDGE('',*,*,#1476,.F.);
#858=ORIENTED_EDGE('',*,*,#1563,.T.);
#859=ORIENTED_EDGE('',*,*,#1479,.T.);
#860=ORIENTED_EDGE('',*,*,#1269,.F.);
#861=ORIENTED_EDGE('',*,*,#1483,.F.);
#862=ORIENTED_EDGE('',*,*,#1564,.T.);
#863=ORIENTED_EDGE('',*,*,#1486,.T.);
#864=ORIENTED_EDGE('',*,*,#1265,.F.);
#865=ORIENTED_EDGE('',*,*,#1490,.F.);
#866=ORIENTED_EDGE('',*,*,#1565,.T.);
#867=ORIENTED_EDGE('',*,*,#1493,.T.);
#868=ORIENTED_EDGE('',*,*,#1261,.F.);
#869=ORIENTED_EDGE('',*,*,#1497,.F.);
#870=ORIENTED_EDGE('',*,*,#1566,.T.);
#871=ORIENTED_EDGE('',*,*,#1500,.T.);
#872=ORIENTED_EDGE('',*,*,#1257,.F.);
#873=ORIENTED_EDGE('',*,*,#1504,.F.);
#874=ORIENTED_EDGE('',*,*,#1567,.T.);
#875=ORIENTED_EDGE('',*,*,#1507,.T.);
#876=ORIENTED_EDGE('',*,*,#1253,.F.);
#877=ORIENTED_EDGE('',*,*,#1511,.F.);
#878=ORIENTED_EDGE('',*,*,#1568,.T.);
#879=ORIENTED_EDGE('',*,*,#1514,.T.);
#880=ORIENTED_EDGE('',*,*,#1249,.F.);
#881=ORIENTED_EDGE('',*,*,#1518,.F.);
#882=ORIENTED_EDGE('',*,*,#1569,.T.);
#883=ORIENTED_EDGE('',*,*,#1521,.T.);
#884=ORIENTED_EDGE('',*,*,#1236,.F.);
#885=ORIENTED_EDGE('',*,*,#1570,.T.);
#886=ORIENTED_EDGE('',*,*,#1571,.T.);
#887=ORIENTED_EDGE('',*,*,#1572,.T.);
#888=ORIENTED_EDGE('',*,*,#1358,.T.);
#889=ORIENTED_EDGE('',*,*,#1573,.T.);
#890=ORIENTED_EDGE('',*,*,#1574,.T.);
#891=ORIENTED_EDGE('',*,*,#1575,.T.);
#892=ORIENTED_EDGE('',*,*,#1344,.F.);
#893=ORIENTED_EDGE('',*,*,#1576,.F.);
#894=ORIENTED_EDGE('',*,*,#1571,.F.);
#895=ORIENTED_EDGE('',*,*,#1577,.T.);
#896=ORIENTED_EDGE('',*,*,#1523,.F.);
#897=ORIENTED_EDGE('',*,*,#1578,.T.);
#898=ORIENTED_EDGE('',*,*,#1526,.F.);
#899=ORIENTED_EDGE('',*,*,#1579,.T.);
#900=ORIENTED_EDGE('',*,*,#1529,.T.);
#901=ORIENTED_EDGE('',*,*,#1580,.T.);
#902=ORIENTED_EDGE('',*,*,#1532,.F.);
#903=ORIENTED_EDGE('',*,*,#1581,.T.);
#904=ORIENTED_EDGE('',*,*,#1536,.F.);
#905=ORIENTED_EDGE('',*,*,#1582,.T.);
#906=ORIENTED_EDGE('',*,*,#1539,.F.);
#907=ORIENTED_EDGE('',*,*,#1583,.T.);
#908=ORIENTED_EDGE('',*,*,#1517,.F.);
#909=ORIENTED_EDGE('',*,*,#1520,.F.);
#910=ORIENTED_EDGE('',*,*,#1522,.F.);
#911=ORIENTED_EDGE('',*,*,#1569,.F.);
#912=ORIENTED_EDGE('',*,*,#1510,.F.);
#913=ORIENTED_EDGE('',*,*,#1513,.F.);
#914=ORIENTED_EDGE('',*,*,#1515,.F.);
#915=ORIENTED_EDGE('',*,*,#1568,.F.);
#916=ORIENTED_EDGE('',*,*,#1503,.F.);
#917=ORIENTED_EDGE('',*,*,#1506,.F.);
#918=ORIENTED_EDGE('',*,*,#1508,.F.);
#919=ORIENTED_EDGE('',*,*,#1567,.F.);
#920=ORIENTED_EDGE('',*,*,#1496,.F.);
#921=ORIENTED_EDGE('',*,*,#1499,.F.);
#922=ORIENTED_EDGE('',*,*,#1501,.F.);
#923=ORIENTED_EDGE('',*,*,#1566,.F.);
#924=ORIENTED_EDGE('',*,*,#1489,.F.);
#925=ORIENTED_EDGE('',*,*,#1492,.F.);
#926=ORIENTED_EDGE('',*,*,#1494,.F.);
#927=ORIENTED_EDGE('',*,*,#1565,.F.);
#928=ORIENTED_EDGE('',*,*,#1482,.F.);
#929=ORIENTED_EDGE('',*,*,#1485,.T.);
#930=ORIENTED_EDGE('',*,*,#1487,.F.);
#931=ORIENTED_EDGE('',*,*,#1564,.F.);
#932=ORIENTED_EDGE('',*,*,#1475,.F.);
#933=ORIENTED_EDGE('',*,*,#1478,.F.);
#934=ORIENTED_EDGE('',*,*,#1480,.F.);
#935=ORIENTED_EDGE('',*,*,#1563,.F.);
#936=ORIENTED_EDGE('',*,*,#1468,.F.);
#937=ORIENTED_EDGE('',*,*,#1471,.F.);
#938=ORIENTED_EDGE('',*,*,#1473,.F.);
#939=ORIENTED_EDGE('',*,*,#1562,.F.);
#940=ORIENTED_EDGE('',*,*,#1461,.F.);
#941=ORIENTED_EDGE('',*,*,#1464,.F.);
#942=ORIENTED_EDGE('',*,*,#1466,.F.);
#943=ORIENTED_EDGE('',*,*,#1561,.F.);
#944=ORIENTED_EDGE('',*,*,#1454,.F.);
#945=ORIENTED_EDGE('',*,*,#1457,.F.);
#946=ORIENTED_EDGE('',*,*,#1459,.F.);
#947=ORIENTED_EDGE('',*,*,#1560,.F.);
#948=ORIENTED_EDGE('',*,*,#1447,.F.);
#949=ORIENTED_EDGE('',*,*,#1450,.F.);
#950=ORIENTED_EDGE('',*,*,#1452,.F.);
#951=ORIENTED_EDGE('',*,*,#1559,.F.);
#952=ORIENTED_EDGE('',*,*,#1440,.F.);
#953=ORIENTED_EDGE('',*,*,#1443,.F.);
#954=ORIENTED_EDGE('',*,*,#1445,.F.);
#955=ORIENTED_EDGE('',*,*,#1558,.F.);
#956=ORIENTED_EDGE('',*,*,#1433,.F.);
#957=ORIENTED_EDGE('',*,*,#1436,.F.);
#958=ORIENTED_EDGE('',*,*,#1438,.F.);
#959=ORIENTED_EDGE('',*,*,#1557,.F.);
#960=ORIENTED_EDGE('',*,*,#1426,.F.);
#961=ORIENTED_EDGE('',*,*,#1429,.F.);
#962=ORIENTED_EDGE('',*,*,#1431,.F.);
#963=ORIENTED_EDGE('',*,*,#1556,.F.);
#964=ORIENTED_EDGE('',*,*,#1555,.F.);
#965=ORIENTED_EDGE('',*,*,#1554,.F.);
#966=ORIENTED_EDGE('',*,*,#1553,.F.);
#967=ORIENTED_EDGE('',*,*,#1552,.F.);
#968=ORIENTED_EDGE('',*,*,#1419,.F.);
#969=ORIENTED_EDGE('',*,*,#1422,.T.);
#970=ORIENTED_EDGE('',*,*,#1424,.T.);
#971=ORIENTED_EDGE('',*,*,#1551,.F.);
#972=ORIENTED_EDGE('',*,*,#1412,.T.);
#973=ORIENTED_EDGE('',*,*,#1415,.T.);
#974=ORIENTED_EDGE('',*,*,#1417,.T.);
#975=ORIENTED_EDGE('',*,*,#1550,.T.);
#976=ORIENTED_EDGE('',*,*,#1405,.T.);
#977=ORIENTED_EDGE('',*,*,#1408,.T.);
#978=ORIENTED_EDGE('',*,*,#1410,.T.);
#979=ORIENTED_EDGE('',*,*,#1549,.T.);
#980=ORIENTED_EDGE('',*,*,#1398,.T.);
#981=ORIENTED_EDGE('',*,*,#1401,.T.);
#982=ORIENTED_EDGE('',*,*,#1403,.T.);
#983=ORIENTED_EDGE('',*,*,#1548,.T.);
#984=ORIENTED_EDGE('',*,*,#1391,.T.);
#985=ORIENTED_EDGE('',*,*,#1394,.T.);
#986=ORIENTED_EDGE('',*,*,#1396,.T.);
#987=ORIENTED_EDGE('',*,*,#1547,.T.);
#988=ORIENTED_EDGE('',*,*,#1384,.T.);
#989=ORIENTED_EDGE('',*,*,#1387,.T.);
#990=ORIENTED_EDGE('',*,*,#1389,.T.);
#991=ORIENTED_EDGE('',*,*,#1546,.T.);
#992=ORIENTED_EDGE('',*,*,#1377,.T.);
#993=ORIENTED_EDGE('',*,*,#1380,.T.);
#994=ORIENTED_EDGE('',*,*,#1382,.T.);
#995=ORIENTED_EDGE('',*,*,#1545,.T.);
#996=ORIENTED_EDGE('',*,*,#1365,.T.);
#997=ORIENTED_EDGE('',*,*,#1370,.T.);
#998=ORIENTED_EDGE('',*,*,#1375,.T.);
#999=ORIENTED_EDGE('',*,*,#1543,.F.);
#1000=ORIENTED_EDGE('',*,*,#1349,.T.);
#1001=ORIENTED_EDGE('',*,*,#1354,.T.);
#1002=ORIENTED_EDGE('',*,*,#1359,.T.);
#1003=ORIENTED_EDGE('',*,*,#1576,.T.);
#1004=ORIENTED_EDGE('',*,*,#1583,.F.);
#1005=ORIENTED_EDGE('',*,*,#1538,.F.);
#1006=ORIENTED_EDGE('',*,*,#1237,.F.);
#1007=ORIENTED_EDGE('',*,*,#1572,.F.);
#1008=ORIENTED_EDGE('',*,*,#1578,.F.);
#1009=ORIENTED_EDGE('',*,*,#1525,.F.);
#1010=ORIENTED_EDGE('',*,*,#1247,.F.);
#1011=ORIENTED_EDGE('',*,*,#1527,.F.);
#1012=ORIENTED_EDGE('',*,*,#1579,.F.);
#1013=ORIENTED_EDGE('',*,*,#1528,.F.);
#1014=ORIENTED_EDGE('',*,*,#1245,.F.);
#1015=ORIENTED_EDGE('',*,*,#1530,.F.);
#1016=ORIENTED_EDGE('',*,*,#1580,.F.);
#1017=ORIENTED_EDGE('',*,*,#1531,.F.);
#1018=ORIENTED_EDGE('',*,*,#1243,.F.);
#1019=ORIENTED_EDGE('',*,*,#1533,.F.);
#1020=ORIENTED_EDGE('',*,*,#1582,.F.);
#1021=ORIENTED_EDGE('',*,*,#1535,.F.);
#1022=ORIENTED_EDGE('',*,*,#1239,.F.);
#1023=ORIENTED_EDGE('',*,*,#1540,.F.);
#1024=ORIENTED_EDGE('',*,*,#1581,.F.);
#1025=ORIENTED_EDGE('',*,*,#1534,.F.);
#1026=ORIENTED_EDGE('',*,*,#1241,.F.);
#1027=ORIENTED_EDGE('',*,*,#1537,.F.);
#1028=ORIENTED_EDGE('',*,*,#1577,.F.);
#1029=ORIENTED_EDGE('',*,*,#1570,.F.);
#1030=ORIENTED_EDGE('',*,*,#1235,.F.);
#1031=ORIENTED_EDGE('',*,*,#1524,.F.);
#1032=ORIENTED_EDGE('',*,*,#1342,.T.);
#1033=ORIENTED_EDGE('',*,*,#1584,.T.);
#1034=ORIENTED_EDGE('',*,*,#1585,.T.);
#1035=ORIENTED_EDGE('',*,*,#1586,.T.);
#1036=ORIENTED_EDGE('',*,*,#1587,.T.);
#1037=ORIENTED_EDGE('',*,*,#1588,.T.);
#1038=ORIENTED_EDGE('',*,*,#1338,.F.);
#1039=ORIENTED_EDGE('',*,*,#1589,.T.);
#1040=ORIENTED_EDGE('',*,*,#1228,.F.);
#1041=ORIENTED_EDGE('',*,*,#1590,.T.);
#1042=ORIENTED_EDGE('',*,*,#1356,.F.);
#1043=ORIENTED_EDGE('',*,*,#1591,.T.);
#1044=ORIENTED_EDGE('',*,*,#1574,.F.);
#1045=ORIENTED_EDGE('',*,*,#1592,.T.);
#1046=ORIENTED_EDGE('',*,*,#1226,.F.);
#1047=ORIENTED_EDGE('',*,*,#1593,.T.);
#1048=ORIENTED_EDGE('',*,*,#1351,.F.);
#1049=ORIENTED_EDGE('',*,*,#1594,.T.);
#1050=ORIENTED_EDGE('',*,*,#1230,.F.);
#1051=ORIENTED_EDGE('',*,*,#1595,.T.);
#1052=ORIENTED_EDGE('',*,*,#1346,.F.);
#1053=ORIENTED_EDGE('',*,*,#1596,.T.);
#1054=ORIENTED_EDGE('',*,*,#1232,.F.);
#1055=ORIENTED_EDGE('',*,*,#1597,.T.);
#1056=ORIENTED_EDGE('',*,*,#1357,.F.);
#1057=ORIENTED_EDGE('',*,*,#1590,.F.);
#1058=ORIENTED_EDGE('',*,*,#1227,.F.);
#1059=ORIENTED_EDGE('',*,*,#1592,.F.);
#1060=ORIENTED_EDGE('',*,*,#1573,.F.);
#1061=ORIENTED_EDGE('',*,*,#1575,.F.);
#1062=ORIENTED_EDGE('',*,*,#1593,.F.);
#1063=ORIENTED_EDGE('',*,*,#1233,.F.);
#1064=ORIENTED_EDGE('',*,*,#1596,.F.);
#1065=ORIENTED_EDGE('',*,*,#1345,.F.);
#1066=ORIENTED_EDGE('',*,*,#1231,.F.);
#1067=ORIENTED_EDGE('',*,*,#1594,.F.);
#1068=ORIENTED_EDGE('',*,*,#1350,.F.);
#1069=ORIENTED_EDGE('',*,*,#1347,.F.);
#1070=ORIENTED_EDGE('',*,*,#1597,.F.);
#1071=ORIENTED_EDGE('',*,*,#1229,.F.);
#1072=ORIENTED_EDGE('',*,*,#1591,.F.);
#1073=ORIENTED_EDGE('',*,*,#1355,.F.);
#1074=ORIENTED_EDGE('',*,*,#1352,.F.);
#1075=ORIENTED_EDGE('',*,*,#1595,.F.);
#1076=ORIENTED_EDGE('',*,*,#1541,.T.);
#1077=ORIENTED_EDGE('',*,*,#1598,.T.);
#1078=ORIENTED_EDGE('',*,*,#1340,.F.);
#1079=ORIENTED_EDGE('',*,*,#1599,.T.);
#1080=ORIENTED_EDGE('',*,*,#1336,.F.);
#1081=ORIENTED_EDGE('',*,*,#1600,.T.);
#1082=ORIENTED_EDGE('',*,*,#1367,.F.);
#1083=ORIENTED_EDGE('',*,*,#1601,.T.);
#1084=ORIENTED_EDGE('',*,*,#1585,.F.);
#1085=ORIENTED_EDGE('',*,*,#1602,.T.);
#1086=ORIENTED_EDGE('',*,*,#1372,.F.);
#1087=ORIENTED_EDGE('',*,*,#1603,.T.);
#1088=ORIENTED_EDGE('',*,*,#1362,.F.);
#1089=ORIENTED_EDGE('',*,*,#1604,.T.);
#1090=ORIENTED_EDGE('',*,*,#1587,.F.);
#1091=ORIENTED_EDGE('',*,*,#1605,.T.);
#1092=ORIENTED_EDGE('',*,*,#1373,.F.);
#1093=ORIENTED_EDGE('',*,*,#1602,.F.);
#1094=ORIENTED_EDGE('',*,*,#1584,.F.);
#1095=ORIENTED_EDGE('',*,*,#1341,.F.);
#1096=ORIENTED_EDGE('',*,*,#1598,.F.);
#1097=ORIENTED_EDGE('',*,*,#1544,.F.);
#1098=ORIENTED_EDGE('',*,*,#1588,.F.);
#1099=ORIENTED_EDGE('',*,*,#1604,.F.);
#1100=ORIENTED_EDGE('',*,*,#1361,.F.);
#1101=ORIENTED_EDGE('',*,*,#1542,.F.);
#1102=ORIENTED_EDGE('',*,*,#1599,.F.);
#1103=ORIENTED_EDGE('',*,*,#1339,.F.);
#1104=ORIENTED_EDGE('',*,*,#1586,.F.);
#1105=ORIENTED_EDGE('',*,*,#1603,.F.);
#1106=ORIENTED_EDGE('',*,*,#1371,.F.);
#1107=ORIENTED_EDGE('',*,*,#1368,.F.);
#1108=ORIENTED_EDGE('',*,*,#1600,.F.);
#1109=ORIENTED_EDGE('',*,*,#1343,.F.);
#1110=ORIENTED_EDGE('',*,*,#1363,.F.);
#1111=ORIENTED_EDGE('',*,*,#1605,.F.);
#1112=ORIENTED_EDGE('',*,*,#1589,.F.);
#1113=ORIENTED_EDGE('',*,*,#1337,.F.);
#1114=ORIENTED_EDGE('',*,*,#1601,.F.);
#1115=ORIENTED_EDGE('',*,*,#1366,.F.);
#1116=EDGE_CURVE('',#1606,#1607,#1938,.T.);
#1117=EDGE_CURVE('',#1606,#1608,#1939,.T.);
#1118=EDGE_CURVE('',#1608,#1609,#1940,.T.);
#1119=EDGE_CURVE('',#1609,#1607,#1941,.F.);
#1120=EDGE_CURVE('',#1610,#1611,#1942,.T.);
#1121=EDGE_CURVE('',#1610,#1612,#1943,.F.);
#1122=EDGE_CURVE('',#1612,#1613,#1944,.T.);
#1123=EDGE_CURVE('',#1613,#1611,#1945,.T.);
#1124=EDGE_CURVE('',#1614,#1615,#1946,.T.);
#1125=EDGE_CURVE('',#1615,#1616,#1947,.F.);
#1126=EDGE_CURVE('',#1617,#1616,#1948,.T.);
#1127=EDGE_CURVE('',#1617,#1614,#1949,.T.);
#1128=EDGE_CURVE('',#1612,#1618,#84,.T.);
#1129=EDGE_CURVE('',#1618,#1619,#1950,.T.);
#1130=EDGE_CURVE('',#1619,#1606,#85,.T.);
#1131=EDGE_CURVE('',#1607,#1620,#86,.T.);
#1132=EDGE_CURVE('',#1621,#1620,#1951,.T.);
#1133=EDGE_CURVE('',#1621,#1613,#87,.T.);
#1134=EDGE_CURVE('',#1622,#1623,#1952,.T.);
#1135=EDGE_CURVE('',#1622,#1624,#1953,.T.);
#1136=EDGE_CURVE('',#1624,#1625,#1954,.T.);
#1137=EDGE_CURVE('',#1625,#1626,#1955,.F.);
#1138=EDGE_CURVE('',#1627,#1626,#1956,.T.);
#1139=EDGE_CURVE('',#1623,#1627,#1957,.T.);
#1140=EDGE_CURVE('',#1628,#1629,#1958,.T.);
#1141=EDGE_CURVE('',#1628,#1630,#1959,.F.);
#1142=EDGE_CURVE('',#1630,#1631,#1960,.T.);
#1143=EDGE_CURVE('',#1631,#1629,#1961,.T.);
#1144=EDGE_CURVE('',#1632,#1633,#1962,.T.);
#1145=EDGE_CURVE('',#1633,#1634,#1963,.F.);
#1146=EDGE_CURVE('',#1635,#1634,#1964,.T.);
#1147=EDGE_CURVE('',#1635,#1632,#1965,.T.);
#1148=EDGE_CURVE('',#1636,#1637,#1966,.T.);
#1149=EDGE_CURVE('',#1637,#1638,#1967,.F.);
#1150=EDGE_CURVE('',#1639,#1638,#1968,.T.);
#1151=EDGE_CURVE('',#1639,#1636,#1969,.T.);
#1152=EDGE_CURVE('',#1640,#1641,#1970,.T.);
#1153=EDGE_CURVE('',#1641,#1642,#1971,.F.);
#1154=EDGE_CURVE('',#1643,#1642,#1972,.T.);
#1155=EDGE_CURVE('',#1643,#1640,#1973,.T.);
#1156=EDGE_CURVE('',#1644,#1644,#88,.T.);
#1157=EDGE_CURVE('',#1645,#1645,#89,.T.);
#1158=EDGE_CURVE('',#1646,#1646,#90,.T.);
#1159=EDGE_CURVE('',#1647,#1647,#91,.T.);
#1160=EDGE_CURVE('',#1648,#1648,#92,.T.);
#1161=EDGE_CURVE('',#1649,#1649,#93,.T.);
#1162=EDGE_CURVE('',#1650,#1650,#94,.T.);
#1163=EDGE_CURVE('',#1651,#1651,#95,.T.);
#1164=EDGE_CURVE('',#1652,#1653,#1974,.T.);
#1165=EDGE_CURVE('',#1652,#1654,#1975,.T.);
#1166=EDGE_CURVE('',#1654,#1655,#1976,.T.);
#1167=EDGE_CURVE('',#1655,#1653,#1977,.F.);
#1168=EDGE_CURVE('',#1656,#1657,#1978,.T.);
#1169=EDGE_CURVE('',#1657,#1621,#1979,.F.);
#1170=EDGE_CURVE('',#1620,#1658,#1980,.T.);
#1171=EDGE_CURVE('',#1658,#1659,#1981,.T.);
#1172=EDGE_CURVE('',#1659,#1660,#1982,.T.);
#1173=EDGE_CURVE('',#1660,#1661,#1983,.T.);
#1174=EDGE_CURVE('',#1661,#1662,#1984,.T.);
#1175=EDGE_CURVE('',#1662,#1663,#1985,.T.);
#1176=EDGE_CURVE('',#1663,#1664,#1986,.T.);
#1177=EDGE_CURVE('',#1664,#1665,#1987,.T.);
#1178=EDGE_CURVE('',#1665,#1666,#1988,.T.);
#1179=EDGE_CURVE('',#1666,#1667,#1989,.T.);
#1180=EDGE_CURVE('',#1667,#1656,#1990,.T.);
#1181=EDGE_CURVE('',#1654,#1615,#96,.T.);
#1182=EDGE_CURVE('',#1614,#1625,#97,.T.);
#1183=EDGE_CURVE('',#1624,#1628,#98,.T.);
#1184=EDGE_CURVE('',#1629,#1633,#99,.T.);
#1185=EDGE_CURVE('',#1632,#1637,#100,.T.);
#1186=EDGE_CURVE('',#1636,#1641,#101,.T.);
#1187=EDGE_CURVE('',#1640,#1655,#102,.T.);
#1188=EDGE_CURVE('',#1658,#1609,#103,.F.);
#1189=EDGE_CURVE('',#1608,#1668,#104,.F.);
#1190=EDGE_CURVE('',#1669,#1668,#1991,.T.);
#1191=EDGE_CURVE('',#1669,#1610,#105,.F.);
#1192=EDGE_CURVE('',#1611,#1657,#106,.F.);
#1193=EDGE_CURVE('',#1670,#1656,#1992,.T.);
#1194=EDGE_CURVE('',#1670,#1671,#1993,.T.);
#1195=EDGE_CURVE('',#1671,#1672,#1994,.T.);
#1196=EDGE_CURVE('',#1672,#1673,#1995,.T.);
#1197=EDGE_CURVE('',#1673,#1659,#1996,.T.);
#1198=EDGE_CURVE('',#1673,#1674,#1997,.T.);
#1199=EDGE_CURVE('',#1674,#1660,#1998,.T.);
#1200=EDGE_CURVE('',#1674,#1675,#1999,.T.);
#1201=EDGE_CURVE('',#1675,#1661,#2000,.T.);
#1202=EDGE_CURVE('',#1675,#1676,#2001,.T.);
#1203=EDGE_CURVE('',#1676,#1662,#2002,.T.);
#1204=EDGE_CURVE('',#1676,#1677,#2003,.T.);
#1205=EDGE_CURVE('',#1677,#1663,#2004,.T.);
#1206=EDGE_CURVE('',#1677,#1678,#2005,.T.);
#1207=EDGE_CURVE('',#1678,#1664,#2006,.T.);
#1208=EDGE_CURVE('',#1678,#1679,#2007,.T.);
#1209=EDGE_CURVE('',#1679,#1665,#2008,.T.);
#1210=EDGE_CURVE('',#1679,#1680,#2009,.T.);
#1211=EDGE_CURVE('',#1680,#1666,#2010,.T.);
#1212=EDGE_CURVE('',#1680,#1681,#2011,.T.);
#1213=EDGE_CURVE('',#1681,#1667,#2012,.T.);
#1214=EDGE_CURVE('',#1681,#1670,#2013,.T.);
#1215=EDGE_CURVE('',#1616,#1652,#107,.F.);
#1216=EDGE_CURVE('',#1653,#1643,#108,.F.);
#1217=EDGE_CURVE('',#1642,#1639,#109,.F.);
#1218=EDGE_CURVE('',#1638,#1635,#110,.F.);
#1219=EDGE_CURVE('',#1634,#1631,#111,.F.);
#1220=EDGE_CURVE('',#1630,#1622,#112,.F.);
#1221=EDGE_CURVE('',#1623,#1671,#2014,.T.);
#1222=EDGE_CURVE('',#1627,#1672,#2015,.T.);
#1223=EDGE_CURVE('',#1626,#1617,#113,.F.);
#1224=EDGE_CURVE('',#1668,#1619,#2016,.F.);
#1225=EDGE_CURVE('',#1618,#1669,#2017,.T.);
#1226=EDGE_CURVE('',#1682,#1683,#2018,.T.);
#1227=EDGE_CURVE('',#1683,#1684,#10,.T.);
#1228=EDGE_CURVE('',#1684,#1685,#2019,.F.);
#1229=EDGE_CURVE('',#1685,#1686,#11,.T.);
#1230=EDGE_CURVE('',#1686,#1687,#2020,.F.);
#1231=EDGE_CURVE('',#1687,#1688,#12,.T.);
#1232=EDGE_CURVE('',#1688,#1689,#2021,.T.);
#1233=EDGE_CURVE('',#1689,#1682,#13,.T.);
#1234=EDGE_CURVE('',#1690,#1691,#2022,.T.);
#1235=EDGE_CURVE('',#1691,#1692,#114,.F.);
#1236=EDGE_CURVE('',#1692,#1693,#2023,.T.);
#1237=EDGE_CURVE('',#1693,#1694,#115,.F.);
#1238=EDGE_CURVE('',#1694,#1695,#2024,.T.);
#1239=EDGE_CURVE('',#1695,#1696,#116,.F.);
#1240=EDGE_CURVE('',#1696,#1697,#2025,.T.);
#1241=EDGE_CURVE('',#1697,#1698,#117,.F.);
#1242=EDGE_CURVE('',#1698,#1699,#2026,.T.);
#1243=EDGE_CURVE('',#1699,#1700,#118,.F.);
#1244=EDGE_CURVE('',#1701,#1700,#2027,.T.);
#1245=EDGE_CURVE('',#1701,#1702,#119,.F.);
#1246=EDGE_CURVE('',#1702,#1703,#2028,.T.);
#1247=EDGE_CURVE('',#1703,#1690,#120,.F.);
#1248=EDGE_CURVE('',#1704,#1705,#2029,.T.);
#1249=EDGE_CURVE('',#1705,#1706,#2030,.T.);
#1250=EDGE_CURVE('',#1706,#1707,#2031,.T.);
#1251=EDGE_CURVE('',#1707,#1704,#2032,.T.);
#1252=EDGE_CURVE('',#1708,#1709,#2033,.T.);
#1253=EDGE_CURVE('',#1709,#1710,#2034,.T.);
#1254=EDGE_CURVE('',#1710,#1711,#2035,.T.);
#1255=EDGE_CURVE('',#1711,#1708,#2036,.T.);
#1256=EDGE_CURVE('',#1712,#1713,#2037,.T.);
#1257=EDGE_CURVE('',#1713,#1714,#2038,.T.);
#1258=EDGE_CURVE('',#1714,#1715,#2039,.T.);
#1259=EDGE_CURVE('',#1715,#1712,#2040,.T.);
#1260=EDGE_CURVE('',#1716,#1717,#2041,.T.);
#1261=EDGE_CURVE('',#1717,#1718,#2042,.T.);
#1262=EDGE_CURVE('',#1718,#1719,#2043,.T.);
#1263=EDGE_CURVE('',#1719,#1716,#2044,.T.);
#1264=EDGE_CURVE('',#1720,#1721,#2045,.T.);
#1265=EDGE_CURVE('',#1721,#1722,#2046,.T.);
#1266=EDGE_CURVE('',#1722,#1723,#2047,.T.);
#1267=EDGE_CURVE('',#1723,#1720,#2048,.T.);
#1268=EDGE_CURVE('',#1724,#1725,#2049,.T.);
#1269=EDGE_CURVE('',#1725,#1726,#2050,.T.);
#1270=EDGE_CURVE('',#1726,#1727,#2051,.T.);
#1271=EDGE_CURVE('',#1724,#1727,#2052,.T.);
#1272=EDGE_CURVE('',#1728,#1729,#2053,.T.);
#1273=EDGE_CURVE('',#1729,#1730,#2054,.T.);
#1274=EDGE_CURVE('',#1730,#1731,#2055,.T.);
#1275=EDGE_CURVE('',#1731,#1728,#2056,.T.);
#1276=EDGE_CURVE('',#1732,#1733,#2057,.T.);
#1277=EDGE_CURVE('',#1733,#1734,#2058,.T.);
#1278=EDGE_CURVE('',#1734,#1735,#2059,.T.);
#1279=EDGE_CURVE('',#1735,#1732,#2060,.T.);
#1280=EDGE_CURVE('',#1736,#1737,#2061,.T.);
#1281=EDGE_CURVE('',#1737,#1738,#2062,.T.);
#1282=EDGE_CURVE('',#1738,#1739,#2063,.T.);
#1283=EDGE_CURVE('',#1739,#1736,#2064,.T.);
#1284=EDGE_CURVE('',#1740,#1741,#2065,.T.);
#1285=EDGE_CURVE('',#1741,#1742,#2066,.T.);
#1286=EDGE_CURVE('',#1742,#1743,#2067,.T.);
#1287=EDGE_CURVE('',#1743,#1740,#2068,.T.);
#1288=EDGE_CURVE('',#1744,#1745,#2069,.T.);
#1289=EDGE_CURVE('',#1745,#1746,#2070,.T.);
#1290=EDGE_CURVE('',#1746,#1747,#2071,.T.);
#1291=EDGE_CURVE('',#1747,#1744,#2072,.T.);
#1292=EDGE_CURVE('',#1748,#1749,#2073,.T.);
#1293=EDGE_CURVE('',#1749,#1750,#2074,.T.);
#1294=EDGE_CURVE('',#1750,#1751,#2075,.T.);
#1295=EDGE_CURVE('',#1751,#1748,#2076,.T.);
#1296=EDGE_CURVE('',#1752,#1753,#2077,.T.);
#1297=EDGE_CURVE('',#1753,#1754,#2078,.T.);
#1298=EDGE_CURVE('',#1754,#1755,#2079,.T.);
#1299=EDGE_CURVE('',#1755,#1752,#2080,.T.);
#1300=EDGE_CURVE('',#1756,#1757,#2081,.T.);
#1301=EDGE_CURVE('',#1757,#1758,#2082,.T.);
#1302=EDGE_CURVE('',#1758,#1759,#2083,.T.);
#1303=EDGE_CURVE('',#1759,#1756,#2084,.T.);
#1304=EDGE_CURVE('',#1760,#1760,#121,.T.);
#1305=EDGE_CURVE('',#1761,#1761,#122,.T.);
#1306=EDGE_CURVE('',#1762,#1762,#123,.T.);
#1307=EDGE_CURVE('',#1763,#1763,#124,.T.);
#1308=EDGE_CURVE('',#1764,#1765,#2085,.T.);
#1309=EDGE_CURVE('',#1765,#1766,#2086,.T.);
#1310=EDGE_CURVE('',#1767,#1766,#2087,.T.);
#1311=EDGE_CURVE('',#1764,#1767,#2088,.T.);
#1312=EDGE_CURVE('',#1768,#1769,#2089,.T.);
#1313=EDGE_CURVE('',#1770,#1768,#2090,.T.);
#1314=EDGE_CURVE('',#1771,#1770,#2091,.T.);
#1315=EDGE_CURVE('',#1769,#1771,#2092,.T.);
#1316=EDGE_CURVE('',#1772,#1773,#2093,.T.);
#1317=EDGE_CURVE('',#1774,#1772,#2094,.T.);
#1318=EDGE_CURVE('',#1775,#1774,#2095,.T.);
#1319=EDGE_CURVE('',#1773,#1775,#2096,.T.);
#1320=EDGE_CURVE('',#1776,#1777,#2097,.T.);
#1321=EDGE_CURVE('',#1778,#1776,#2098,.T.);
#1322=EDGE_CURVE('',#1779,#1778,#2099,.T.);
#1323=EDGE_CURVE('',#1777,#1779,#2100,.T.);
#1324=EDGE_CURVE('',#1780,#1781,#2101,.T.);
#1325=EDGE_CURVE('',#1782,#1780,#2102,.T.);
#1326=EDGE_CURVE('',#1783,#1782,#2103,.T.);
#1327=EDGE_CURVE('',#1781,#1783,#2104,.T.);
#1328=EDGE_CURVE('',#1784,#1785,#2105,.T.);
#1329=EDGE_CURVE('',#1786,#1784,#2106,.T.);
#1330=EDGE_CURVE('',#1787,#1786,#2107,.T.);
#1331=EDGE_CURVE('',#1785,#1787,#2108,.T.);
#1332=EDGE_CURVE('',#1788,#1789,#2109,.T.);
#1333=EDGE_CURVE('',#1790,#1788,#2110,.T.);
#1334=EDGE_CURVE('',#1791,#1790,#2111,.T.);
#1335=EDGE_CURVE('',#1789,#1791,#2112,.T.);
#1336=EDGE_CURVE('',#1792,#1793,#2113,.T.);
#1337=EDGE_CURVE('',#1793,#1794,#14,.T.);
#1338=EDGE_CURVE('',#1794,#1795,#2114,.T.);
#1339=EDGE_CURVE('',#1795,#1796,#15,.T.);
#1340=EDGE_CURVE('',#1796,#1797,#2115,.T.);
#1341=EDGE_CURVE('',#1797,#1798,#16,.T.);
#1342=EDGE_CURVE('',#1799,#1798,#2116,.T.);
#1343=EDGE_CURVE('',#1799,#1792,#17,.T.);
#1344=EDGE_CURVE('',#1800,#1801,#2117,.T.);
#1345=EDGE_CURVE('',#1801,#1802,#18,.T.);
#1346=EDGE_CURVE('',#1802,#1803,#2118,.T.);
#1347=EDGE_CURVE('',#1803,#1804,#19,.T.);
#1348=EDGE_CURVE('',#1805,#1804,#2119,.T.);
#1349=EDGE_CURVE('',#1800,#1805,#2120,.T.);
#1350=EDGE_CURVE('',#1804,#1806,#20,.T.);
#1351=EDGE_CURVE('',#1806,#1807,#2121,.T.);
#1352=EDGE_CURVE('',#1807,#1808,#21,.T.);
#1353=EDGE_CURVE('',#1809,#1808,#2122,.T.);
#1354=EDGE_CURVE('',#1805,#1809,#2123,.T.);
#1355=EDGE_CURVE('',#1808,#1810,#22,.T.);
#1356=EDGE_CURVE('',#1810,#1811,#2124,.T.);
#1357=EDGE_CURVE('',#1811,#1812,#23,.T.);
#1358=EDGE_CURVE('',#1813,#1812,#2125,.T.);
#1359=EDGE_CURVE('',#1809,#1813,#2126,.T.);
#1360=EDGE_CURVE('',#1814,#1815,#2127,.T.);
#1361=EDGE_CURVE('',#1815,#1816,#24,.T.);
#1362=EDGE_CURVE('',#1816,#1817,#2128,.T.);
#1363=EDGE_CURVE('',#1817,#1818,#25,.T.);
#1364=EDGE_CURVE('',#1819,#1818,#2129,.T.);
#1365=EDGE_CURVE('',#1814,#1819,#2130,.T.);
#1366=EDGE_CURVE('',#1818,#1820,#26,.T.);
#1367=EDGE_CURVE('',#1820,#1821,#2131,.T.);
#1368=EDGE_CURVE('',#1821,#1822,#27,.T.);
#1369=EDGE_CURVE('',#1823,#1822,#2132,.T.);
#1370=EDGE_CURVE('',#1819,#1823,#2133,.T.);
#1371=EDGE_CURVE('',#1822,#1824,#28,.T.);
#1372=EDGE_CURVE('',#1824,#1825,#2134,.T.);
#1373=EDGE_CURVE('',#1825,#1826,#29,.T.);
#1374=EDGE_CURVE('',#1827,#1826,#2135,.T.);
#1375=EDGE_CURVE('',#1823,#1827,#2136,.T.);
#1376=EDGE_CURVE('',#1828,#1789,#2137,.T.);
#1377=EDGE_CURVE('',#1829,#1828,#2138,.T.);
#1378=EDGE_CURVE('',#1829,#1788,#2139,.T.);
#1379=EDGE_CURVE('',#1830,#1791,#2140,.T.);
#1380=EDGE_CURVE('',#1828,#1830,#2141,.T.);
#1381=EDGE_CURVE('',#1831,#1790,#2142,.T.);
#1382=EDGE_CURVE('',#1830,#1831,#2143,.T.);
#1383=EDGE_CURVE('',#1832,#1785,#2144,.T.);
#1384=EDGE_CURVE('',#1833,#1832,#2145,.T.);
#1385=EDGE_CURVE('',#1833,#1784,#2146,.T.);
#1386=EDGE_CURVE('',#1834,#1787,#2147,.T.);
#1387=EDGE_CURVE('',#1832,#1834,#2148,.T.);
#1388=EDGE_CURVE('',#1835,#1786,#2149,.T.);
#1389=EDGE_CURVE('',#1834,#1835,#2150,.T.);
#1390=EDGE_CURVE('',#1836,#1781,#2151,.T.);
#1391=EDGE_CURVE('',#1837,#1836,#2152,.T.);
#1392=EDGE_CURVE('',#1837,#1780,#2153,.T.);
#1393=EDGE_CURVE('',#1838,#1783,#2154,.T.);
#1394=EDGE_CURVE('',#1836,#1838,#2155,.T.);
#1395=EDGE_CURVE('',#1839,#1782,#2156,.T.);
#1396=EDGE_CURVE('',#1838,#1839,#2157,.T.);
#1397=EDGE_CURVE('',#1840,#1777,#2158,.T.);
#1398=EDGE_CURVE('',#1841,#1840,#2159,.T.);
#1399=EDGE_CURVE('',#1841,#1776,#2160,.T.);
#1400=EDGE_CURVE('',#1842,#1779,#2161,.T.);
#1401=EDGE_CURVE('',#1840,#1842,#2162,.T.);
#1402=EDGE_CURVE('',#1843,#1778,#2163,.T.);
#1403=EDGE_CURVE('',#1842,#1843,#2164,.T.);
#1404=EDGE_CURVE('',#1844,#1773,#2165,.T.);
#1405=EDGE_CURVE('',#1845,#1844,#2166,.T.);
#1406=EDGE_CURVE('',#1845,#1772,#2167,.T.);
#1407=EDGE_CURVE('',#1846,#1775,#2168,.T.);
#1408=EDGE_CURVE('',#1844,#1846,#2169,.T.);
#1409=EDGE_CURVE('',#1847,#1774,#2170,.T.);
#1410=EDGE_CURVE('',#1846,#1847,#2171,.T.);
#1411=EDGE_CURVE('',#1848,#1769,#2172,.T.);
#1412=EDGE_CURVE('',#1849,#1848,#2173,.T.);
#1413=EDGE_CURVE('',#1849,#1768,#2174,.T.);
#1414=EDGE_CURVE('',#1850,#1771,#2175,.T.);
#1415=EDGE_CURVE('',#1848,#1850,#2176,.T.);
#1416=EDGE_CURVE('',#1851,#1770,#2177,.T.);
#1417=EDGE_CURVE('',#1850,#1851,#2178,.T.);
#1418=EDGE_CURVE('',#1852,#1764,#2179,.T.);
#1419=EDGE_CURVE('',#1852,#1853,#2180,.T.);
#1420=EDGE_CURVE('',#1853,#1765,#2181,.T.);
#1421=EDGE_CURVE('',#1854,#1767,#2182,.T.);
#1422=EDGE_CURVE('',#1852,#1854,#2183,.T.);
#1423=EDGE_CURVE('',#1855,#1766,#2184,.T.);
#1424=EDGE_CURVE('',#1854,#1855,#2185,.T.);
#1425=EDGE_CURVE('',#1856,#1756,#2186,.T.);
#1426=EDGE_CURVE('',#1856,#1857,#2187,.T.);
#1427=EDGE_CURVE('',#1857,#1757,#2188,.T.);
#1428=EDGE_CURVE('',#1858,#1759,#2189,.T.);
#1429=EDGE_CURVE('',#1858,#1856,#2190,.T.);
#1430=EDGE_CURVE('',#1859,#1758,#2191,.T.);
#1431=EDGE_CURVE('',#1859,#1858,#2192,.T.);
#1432=EDGE_CURVE('',#1860,#1752,#2193,.T.);
#1433=EDGE_CURVE('',#1860,#1861,#2194,.T.);
#1434=EDGE_CURVE('',#1861,#1753,#2195,.T.);
#1435=EDGE_CURVE('',#1862,#1755,#2196,.T.);
#1436=EDGE_CURVE('',#1862,#1860,#2197,.T.);
#1437=EDGE_CURVE('',#1863,#1754,#2198,.T.);
#1438=EDGE_CURVE('',#1863,#1862,#2199,.T.);
#1439=EDGE_CURVE('',#1864,#1748,#2200,.T.);
#1440=EDGE_CURVE('',#1864,#1865,#2201,.T.);
#1441=EDGE_CURVE('',#1865,#1749,#2202,.T.);
#1442=EDGE_CURVE('',#1866,#1751,#2203,.T.);
#1443=EDGE_CURVE('',#1866,#1864,#2204,.T.);
#1444=EDGE_CURVE('',#1867,#1750,#2205,.T.);
#1445=EDGE_CURVE('',#1867,#1866,#2206,.T.);
#1446=EDGE_CURVE('',#1868,#1744,#2207,.T.);
#1447=EDGE_CURVE('',#1868,#1869,#2208,.T.);
#1448=EDGE_CURVE('',#1869,#1745,#2209,.T.);
#1449=EDGE_CURVE('',#1870,#1747,#2210,.T.);
#1450=EDGE_CURVE('',#1870,#1868,#2211,.T.);
#1451=EDGE_CURVE('',#1871,#1746,#2212,.T.);
#1452=EDGE_CURVE('',#1871,#1870,#2213,.T.);
#1453=EDGE_CURVE('',#1872,#1740,#2214,.T.);
#1454=EDGE_CURVE('',#1872,#1873,#2215,.T.);
#1455=EDGE_CURVE('',#1873,#1741,#2216,.T.);
#1456=EDGE_CURVE('',#1874,#1743,#2217,.T.);
#1457=EDGE_CURVE('',#1874,#1872,#2218,.T.);
#1458=EDGE_CURVE('',#1875,#1742,#2219,.T.);
#1459=EDGE_CURVE('',#1875,#1874,#2220,.T.);
#1460=EDGE_CURVE('',#1876,#1736,#2221,.T.);
#1461=EDGE_CURVE('',#1876,#1877,#2222,.T.);
#1462=EDGE_CURVE('',#1877,#1737,#2223,.T.);
#1463=EDGE_CURVE('',#1878,#1739,#2224,.T.);
#1464=EDGE_CURVE('',#1878,#1876,#2225,.T.);
#1465=EDGE_CURVE('',#1879,#1738,#2226,.T.);
#1466=EDGE_CURVE('',#1879,#1878,#2227,.T.);
#1467=EDGE_CURVE('',#1880,#1732,#2228,.T.);
#1468=EDGE_CURVE('',#1880,#1881,#2229,.T.);
#1469=EDGE_CURVE('',#1881,#1733,#2230,.T.);
#1470=EDGE_CURVE('',#1882,#1735,#2231,.T.);
#1471=EDGE_CURVE('',#1882,#1880,#2232,.T.);
#1472=EDGE_CURVE('',#1883,#1734,#2233,.T.);
#1473=EDGE_CURVE('',#1883,#1882,#2234,.T.);
#1474=EDGE_CURVE('',#1884,#1728,#2235,.T.);
#1475=EDGE_CURVE('',#1884,#1885,#2236,.T.);
#1476=EDGE_CURVE('',#1885,#1729,#2237,.T.);
#1477=EDGE_CURVE('',#1886,#1731,#2238,.T.);
#1478=EDGE_CURVE('',#1886,#1884,#2239,.T.);
#1479=EDGE_CURVE('',#1887,#1730,#2240,.T.);
#1480=EDGE_CURVE('',#1887,#1886,#2241,.T.);
#1481=EDGE_CURVE('',#1888,#1724,#2242,.T.);
#1482=EDGE_CURVE('',#1888,#1889,#2243,.T.);
#1483=EDGE_CURVE('',#1889,#1725,#2244,.T.);
#1484=EDGE_CURVE('',#1890,#1727,#2245,.T.);
#1485=EDGE_CURVE('',#1888,#1890,#2246,.T.);
#1486=EDGE_CURVE('',#1891,#1726,#2247,.T.);
#1487=EDGE_CURVE('',#1891,#1890,#2248,.T.);
#1488=EDGE_CURVE('',#1892,#1720,#2249,.T.);
#1489=EDGE_CURVE('',#1892,#1893,#2250,.T.);
#1490=EDGE_CURVE('',#1893,#1721,#2251,.T.);
#1491=EDGE_CURVE('',#1894,#1723,#2252,.T.);
#1492=EDGE_CURVE('',#1894,#1892,#2253,.T.);
#1493=EDGE_CURVE('',#1895,#1722,#2254,.T.);
#1494=EDGE_CURVE('',#1895,#1894,#2255,.T.);
#1495=EDGE_CURVE('',#1896,#1716,#2256,.T.);
#1496=EDGE_CURVE('',#1896,#1897,#2257,.T.);
#1497=EDGE_CURVE('',#1897,#1717,#2258,.T.);
#1498=EDGE_CURVE('',#1898,#1719,#2259,.T.);
#1499=EDGE_CURVE('',#1898,#1896,#2260,.T.);
#1500=EDGE_CURVE('',#1899,#1718,#2261,.T.);
#1501=EDGE_CURVE('',#1899,#1898,#2262,.T.);
#1502=EDGE_CURVE('',#1900,#1712,#2263,.T.);
#1503=EDGE_CURVE('',#1900,#1901,#2264,.T.);
#1504=EDGE_CURVE('',#1901,#1713,#2265,.T.);
#1505=EDGE_CURVE('',#1902,#1715,#2266,.T.);
#1506=EDGE_CURVE('',#1902,#1900,#2267,.T.);
#1507=EDGE_CURVE('',#1903,#1714,#2268,.T.);
#1508=EDGE_CURVE('',#1903,#1902,#2269,.T.);
#1509=EDGE_CURVE('',#1904,#1708,#2270,.T.);
#1510=EDGE_CURVE('',#1904,#1905,#2271,.T.);
#1511=EDGE_CURVE('',#1905,#1709,#2272,.T.);
#1512=EDGE_CURVE('',#1906,#1711,#2273,.T.);
#1513=EDGE_CURVE('',#1906,#1904,#2274,.T.);
#1514=EDGE_CURVE('',#1907,#1710,#2275,.T.);
#1515=EDGE_CURVE('',#1907,#1906,#2276,.T.);
#1516=EDGE_CURVE('',#1908,#1704,#2277,.T.);
#1517=EDGE_CURVE('',#1908,#1909,#2278,.T.);
#1518=EDGE_CURVE('',#1909,#1705,#2279,.T.);
#1519=EDGE_CURVE('',#1910,#1707,#2280,.T.);
#1520=EDGE_CURVE('',#1910,#1908,#2281,.T.);
#1521=EDGE_CURVE('',#1911,#1706,#2282,.T.);
#1522=EDGE_CURVE('',#1911,#1910,#2283,.T.);
#1523=EDGE_CURVE('',#1912,#1913,#2284,.T.);
#1524=EDGE_CURVE('',#1913,#1691,#2285,.T.);
#1525=EDGE_CURVE('',#1690,#1912,#2286,.F.);
#1526=EDGE_CURVE('',#1914,#1915,#2287,.T.);
#1527=EDGE_CURVE('',#1915,#1703,#2288,.T.);
#1528=EDGE_CURVE('',#1702,#1914,#2289,.F.);
#1529=EDGE_CURVE('',#1916,#1917,#2290,.T.);
#1530=EDGE_CURVE('',#1916,#1701,#2291,.T.);
#1531=EDGE_CURVE('',#1700,#1917,#2292,.F.);
#1532=EDGE_CURVE('',#1918,#1919,#2293,.T.);
#1533=EDGE_CURVE('',#1919,#1699,#2294,.T.);
#1534=EDGE_CURVE('',#1698,#1918,#2295,.F.);
#1535=EDGE_CURVE('',#1696,#1920,#2296,.F.);
#1536=EDGE_CURVE('',#1920,#1921,#2297,.T.);
#1537=EDGE_CURVE('',#1921,#1697,#2298,.T.);
#1538=EDGE_CURVE('',#1694,#1922,#2299,.F.);
#1539=EDGE_CURVE('',#1922,#1923,#2300,.T.);
#1540=EDGE_CURVE('',#1923,#1695,#2301,.T.);
#1541=EDGE_CURVE('',#1924,#1925,#2302,.T.);
#1542=EDGE_CURVE('',#1924,#1815,#30,.F.);
#1543=EDGE_CURVE('',#1814,#1827,#2303,.T.);
#1544=EDGE_CURVE('',#1826,#1925,#31,.F.);
#1545=EDGE_CURVE('',#1831,#1829,#2304,.T.);
#1546=EDGE_CURVE('',#1835,#1833,#2305,.T.);
#1547=EDGE_CURVE('',#1839,#1837,#2306,.T.);
#1548=EDGE_CURVE('',#1843,#1841,#2307,.T.);
#1549=EDGE_CURVE('',#1847,#1845,#2308,.T.);
#1550=EDGE_CURVE('',#1851,#1849,#2309,.T.);
#1551=EDGE_CURVE('',#1853,#1855,#2310,.T.);
#1552=EDGE_CURVE('',#1926,#1926,#125,.T.);
#1553=EDGE_CURVE('',#1927,#1927,#126,.T.);
#1554=EDGE_CURVE('',#1928,#1928,#127,.T.);
#1555=EDGE_CURVE('',#1929,#1929,#128,.T.);
#1556=EDGE_CURVE('',#1857,#1859,#2311,.T.);
#1557=EDGE_CURVE('',#1861,#1863,#2312,.T.);
#1558=EDGE_CURVE('',#1865,#1867,#2313,.T.);
#1559=EDGE_CURVE('',#1869,#1871,#2314,.T.);
#1560=EDGE_CURVE('',#1873,#1875,#2315,.T.);
#1561=EDGE_CURVE('',#1877,#1879,#2316,.T.);
#1562=EDGE_CURVE('',#1881,#1883,#2317,.T.);
#1563=EDGE_CURVE('',#1885,#1887,#2318,.T.);
#1564=EDGE_CURVE('',#1889,#1891,#2319,.T.);
#1565=EDGE_CURVE('',#1893,#1895,#2320,.T.);
#1566=EDGE_CURVE('',#1897,#1899,#2321,.T.);
#1567=EDGE_CURVE('',#1901,#1903,#2322,.T.);
#1568=EDGE_CURVE('',#1905,#1907,#2323,.T.);
#1569=EDGE_CURVE('',#1909,#1911,#2324,.T.);
#1570=EDGE_CURVE('',#1692,#1930,#2325,.F.);
#1571=EDGE_CURVE('',#1930,#1931,#2326,.T.);
#1572=EDGE_CURVE('',#1931,#1693,#2327,.T.);
#1573=EDGE_CURVE('',#1812,#1932,#32,.T.);
#1574=EDGE_CURVE('',#1932,#1933,#2328,.T.);
#1575=EDGE_CURVE('',#1933,#1801,#33,.T.);
#1576=EDGE_CURVE('',#1813,#1800,#2329,.T.);
#1577=EDGE_CURVE('',#1930,#1913,#129,.T.);
#1578=EDGE_CURVE('',#1912,#1915,#130,.T.);
#1579=EDGE_CURVE('',#1914,#1916,#131,.T.);
#1580=EDGE_CURVE('',#1917,#1919,#132,.T.);
#1581=EDGE_CURVE('',#1918,#1921,#133,.T.);
#1582=EDGE_CURVE('',#1920,#1923,#134,.T.);
#1583=EDGE_CURVE('',#1922,#1931,#135,.T.);
#1584=EDGE_CURVE('',#1798,#1934,#34,.T.);
#1585=EDGE_CURVE('',#1934,#1935,#2330,.T.);
#1586=EDGE_CURVE('',#1935,#1799,#35,.T.);
#1587=EDGE_CURVE('',#1936,#1937,#2331,.T.);
#1588=EDGE_CURVE('',#1937,#1795,#36,.F.);
#1589=EDGE_CURVE('',#1794,#1936,#37,.F.);
#1590=EDGE_CURVE('',#1684,#1811,#2332,.F.);
#1591=EDGE_CURVE('',#1810,#1685,#2333,.T.);
#1592=EDGE_CURVE('',#1932,#1683,#2334,.F.);
#1593=EDGE_CURVE('',#1682,#1933,#2335,.F.);
#1594=EDGE_CURVE('',#1806,#1687,#2336,.F.);
#1595=EDGE_CURVE('',#1686,#1807,#2337,.F.);
#1596=EDGE_CURVE('',#1802,#1689,#2338,.T.);
#1597=EDGE_CURVE('',#1688,#1803,#2339,.F.);
#1598=EDGE_CURVE('',#1925,#1797,#2340,.T.);
#1599=EDGE_CURVE('',#1796,#1924,#2341,.F.);
#1600=EDGE_CURVE('',#1792,#1821,#2342,.T.);
#1601=EDGE_CURVE('',#1820,#1793,#2343,.F.);
#1602=EDGE_CURVE('',#1934,#1825,#2344,.F.);
#1603=EDGE_CURVE('',#1824,#1935,#2345,.F.);
#1604=EDGE_CURVE('',#1816,#1937,#2346,.F.);
#1605=EDGE_CURVE('',#1936,#1817,#2347,.F.);
#1606=VERTEX_POINT('',#4737);
#1607=VERTEX_POINT('',#4738);
#1608=VERTEX_POINT('',#4740);
#1609=VERTEX_POINT('',#4742);
#1610=VERTEX_POINT('',#4746);
#1611=VERTEX_POINT('',#4747);
#1612=VERTEX_POINT('',#4749);
#1613=VERTEX_POINT('',#4751);
#1614=VERTEX_POINT('',#4755);
#1615=VERTEX_POINT('',#4756);
#1616=VERTEX_POINT('',#4758);
#1617=VERTEX_POINT('',#4760);
#1618=VERTEX_POINT('',#4764);
#1619=VERTEX_POINT('',#4766);
#1620=VERTEX_POINT('',#4769);
#1621=VERTEX_POINT('',#4771);
#1622=VERTEX_POINT('',#4774);
#1623=VERTEX_POINT('',#4775);
#1624=VERTEX_POINT('',#4777);
#1625=VERTEX_POINT('',#4779);
#1626=VERTEX_POINT('',#4781);
#1627=VERTEX_POINT('',#4783);
#1628=VERTEX_POINT('',#4787);
#1629=VERTEX_POINT('',#4788);
#1630=VERTEX_POINT('',#4790);
#1631=VERTEX_POINT('',#4792);
#1632=VERTEX_POINT('',#4796);
#1633=VERTEX_POINT('',#4797);
#1634=VERTEX_POINT('',#4799);
#1635=VERTEX_POINT('',#4801);
#1636=VERTEX_POINT('',#4805);
#1637=VERTEX_POINT('',#4806);
#1638=VERTEX_POINT('',#4808);
#1639=VERTEX_POINT('',#4810);
#1640=VERTEX_POINT('',#4814);
#1641=VERTEX_POINT('',#4815);
#1642=VERTEX_POINT('',#4817);
#1643=VERTEX_POINT('',#4819);
#1644=VERTEX_POINT('',#4823);
#1645=VERTEX_POINT('',#4825);
#1646=VERTEX_POINT('',#4828);
#1647=VERTEX_POINT('',#4830);
#1648=VERTEX_POINT('',#4833);
#1649=VERTEX_POINT('',#4835);
#1650=VERTEX_POINT('',#4838);
#1651=VERTEX_POINT('',#4840);
#1652=VERTEX_POINT('',#4843);
#1653=VERTEX_POINT('',#4844);
#1654=VERTEX_POINT('',#4846);
#1655=VERTEX_POINT('',#4848);
#1656=VERTEX_POINT('',#4852);
#1657=VERTEX_POINT('',#4853);
#1658=VERTEX_POINT('',#4856);
#1659=VERTEX_POINT('',#4858);
#1660=VERTEX_POINT('',#4860);
#1661=VERTEX_POINT('',#4862);
#1662=VERTEX_POINT('',#4864);
#1663=VERTEX_POINT('',#4866);
#1664=VERTEX_POINT('',#4868);
#1665=VERTEX_POINT('',#4870);
#1666=VERTEX_POINT('',#4872);
#1667=VERTEX_POINT('',#4874);
#1668=VERTEX_POINT('',#4887);
#1669=VERTEX_POINT('',#4889);
#1670=VERTEX_POINT('',#4893);
#1671=VERTEX_POINT('',#4895);
#1672=VERTEX_POINT('',#4897);
#1673=VERTEX_POINT('',#4899);
#1674=VERTEX_POINT('',#4903);
#1675=VERTEX_POINT('',#4907);
#1676=VERTEX_POINT('',#4911);
#1677=VERTEX_POINT('',#4915);
#1678=VERTEX_POINT('',#4919);
#1679=VERTEX_POINT('',#4923);
#1680=VERTEX_POINT('',#4927);
#1681=VERTEX_POINT('',#4931);
#1682=VERTEX_POINT('',#4963);
#1683=VERTEX_POINT('',#4964);
#1684=VERTEX_POINT('',#4966);
#1685=VERTEX_POINT('',#4968);
#1686=VERTEX_POINT('',#4970);
#1687=VERTEX_POINT('',#4972);
#1688=VERTEX_POINT('',#4974);
#1689=VERTEX_POINT('',#4976);
#1690=VERTEX_POINT('',#4979);
#1691=VERTEX_POINT('',#4980);
#1692=VERTEX_POINT('',#4982);
#1693=VERTEX_POINT('',#4984);
#1694=VERTEX_POINT('',#4986);
#1695=VERTEX_POINT('',#4988);
#1696=VERTEX_POINT('',#4990);
#1697=VERTEX_POINT('',#4992);
#1698=VERTEX_POINT('',#4994);
#1699=VERTEX_POINT('',#4996);
#1700=VERTEX_POINT('',#4998);
#1701=VERTEX_POINT('',#5000);
#1702=VERTEX_POINT('',#5002);
#1703=VERTEX_POINT('',#5004);
#1704=VERTEX_POINT('',#5007);
#1705=VERTEX_POINT('',#5008);
#1706=VERTEX_POINT('',#5010);
#1707=VERTEX_POINT('',#5012);
#1708=VERTEX_POINT('',#5015);
#1709=VERTEX_POINT('',#5016);
#1710=VERTEX_POINT('',#5018);
#1711=VERTEX_POINT('',#5020);
#1712=VERTEX_POINT('',#5023);
#1713=VERTEX_POINT('',#5024);
#1714=VERTEX_POINT('',#5026);
#1715=VERTEX_POINT('',#5028);
#1716=VERTEX_POINT('',#5031);
#1717=VERTEX_POINT('',#5032);
#1718=VERTEX_POINT('',#5034);
#1719=VERTEX_POINT('',#5036);
#1720=VERTEX_POINT('',#5039);
#1721=VERTEX_POINT('',#5040);
#1722=VERTEX_POINT('',#5042);
#1723=VERTEX_POINT('',#5044);
#1724=VERTEX_POINT('',#5047);
#1725=VERTEX_POINT('',#5048);
#1726=VERTEX_POINT('',#5050);
#1727=VERTEX_POINT('',#5052);
#1728=VERTEX_POINT('',#5055);
#1729=VERTEX_POINT('',#5056);
#1730=VERTEX_POINT('',#5058);
#1731=VERTEX_POINT('',#5060);
#1732=VERTEX_POINT('',#5063);
#1733=VERTEX_POINT('',#5064);
#1734=VERTEX_POINT('',#5066);
#1735=VERTEX_POINT('',#5068);
#1736=VERTEX_POINT('',#5071);
#1737=VERTEX_POINT('',#5072);
#1738=VERTEX_POINT('',#5074);
#1739=VERTEX_POINT('',#5076);
#1740=VERTEX_POINT('',#5079);
#1741=VERTEX_POINT('',#5080);
#1742=VERTEX_POINT('',#5082);
#1743=VERTEX_POINT('',#5084);
#1744=VERTEX_POINT('',#5087);
#1745=VERTEX_POINT('',#5088);
#1746=VERTEX_POINT('',#5090);
#1747=VERTEX_POINT('',#5092);
#1748=VERTEX_POINT('',#5095);
#1749=VERTEX_POINT('',#5096);
#1750=VERTEX_POINT('',#5098);
#1751=VERTEX_POINT('',#5100);
#1752=VERTEX_POINT('',#5103);
#1753=VERTEX_POINT('',#5104);
#1754=VERTEX_POINT('',#5106);
#1755=VERTEX_POINT('',#5108);
#1756=VERTEX_POINT('',#5111);
#1757=VERTEX_POINT('',#5112);
#1758=VERTEX_POINT('',#5114);
#1759=VERTEX_POINT('',#5116);
#1760=VERTEX_POINT('',#5119);
#1761=VERTEX_POINT('',#5121);
#1762=VERTEX_POINT('',#5123);
#1763=VERTEX_POINT('',#5125);
#1764=VERTEX_POINT('',#5127);
#1765=VERTEX_POINT('',#5128);
#1766=VERTEX_POINT('',#5130);
#1767=VERTEX_POINT('',#5132);
#1768=VERTEX_POINT('',#5135);
#1769=VERTEX_POINT('',#5136);
#1770=VERTEX_POINT('',#5138);
#1771=VERTEX_POINT('',#5140);
#1772=VERTEX_POINT('',#5143);
#1773=VERTEX_POINT('',#5144);
#1774=VERTEX_POINT('',#5146);
#1775=VERTEX_POINT('',#5148);
#1776=VERTEX_POINT('',#5151);
#1777=VERTEX_POINT('',#5152);
#1778=VERTEX_POINT('',#5154);
#1779=VERTEX_POINT('',#5156);
#1780=VERTEX_POINT('',#5159);
#1781=VERTEX_POINT('',#5160);
#1782=VERTEX_POINT('',#5162);
#1783=VERTEX_POINT('',#5164);
#1784=VERTEX_POINT('',#5167);
#1785=VERTEX_POINT('',#5168);
#1786=VERTEX_POINT('',#5170);
#1787=VERTEX_POINT('',#5172);
#1788=VERTEX_POINT('',#5175);
#1789=VERTEX_POINT('',#5176);
#1790=VERTEX_POINT('',#5178);
#1791=VERTEX_POINT('',#5180);
#1792=VERTEX_POINT('',#5183);
#1793=VERTEX_POINT('',#5184);
#1794=VERTEX_POINT('',#5186);
#1795=VERTEX_POINT('',#5188);
#1796=VERTEX_POINT('',#5190);
#1797=VERTEX_POINT('',#5192);
#1798=VERTEX_POINT('',#5194);
#1799=VERTEX_POINT('',#5196);
#1800=VERTEX_POINT('',#5200);
#1801=VERTEX_POINT('',#5201);
#1802=VERTEX_POINT('',#5203);
#1803=VERTEX_POINT('',#5205);
#1804=VERTEX_POINT('',#5207);
#1805=VERTEX_POINT('',#5209);
#1806=VERTEX_POINT('',#5213);
#1807=VERTEX_POINT('',#5215);
#1808=VERTEX_POINT('',#5217);
#1809=VERTEX_POINT('',#5219);
#1810=VERTEX_POINT('',#5223);
#1811=VERTEX_POINT('',#5225);
#1812=VERTEX_POINT('',#5227);
#1813=VERTEX_POINT('',#5229);
#1814=VERTEX_POINT('',#5233);
#1815=VERTEX_POINT('',#5234);
#1816=VERTEX_POINT('',#5236);
#1817=VERTEX_POINT('',#5238);
#1818=VERTEX_POINT('',#5240);
#1819=VERTEX_POINT('',#5242);
#1820=VERTEX_POINT('',#5246);
#1821=VERTEX_POINT('',#5248);
#1822=VERTEX_POINT('',#5250);
#1823=VERTEX_POINT('',#5252);
#1824=VERTEX_POINT('',#5256);
#1825=VERTEX_POINT('',#5258);
#1826=VERTEX_POINT('',#5260);
#1827=VERTEX_POINT('',#5262);
#1828=VERTEX_POINT('',#5266);
#1829=VERTEX_POINT('',#5268);
#1830=VERTEX_POINT('',#5272);
#1831=VERTEX_POINT('',#5276);
#1832=VERTEX_POINT('',#5280);
#1833=VERTEX_POINT('',#5282);
#1834=VERTEX_POINT('',#5286);
#1835=VERTEX_POINT('',#5290);
#1836=VERTEX_POINT('',#5294);
#1837=VERTEX_POINT('',#5296);
#1838=VERTEX_POINT('',#5300);
#1839=VERTEX_POINT('',#5304);
#1840=VERTEX_POINT('',#5308);
#1841=VERTEX_POINT('',#5310);
#1842=VERTEX_POINT('',#5314);
#1843=VERTEX_POINT('',#5318);
#1844=VERTEX_POINT('',#5322);
#1845=VERTEX_POINT('',#5324);
#1846=VERTEX_POINT('',#5328);
#1847=VERTEX_POINT('',#5332);
#1848=VERTEX_POINT('',#5336);
#1849=VERTEX_POINT('',#5338);
#1850=VERTEX_POINT('',#5342);
#1851=VERTEX_POINT('',#5346);
#1852=VERTEX_POINT('',#5350);
#1853=VERTEX_POINT('',#5352);
#1854=VERTEX_POINT('',#5356);
#1855=VERTEX_POINT('',#5360);
#1856=VERTEX_POINT('',#5364);
#1857=VERTEX_POINT('',#5366);
#1858=VERTEX_POINT('',#5370);
#1859=VERTEX_POINT('',#5374);
#1860=VERTEX_POINT('',#5378);
#1861=VERTEX_POINT('',#5380);
#1862=VERTEX_POINT('',#5384);
#1863=VERTEX_POINT('',#5388);
#1864=VERTEX_POINT('',#5392);
#1865=VERTEX_POINT('',#5394);
#1866=VERTEX_POINT('',#5398);
#1867=VERTEX_POINT('',#5402);
#1868=VERTEX_POINT('',#5406);
#1869=VERTEX_POINT('',#5408);
#1870=VERTEX_POINT('',#5412);
#1871=VERTEX_POINT('',#5416);
#1872=VERTEX_POINT('',#5420);
#1873=VERTEX_POINT('',#5422);
#1874=VERTEX_POINT('',#5426);
#1875=VERTEX_POINT('',#5430);
#1876=VERTEX_POINT('',#5434);
#1877=VERTEX_POINT('',#5436);
#1878=VERTEX_POINT('',#5440);
#1879=VERTEX_POINT('',#5444);
#1880=VERTEX_POINT('',#5448);
#1881=VERTEX_POINT('',#5450);
#1882=VERTEX_POINT('',#5454);
#1883=VERTEX_POINT('',#5458);
#1884=VERTEX_POINT('',#5462);
#1885=VERTEX_POINT('',#5464);
#1886=VERTEX_POINT('',#5468);
#1887=VERTEX_POINT('',#5472);
#1888=VERTEX_POINT('',#5476);
#1889=VERTEX_POINT('',#5478);
#1890=VERTEX_POINT('',#5482);
#1891=VERTEX_POINT('',#5486);
#1892=VERTEX_POINT('',#5490);
#1893=VERTEX_POINT('',#5492);
#1894=VERTEX_POINT('',#5496);
#1895=VERTEX_POINT('',#5500);
#1896=VERTEX_POINT('',#5504);
#1897=VERTEX_POINT('',#5506);
#1898=VERTEX_POINT('',#5510);
#1899=VERTEX_POINT('',#5514);
#1900=VERTEX_POINT('',#5518);
#1901=VERTEX_POINT('',#5520);
#1902=VERTEX_POINT('',#5524);
#1903=VERTEX_POINT('',#5528);
#1904=VERTEX_POINT('',#5532);
#1905=VERTEX_POINT('',#5534);
#1906=VERTEX_POINT('',#5538);
#1907=VERTEX_POINT('',#5542);
#1908=VERTEX_POINT('',#5546);
#1909=VERTEX_POINT('',#5548);
#1910=VERTEX_POINT('',#5552);
#1911=VERTEX_POINT('',#5556);
#1912=VERTEX_POINT('',#5560);
#1913=VERTEX_POINT('',#5561);
#1914=VERTEX_POINT('',#5566);
#1915=VERTEX_POINT('',#5567);
#1916=VERTEX_POINT('',#5572);
#1917=VERTEX_POINT('',#5573);
#1918=VERTEX_POINT('',#5578);
#1919=VERTEX_POINT('',#5579);
#1920=VERTEX_POINT('',#5584);
#1921=VERTEX_POINT('',#5586);
#1922=VERTEX_POINT('',#5590);
#1923=VERTEX_POINT('',#5592);
#1924=VERTEX_POINT('',#5596);
#1925=VERTEX_POINT('',#5597);
#1926=VERTEX_POINT('',#5617);
#1927=VERTEX_POINT('',#5620);
#1928=VERTEX_POINT('',#5623);
#1929=VERTEX_POINT('',#5626);
#1930=VERTEX_POINT('',#5657);
#1931=VERTEX_POINT('',#5659);
#1932=VERTEX_POINT('',#5663);
#1933=VERTEX_POINT('',#5665);
#1934=VERTEX_POINT('',#5685);
#1935=VERTEX_POINT('',#5687);
#1936=VERTEX_POINT('',#5691);
#1937=VERTEX_POINT('',#5692);
#1938=LINE('',#4736,#2348);
#1939=LINE('',#4739,#2349);
#1940=LINE('',#4741,#2350);
#1941=LINE('',#4743,#2351);
#1942=LINE('',#4745,#2352);
#1943=LINE('',#4748,#2353);
#1944=LINE('',#4750,#2354);
#1945=LINE('',#4752,#2355);
#1946=LINE('',#4754,#2356);
#1947=LINE('',#4757,#2357);
#1948=LINE('',#4759,#2358);
#1949=LINE('',#4761,#2359);
#1950=LINE('',#4765,#2360);
#1951=LINE('',#4770,#2361);
#1952=LINE('',#4773,#2362);
#1953=LINE('',#4776,#2363);
#1954=LINE('',#4778,#2364);
#1955=LINE('',#4780,#2365);
#1956=LINE('',#4782,#2366);
#1957=LINE('',#4784,#2367);
#1958=LINE('',#4786,#2368);
#1959=LINE('',#4789,#2369);
#1960=LINE('',#4791,#2370);
#1961=LINE('',#4793,#2371);
#1962=LINE('',#4795,#2372);
#1963=LINE('',#4798,#2373);
#1964=LINE('',#4800,#2374);
#1965=LINE('',#4802,#2375);
#1966=LINE('',#4804,#2376);
#1967=LINE('',#4807,#2377);
#1968=LINE('',#4809,#2378);
#1969=LINE('',#4811,#2379);
#1970=LINE('',#4813,#2380);
#1971=LINE('',#4816,#2381);
#1972=LINE('',#4818,#2382);
#1973=LINE('',#4820,#2383);
#1974=LINE('',#4842,#2384);
#1975=LINE('',#4845,#2385);
#1976=LINE('',#4847,#2386);
#1977=LINE('',#4849,#2387);
#1978=LINE('',#4851,#2388);
#1979=LINE('',#4854,#2389);
#1980=LINE('',#4855,#2390);
#1981=LINE('',#4857,#2391);
#1982=LINE('',#4859,#2392);
#1983=LINE('',#4861,#2393);
#1984=LINE('',#4863,#2394);
#1985=LINE('',#4865,#2395);
#1986=LINE('',#4867,#2396);
#1987=LINE('',#4869,#2397);
#1988=LINE('',#4871,#2398);
#1989=LINE('',#4873,#2399);
#1990=LINE('',#4875,#2400);
#1991=LINE('',#4888,#2401);
#1992=LINE('',#4892,#2402);
#1993=LINE('',#4894,#2403);
#1994=LINE('',#4896,#2404);
#1995=LINE('',#4898,#2405);
#1996=LINE('',#4900,#2406);
#1997=LINE('',#4902,#2407);
#1998=LINE('',#4904,#2408);
#1999=LINE('',#4906,#2409);
#2000=LINE('',#4908,#2410);
#2001=LINE('',#4910,#2411);
#2002=LINE('',#4912,#2412);
#2003=LINE('',#4914,#2413);
#2004=LINE('',#4916,#2414);
#2005=LINE('',#4918,#2415);
#2006=LINE('',#4920,#2416);
#2007=LINE('',#4922,#2417);
#2008=LINE('',#4924,#2418);
#2009=LINE('',#4926,#2419);
#2010=LINE('',#4928,#2420);
#2011=LINE('',#4930,#2421);
#2012=LINE('',#4932,#2422);
#2013=LINE('',#4934,#2423);
#2014=LINE('',#4942,#2424);
#2015=LINE('',#4943,#2425);
#2016=LINE('',#4955,#2426);
#2017=LINE('',#4956,#2427);
#2018=LINE('',#4962,#2428);
#2019=LINE('',#4967,#2429);
#2020=LINE('',#4971,#2430);
#2021=LINE('',#4975,#2431);
#2022=LINE('',#4978,#2432);
#2023=LINE('',#4983,#2433);
#2024=LINE('',#4987,#2434);
#2025=LINE('',#4991,#2435);
#2026=LINE('',#4995,#2436);
#2027=LINE('',#4999,#2437);
#2028=LINE('',#5003,#2438);
#2029=LINE('',#5006,#2439);
#2030=LINE('',#5009,#2440);
#2031=LINE('',#5011,#2441);
#2032=LINE('',#5013,#2442);
#2033=LINE('',#5014,#2443);
#2034=LINE('',#5017,#2444);
#2035=LINE('',#5019,#2445);
#2036=LINE('',#5021,#2446);
#2037=LINE('',#5022,#2447);
#2038=LINE('',#5025,#2448);
#2039=LINE('',#5027,#2449);
#2040=LINE('',#5029,#2450);
#2041=LINE('',#5030,#2451);
#2042=LINE('',#5033,#2452);
#2043=LINE('',#5035,#2453);
#2044=LINE('',#5037,#2454);
#2045=LINE('',#5038,#2455);
#2046=LINE('',#5041,#2456);
#2047=LINE('',#5043,#2457);
#2048=LINE('',#5045,#2458);
#2049=LINE('',#5046,#2459);
#2050=LINE('',#5049,#2460);
#2051=LINE('',#5051,#2461);
#2052=LINE('',#5053,#2462);
#2053=LINE('',#5054,#2463);
#2054=LINE('',#5057,#2464);
#2055=LINE('',#5059,#2465);
#2056=LINE('',#5061,#2466);
#2057=LINE('',#5062,#2467);
#2058=LINE('',#5065,#2468);
#2059=LINE('',#5067,#2469);
#2060=LINE('',#5069,#2470);
#2061=LINE('',#5070,#2471);
#2062=LINE('',#5073,#2472);
#2063=LINE('',#5075,#2473);
#2064=LINE('',#5077,#2474);
#2065=LINE('',#5078,#2475);
#2066=LINE('',#5081,#2476);
#2067=LINE('',#5083,#2477);
#2068=LINE('',#5085,#2478);
#2069=LINE('',#5086,#2479);
#2070=LINE('',#5089,#2480);
#2071=LINE('',#5091,#2481);
#2072=LINE('',#5093,#2482);
#2073=LINE('',#5094,#2483);
#2074=LINE('',#5097,#2484);
#2075=LINE('',#5099,#2485);
#2076=LINE('',#5101,#2486);
#2077=LINE('',#5102,#2487);
#2078=LINE('',#5105,#2488);
#2079=LINE('',#5107,#2489);
#2080=LINE('',#5109,#2490);
#2081=LINE('',#5110,#2491);
#2082=LINE('',#5113,#2492);
#2083=LINE('',#5115,#2493);
#2084=LINE('',#5117,#2494);
#2085=LINE('',#5126,#2495);
#2086=LINE('',#5129,#2496);
#2087=LINE('',#5131,#2497);
#2088=LINE('',#5133,#2498);
#2089=LINE('',#5134,#2499);
#2090=LINE('',#5137,#2500);
#2091=LINE('',#5139,#2501);
#2092=LINE('',#5141,#2502);
#2093=LINE('',#5142,#2503);
#2094=LINE('',#5145,#2504);
#2095=LINE('',#5147,#2505);
#2096=LINE('',#5149,#2506);
#2097=LINE('',#5150,#2507);
#2098=LINE('',#5153,#2508);
#2099=LINE('',#5155,#2509);
#2100=LINE('',#5157,#2510);
#2101=LINE('',#5158,#2511);
#2102=LINE('',#5161,#2512);
#2103=LINE('',#5163,#2513);
#2104=LINE('',#5165,#2514);
#2105=LINE('',#5166,#2515);
#2106=LINE('',#5169,#2516);
#2107=LINE('',#5171,#2517);
#2108=LINE('',#5173,#2518);
#2109=LINE('',#5174,#2519);
#2110=LINE('',#5177,#2520);
#2111=LINE('',#5179,#2521);
#2112=LINE('',#5181,#2522);
#2113=LINE('',#5182,#2523);
#2114=LINE('',#5187,#2524);
#2115=LINE('',#5191,#2525);
#2116=LINE('',#5195,#2526);
#2117=LINE('',#5199,#2527);
#2118=LINE('',#5204,#2528);
#2119=LINE('',#5208,#2529);
#2120=LINE('',#5210,#2530);
#2121=LINE('',#5214,#2531);
#2122=LINE('',#5218,#2532);
#2123=LINE('',#5220,#2533);
#2124=LINE('',#5224,#2534);
#2125=LINE('',#5228,#2535);
#2126=LINE('',#5230,#2536);
#2127=LINE('',#5232,#2537);
#2128=LINE('',#5237,#2538);
#2129=LINE('',#5241,#2539);
#2130=LINE('',#5243,#2540);
#2131=LINE('',#5247,#2541);
#2132=LINE('',#5251,#2542);
#2133=LINE('',#5253,#2543);
#2134=LINE('',#5257,#2544);
#2135=LINE('',#5261,#2545);
#2136=LINE('',#5263,#2546);
#2137=LINE('',#5265,#2547);
#2138=LINE('',#5267,#2548);
#2139=LINE('',#5269,#2549);
#2140=LINE('',#5271,#2550);
#2141=LINE('',#5273,#2551);
#2142=LINE('',#5275,#2552);
#2143=LINE('',#5277,#2553);
#2144=LINE('',#5279,#2554);
#2145=LINE('',#5281,#2555);
#2146=LINE('',#5283,#2556);
#2147=LINE('',#5285,#2557);
#2148=LINE('',#5287,#2558);
#2149=LINE('',#5289,#2559);
#2150=LINE('',#5291,#2560);
#2151=LINE('',#5293,#2561);
#2152=LINE('',#5295,#2562);
#2153=LINE('',#5297,#2563);
#2154=LINE('',#5299,#2564);
#2155=LINE('',#5301,#2565);
#2156=LINE('',#5303,#2566);
#2157=LINE('',#5305,#2567);
#2158=LINE('',#5307,#2568);
#2159=LINE('',#5309,#2569);
#2160=LINE('',#5311,#2570);
#2161=LINE('',#5313,#2571);
#2162=LINE('',#5315,#2572);
#2163=LINE('',#5317,#2573);
#2164=LINE('',#5319,#2574);
#2165=LINE('',#5321,#2575);
#2166=LINE('',#5323,#2576);
#2167=LINE('',#5325,#2577);
#2168=LINE('',#5327,#2578);
#2169=LINE('',#5329,#2579);
#2170=LINE('',#5331,#2580);
#2171=LINE('',#5333,#2581);
#2172=LINE('',#5335,#2582);
#2173=LINE('',#5337,#2583);
#2174=LINE('',#5339,#2584);
#2175=LINE('',#5341,#2585);
#2176=LINE('',#5343,#2586);
#2177=LINE('',#5345,#2587);
#2178=LINE('',#5347,#2588);
#2179=LINE('',#5349,#2589);
#2180=LINE('',#5351,#2590);
#2181=LINE('',#5353,#2591);
#2182=LINE('',#5355,#2592);
#2183=LINE('',#5357,#2593);
#2184=LINE('',#5359,#2594);
#2185=LINE('',#5361,#2595);
#2186=LINE('',#5363,#2596);
#2187=LINE('',#5365,#2597);
#2188=LINE('',#5367,#2598);
#2189=LINE('',#5369,#2599);
#2190=LINE('',#5371,#2600);
#2191=LINE('',#5373,#2601);
#2192=LINE('',#5375,#2602);
#2193=LINE('',#5377,#2603);
#2194=LINE('',#5379,#2604);
#2195=LINE('',#5381,#2605);
#2196=LINE('',#5383,#2606);
#2197=LINE('',#5385,#2607);
#2198=LINE('',#5387,#2608);
#2199=LINE('',#5389,#2609);
#2200=LINE('',#5391,#2610);
#2201=LINE('',#5393,#2611);
#2202=LINE('',#5395,#2612);
#2203=LINE('',#5397,#2613);
#2204=LINE('',#5399,#2614);
#2205=LINE('',#5401,#2615);
#2206=LINE('',#5403,#2616);
#2207=LINE('',#5405,#2617);
#2208=LINE('',#5407,#2618);
#2209=LINE('',#5409,#2619);
#2210=LINE('',#5411,#2620);
#2211=LINE('',#5413,#2621);
#2212=LINE('',#5415,#2622);
#2213=LINE('',#5417,#2623);
#2214=LINE('',#5419,#2624);
#2215=LINE('',#5421,#2625);
#2216=LINE('',#5423,#2626);
#2217=LINE('',#5425,#2627);
#2218=LINE('',#5427,#2628);
#2219=LINE('',#5429,#2629);
#2220=LINE('',#5431,#2630);
#2221=LINE('',#5433,#2631);
#2222=LINE('',#5435,#2632);
#2223=LINE('',#5437,#2633);
#2224=LINE('',#5439,#2634);
#2225=LINE('',#5441,#2635);
#2226=LINE('',#5443,#2636);
#2227=LINE('',#5445,#2637);
#2228=LINE('',#5447,#2638);
#2229=LINE('',#5449,#2639);
#2230=LINE('',#5451,#2640);
#2231=LINE('',#5453,#2641);
#2232=LINE('',#5455,#2642);
#2233=LINE('',#5457,#2643);
#2234=LINE('',#5459,#2644);
#2235=LINE('',#5461,#2645);
#2236=LINE('',#5463,#2646);
#2237=LINE('',#5465,#2647);
#2238=LINE('',#5467,#2648);
#2239=LINE('',#5469,#2649);
#2240=LINE('',#5471,#2650);
#2241=LINE('',#5473,#2651);
#2242=LINE('',#5475,#2652);
#2243=LINE('',#5477,#2653);
#2244=LINE('',#5479,#2654);
#2245=LINE('',#5481,#2655);
#2246=LINE('',#5483,#2656);
#2247=LINE('',#5485,#2657);
#2248=LINE('',#5487,#2658);
#2249=LINE('',#5489,#2659);
#2250=LINE('',#5491,#2660);
#2251=LINE('',#5493,#2661);
#2252=LINE('',#5495,#2662);
#2253=LINE('',#5497,#2663);
#2254=LINE('',#5499,#2664);
#2255=LINE('',#5501,#2665);
#2256=LINE('',#5503,#2666);
#2257=LINE('',#5505,#2667);
#2258=LINE('',#5507,#2668);
#2259=LINE('',#5509,#2669);
#2260=LINE('',#5511,#2670);
#2261=LINE('',#5513,#2671);
#2262=LINE('',#5515,#2672);
#2263=LINE('',#5517,#2673);
#2264=LINE('',#5519,#2674);
#2265=LINE('',#5521,#2675);
#2266=LINE('',#5523,#2676);
#2267=LINE('',#5525,#2677);
#2268=LINE('',#5527,#2678);
#2269=LINE('',#5529,#2679);
#2270=LINE('',#5531,#2680);
#2271=LINE('',#5533,#2681);
#2272=LINE('',#5535,#2682);
#2273=LINE('',#5537,#2683);
#2274=LINE('',#5539,#2684);
#2275=LINE('',#5541,#2685);
#2276=LINE('',#5543,#2686);
#2277=LINE('',#5545,#2687);
#2278=LINE('',#5547,#2688);
#2279=LINE('',#5549,#2689);
#2280=LINE('',#5551,#2690);
#2281=LINE('',#5553,#2691);
#2282=LINE('',#5555,#2692);
#2283=LINE('',#5557,#2693);
#2284=LINE('',#5559,#2694);
#2285=LINE('',#5562,#2695);
#2286=LINE('',#5563,#2696);
#2287=LINE('',#5565,#2697);
#2288=LINE('',#5568,#2698);
#2289=LINE('',#5569,#2699);
#2290=LINE('',#5571,#2700);
#2291=LINE('',#5574,#2701);
#2292=LINE('',#5575,#2702);
#2293=LINE('',#5577,#2703);
#2294=LINE('',#5580,#2704);
#2295=LINE('',#5581,#2705);
#2296=LINE('',#5583,#2706);
#2297=LINE('',#5585,#2707);
#2298=LINE('',#5587,#2708);
#2299=LINE('',#5589,#2709);
#2300=LINE('',#5591,#2710);
#2301=LINE('',#5593,#2711);
#2302=LINE('',#5595,#2712);
#2303=LINE('',#5599,#2713);
#2304=LINE('',#5602,#2714);
#2305=LINE('',#5604,#2715);
#2306=LINE('',#5606,#2716);
#2307=LINE('',#5608,#2717);
#2308=LINE('',#5610,#2718);
#2309=LINE('',#5612,#2719);
#2310=LINE('',#5614,#2720);
#2311=LINE('',#5628,#2721);
#2312=LINE('',#5630,#2722);
#2313=LINE('',#5632,#2723);
#2314=LINE('',#5634,#2724);
#2315=LINE('',#5636,#2725);
#2316=LINE('',#5638,#2726);
#2317=LINE('',#5640,#2727);
#2318=LINE('',#5642,#2728);
#2319=LINE('',#5644,#2729);
#2320=LINE('',#5646,#2730);
#2321=LINE('',#5648,#2731);
#2322=LINE('',#5650,#2732);
#2323=LINE('',#5652,#2733);
#2324=LINE('',#5654,#2734);
#2325=LINE('',#5656,#2735);
#2326=LINE('',#5658,#2736);
#2327=LINE('',#5660,#2737);
#2328=LINE('',#5664,#2738);
#2329=LINE('',#5667,#2739);
#2330=LINE('',#5686,#2740);
#2331=LINE('',#5690,#2741);
#2332=LINE('',#5696,#2742);
#2333=LINE('',#5697,#2743);
#2334=LINE('',#5699,#2744);
#2335=LINE('',#5700,#2745);
#2336=LINE('',#5702,#2746);
#2337=LINE('',#5703,#2747);
#2338=LINE('',#5705,#2748);
#2339=LINE('',#5706,#2749);
#2340=LINE('',#5712,#2750);
#2341=LINE('',#5713,#2751);
#2342=LINE('',#5715,#2752);
#2343=LINE('',#5716,#2753);
#2344=LINE('',#5718,#2754);
#2345=LINE('',#5719,#2755);
#2346=LINE('',#5721,#2756);
#2347=LINE('',#5722,#2757);
#2348=VECTOR('',#3824,1.);
#2349=VECTOR('',#3825,1.);
#2350=VECTOR('',#3826,1.);
#2351=VECTOR('',#3827,1.);
#2352=VECTOR('',#3830,1.);
#2353=VECTOR('',#3831,1.);
#2354=VECTOR('',#3832,1.);
#2355=VECTOR('',#3833,1.);
#2356=VECTOR('',#3836,1.);
#2357=VECTOR('',#3837,1.);
#2358=VECTOR('',#3838,1.);
#2359=VECTOR('',#3839,1.);
#2360=VECTOR('',#3844,1.);
#2361=VECTOR('',#3849,1.);
#2362=VECTOR('',#3852,1.);
#2363=VECTOR('',#3853,1.);
#2364=VECTOR('',#3854,1.);
#2365=VECTOR('',#3855,1.);
#2366=VECTOR('',#3856,1.);
#2367=VECTOR('',#3857,1.);
#2368=VECTOR('',#3860,1.);
#2369=VECTOR('',#3861,1.);
#2370=VECTOR('',#3862,1.);
#2371=VECTOR('',#3863,1.);
#2372=VECTOR('',#3866,1.);
#2373=VECTOR('',#3867,1.);
#2374=VECTOR('',#3868,1.);
#2375=VECTOR('',#3869,1.);
#2376=VECTOR('',#3872,1.);
#2377=VECTOR('',#3873,1.);
#2378=VECTOR('',#3874,1.);
#2379=VECTOR('',#3875,1.);
#2380=VECTOR('',#3878,1.);
#2381=VECTOR('',#3879,1.);
#2382=VECTOR('',#3880,1.);
#2383=VECTOR('',#3881,1.);
#2384=VECTOR('',#3908,1.);
#2385=VECTOR('',#3909,1.);
#2386=VECTOR('',#3910,1.);
#2387=VECTOR('',#3911,1.);
#2388=VECTOR('',#3914,1.);
#2389=VECTOR('',#3915,1.);
#2390=VECTOR('',#3916,1.);
#2391=VECTOR('',#3917,1.);
#2392=VECTOR('',#3918,1.);
#2393=VECTOR('',#3919,1.);
#2394=VECTOR('',#3920,1.);
#2395=VECTOR('',#3921,1.);
#2396=VECTOR('',#3922,1.);
#2397=VECTOR('',#3923,1.);
#2398=VECTOR('',#3924,1.);
#2399=VECTOR('',#3925,1.);
#2400=VECTOR('',#3926,1.);
#2401=VECTOR('',#3949,1.);
#2402=VECTOR('',#3954,1.);
#2403=VECTOR('',#3955,1.);
#2404=VECTOR('',#3956,1.);
#2405=VECTOR('',#3957,1.);
#2406=VECTOR('',#3958,1.);
#2407=VECTOR('',#3961,1.);
#2408=VECTOR('',#3962,1.);
#2409=VECTOR('',#3965,1.);
#2410=VECTOR('',#3966,1.);
#2411=VECTOR('',#3969,1.);
#2412=VECTOR('',#3970,1.);
#2413=VECTOR('',#3973,1.);
#2414=VECTOR('',#3974,1.);
#2415=VECTOR('',#3977,1.);
#2416=VECTOR('',#3978,1.);
#2417=VECTOR('',#3981,1.);
#2418=VECTOR('',#3982,1.);
#2419=VECTOR('',#3985,1.);
#2420=VECTOR('',#3986,1.);
#2421=VECTOR('',#3989,1.);
#2422=VECTOR('',#3990,1.);
#2423=VECTOR('',#3993,1.);
#2424=VECTOR('',#4008,1.);
#2425=VECTOR('',#4009,1.);
#2426=VECTOR('',#4032,1.);
#2427=VECTOR('',#4033,1.);
#2428=VECTOR('',#4044,1.);
#2429=VECTOR('',#4047,1.);
#2430=VECTOR('',#4050,1.);
#2431=VECTOR('',#4053,1.);
#2432=VECTOR('',#4056,1.);
#2433=VECTOR('',#4059,1.);
#2434=VECTOR('',#4062,1.);
#2435=VECTOR('',#4065,1.);
#2436=VECTOR('',#4068,1.);
#2437=VECTOR('',#4071,1.);
#2438=VECTOR('',#4074,1.);
#2439=VECTOR('',#4077,1.);
#2440=VECTOR('',#4078,1.);
#2441=VECTOR('',#4079,1.);
#2442=VECTOR('',#4080,1.);
#2443=VECTOR('',#4081,1.);
#2444=VECTOR('',#4082,1.);
#2445=VECTOR('',#4083,1.);
#2446=VECTOR('',#4084,1.);
#2447=VECTOR('',#4085,1.);
#2448=VECTOR('',#4086,1.);
#2449=VECTOR('',#4087,1.);
#2450=VECTOR('',#4088,1.);
#2451=VECTOR('',#4089,1.);
#2452=VECTOR('',#4090,1.);
#2453=VECTOR('',#4091,1.);
#2454=VECTOR('',#4092,1.);
#2455=VECTOR('',#4093,1.);
#2456=VECTOR('',#4094,1.);
#2457=VECTOR('',#4095,1.);
#2458=VECTOR('',#4096,1.);
#2459=VECTOR('',#4097,1.);
#2460=VECTOR('',#4098,1.);
#2461=VECTOR('',#4099,1.);
#2462=VECTOR('',#4100,1.);
#2463=VECTOR('',#4101,1.);
#2464=VECTOR('',#4102,1.);
#2465=VECTOR('',#4103,1.);
#2466=VECTOR('',#4104,1.);
#2467=VECTOR('',#4105,1.);
#2468=VECTOR('',#4106,1.);
#2469=VECTOR('',#4107,1.);
#2470=VECTOR('',#4108,1.);
#2471=VECTOR('',#4109,1.);
#2472=VECTOR('',#4110,1.);
#2473=VECTOR('',#4111,1.);
#2474=VECTOR('',#4112,1.);
#2475=VECTOR('',#4113,1.);
#2476=VECTOR('',#4114,1.);
#2477=VECTOR('',#4115,1.);
#2478=VECTOR('',#4116,1.);
#2479=VECTOR('',#4117,1.);
#2480=VECTOR('',#4118,1.);
#2481=VECTOR('',#4119,1.);
#2482=VECTOR('',#4120,1.);
#2483=VECTOR('',#4121,1.);
#2484=VECTOR('',#4122,1.);
#2485=VECTOR('',#4123,1.);
#2486=VECTOR('',#4124,1.);
#2487=VECTOR('',#4125,1.);
#2488=VECTOR('',#4126,1.);
#2489=VECTOR('',#4127,1.);
#2490=VECTOR('',#4128,1.);
#2491=VECTOR('',#4129,1.);
#2492=VECTOR('',#4130,1.);
#2493=VECTOR('',#4131,1.);
#2494=VECTOR('',#4132,1.);
#2495=VECTOR('',#4141,1.);
#2496=VECTOR('',#4142,1.);
#2497=VECTOR('',#4143,1.);
#2498=VECTOR('',#4144,1.);
#2499=VECTOR('',#4145,1.);
#2500=VECTOR('',#4146,1.);
#2501=VECTOR('',#4147,1.);
#2502=VECTOR('',#4148,1.);
#2503=VECTOR('',#4149,1.);
#2504=VECTOR('',#4150,1.);
#2505=VECTOR('',#4151,1.);
#2506=VECTOR('',#4152,1.);
#2507=VECTOR('',#4153,1.);
#2508=VECTOR('',#4154,1.);
#2509=VECTOR('',#4155,1.);
#2510=VECTOR('',#4156,1.);
#2511=VECTOR('',#4157,1.);
#2512=VECTOR('',#4158,1.);
#2513=VECTOR('',#4159,1.);
#2514=VECTOR('',#4160,1.);
#2515=VECTOR('',#4161,1.);
#2516=VECTOR('',#4162,1.);
#2517=VECTOR('',#4163,1.);
#2518=VECTOR('',#4164,1.);
#2519=VECTOR('',#4165,1.);
#2520=VECTOR('',#4166,1.);
#2521=VECTOR('',#4167,1.);
#2522=VECTOR('',#4168,1.);
#2523=VECTOR('',#4169,1.);
#2524=VECTOR('',#4172,1.);
#2525=VECTOR('',#4175,1.);
#2526=VECTOR('',#4178,1.);
#2527=VECTOR('',#4183,1.);
#2528=VECTOR('',#4186,1.);
#2529=VECTOR('',#4189,1.);
#2530=VECTOR('',#4190,1.);
#2531=VECTOR('',#4195,1.);
#2532=VECTOR('',#4198,1.);
#2533=VECTOR('',#4199,1.);
#2534=VECTOR('',#4204,1.);
#2535=VECTOR('',#4207,1.);
#2536=VECTOR('',#4208,1.);
#2537=VECTOR('',#4211,1.);
#2538=VECTOR('',#4214,1.);
#2539=VECTOR('',#4217,1.);
#2540=VECTOR('',#4218,1.);
#2541=VECTOR('',#4223,1.);
#2542=VECTOR('',#4226,1.);
#2543=VECTOR('',#4227,1.);
#2544=VECTOR('',#4232,1.);
#2545=VECTOR('',#4235,1.);
#2546=VECTOR('',#4236,1.);
#2547=VECTOR('',#4239,1.);
#2548=VECTOR('',#4240,1.);
#2549=VECTOR('',#4241,1.);
#2550=VECTOR('',#4244,1.);
#2551=VECTOR('',#4245,1.);
#2552=VECTOR('',#4248,1.);
#2553=VECTOR('',#4249,1.);
#2554=VECTOR('',#4252,1.);
#2555=VECTOR('',#4253,1.);
#2556=VECTOR('',#4254,1.);
#2557=VECTOR('',#4257,1.);
#2558=VECTOR('',#4258,1.);
#2559=VECTOR('',#4261,1.);
#2560=VECTOR('',#4262,1.);
#2561=VECTOR('',#4265,1.);
#2562=VECTOR('',#4266,1.);
#2563=VECTOR('',#4267,1.);
#2564=VECTOR('',#4270,1.);
#2565=VECTOR('',#4271,1.);
#2566=VECTOR('',#4274,1.);
#2567=VECTOR('',#4275,1.);
#2568=VECTOR('',#4278,1.);
#2569=VECTOR('',#4279,1.);
#2570=VECTOR('',#4280,1.);
#2571=VECTOR('',#4283,1.);
#2572=VECTOR('',#4284,1.);
#2573=VECTOR('',#4287,1.);
#2574=VECTOR('',#4288,1.);
#2575=VECTOR('',#4291,1.);
#2576=VECTOR('',#4292,1.);
#2577=VECTOR('',#4293,1.);
#2578=VECTOR('',#4296,1.);
#2579=VECTOR('',#4297,1.);
#2580=VECTOR('',#4300,1.);
#2581=VECTOR('',#4301,1.);
#2582=VECTOR('',#4304,1.);
#2583=VECTOR('',#4305,1.);
#2584=VECTOR('',#4306,1.);
#2585=VECTOR('',#4309,1.);
#2586=VECTOR('',#4310,1.);
#2587=VECTOR('',#4313,1.);
#2588=VECTOR('',#4314,1.);
#2589=VECTOR('',#4317,1.);
#2590=VECTOR('',#4318,1.);
#2591=VECTOR('',#4319,1.);
#2592=VECTOR('',#4322,1.);
#2593=VECTOR('',#4323,1.);
#2594=VECTOR('',#4326,1.);
#2595=VECTOR('',#4327,1.);
#2596=VECTOR('',#4330,1.);
#2597=VECTOR('',#4331,1.);
#2598=VECTOR('',#4332,1.);
#2599=VECTOR('',#4335,1.);
#2600=VECTOR('',#4336,1.);
#2601=VECTOR('',#4339,1.);
#2602=VECTOR('',#4340,1.);
#2603=VECTOR('',#4343,1.);
#2604=VECTOR('',#4344,1.);
#2605=VECTOR('',#4345,1.);
#2606=VECTOR('',#4348,1.);
#2607=VECTOR('',#4349,1.);
#2608=VECTOR('',#4352,1.);
#2609=VECTOR('',#4353,1.);
#2610=VECTOR('',#4356,1.);
#2611=VECTOR('',#4357,1.);
#2612=VECTOR('',#4358,1.);
#2613=VECTOR('',#4361,1.);
#2614=VECTOR('',#4362,1.);
#2615=VECTOR('',#4365,1.);
#2616=VECTOR('',#4366,1.);
#2617=VECTOR('',#4369,1.);
#2618=VECTOR('',#4370,1.);
#2619=VECTOR('',#4371,1.);
#2620=VECTOR('',#4374,1.);
#2621=VECTOR('',#4375,1.);
#2622=VECTOR('',#4378,1.);
#2623=VECTOR('',#4379,1.);
#2624=VECTOR('',#4382,1.);
#2625=VECTOR('',#4383,1.);
#2626=VECTOR('',#4384,1.);
#2627=VECTOR('',#4387,1.);
#2628=VECTOR('',#4388,1.);
#2629=VECTOR('',#4391,1.);
#2630=VECTOR('',#4392,1.);
#2631=VECTOR('',#4395,1.);
#2632=VECTOR('',#4396,1.);
#2633=VECTOR('',#4397,1.);
#2634=VECTOR('',#4400,1.);
#2635=VECTOR('',#4401,1.);
#2636=VECTOR('',#4404,1.);
#2637=VECTOR('',#4405,1.);
#2638=VECTOR('',#4408,1.);
#2639=VECTOR('',#4409,1.);
#2640=VECTOR('',#4410,1.);
#2641=VECTOR('',#4413,1.);
#2642=VECTOR('',#4414,1.);
#2643=VECTOR('',#4417,1.);
#2644=VECTOR('',#4418,1.);
#2645=VECTOR('',#4421,1.);
#2646=VECTOR('',#4422,1.);
#2647=VECTOR('',#4423,1.);
#2648=VECTOR('',#4426,1.);
#2649=VECTOR('',#4427,1.);
#2650=VECTOR('',#4430,1.);
#2651=VECTOR('',#4431,1.);
#2652=VECTOR('',#4434,1.);
#2653=VECTOR('',#4435,1.);
#2654=VECTOR('',#4436,1.);
#2655=VECTOR('',#4439,1.);
#2656=VECTOR('',#4440,1.);
#2657=VECTOR('',#4443,1.);
#2658=VECTOR('',#4444,1.);
#2659=VECTOR('',#4447,1.);
#2660=VECTOR('',#4448,1.);
#2661=VECTOR('',#4449,1.);
#2662=VECTOR('',#4452,1.);
#2663=VECTOR('',#4453,1.);
#2664=VECTOR('',#4456,1.);
#2665=VECTOR('',#4457,1.);
#2666=VECTOR('',#4460,1.);
#2667=VECTOR('',#4461,1.);
#2668=VECTOR('',#4462,1.);
#2669=VECTOR('',#4465,1.);
#2670=VECTOR('',#4466,1.);
#2671=VECTOR('',#4469,1.);
#2672=VECTOR('',#4470,1.);
#2673=VECTOR('',#4473,1.);
#2674=VECTOR('',#4474,1.);
#2675=VECTOR('',#4475,1.);
#2676=VECTOR('',#4478,1.);
#2677=VECTOR('',#4479,1.);
#2678=VECTOR('',#4482,1.);
#2679=VECTOR('',#4483,1.);
#2680=VECTOR('',#4486,1.);
#2681=VECTOR('',#4487,1.);
#2682=VECTOR('',#4488,1.);
#2683=VECTOR('',#4491,1.);
#2684=VECTOR('',#4492,1.);
#2685=VECTOR('',#4495,1.);
#2686=VECTOR('',#4496,1.);
#2687=VECTOR('',#4499,1.);
#2688=VECTOR('',#4500,1.);
#2689=VECTOR('',#4501,1.);
#2690=VECTOR('',#4504,1.);
#2691=VECTOR('',#4505,1.);
#2692=VECTOR('',#4508,1.);
#2693=VECTOR('',#4509,1.);
#2694=VECTOR('',#4512,1.);
#2695=VECTOR('',#4513,1.);
#2696=VECTOR('',#4514,1.);
#2697=VECTOR('',#4517,1.);
#2698=VECTOR('',#4518,1.);
#2699=VECTOR('',#4519,1.);
#2700=VECTOR('',#4522,1.);
#2701=VECTOR('',#4523,1.);
#2702=VECTOR('',#4524,1.);
#2703=VECTOR('',#4527,1.);
#2704=VECTOR('',#4528,1.);
#2705=VECTOR('',#4529,1.);
#2706=VECTOR('',#4532,1.);
#2707=VECTOR('',#4533,1.);
#2708=VECTOR('',#4534,1.);
#2709=VECTOR('',#4537,1.);
#2710=VECTOR('',#4538,1.);
#2711=VECTOR('',#4539,1.);
#2712=VECTOR('',#4542,1.);
#2713=VECTOR('',#4545,1.);
#2714=VECTOR('',#4550,1.);
#2715=VECTOR('',#4553,1.);
#2716=VECTOR('',#4556,1.);
#2717=VECTOR('',#4559,1.);
#2718=VECTOR('',#4562,1.);
#2719=VECTOR('',#4565,1.);
#2720=VECTOR('',#4568,1.);
#2721=VECTOR('',#4587,1.);
#2722=VECTOR('',#4590,1.);
#2723=VECTOR('',#4593,1.);
#2724=VECTOR('',#4596,1.);
#2725=VECTOR('',#4599,1.);
#2726=VECTOR('',#4602,1.);
#2727=VECTOR('',#4605,1.);
#2728=VECTOR('',#4608,1.);
#2729=VECTOR('',#4611,1.);
#2730=VECTOR('',#4614,1.);
#2731=VECTOR('',#4617,1.);
#2732=VECTOR('',#4620,1.);
#2733=VECTOR('',#4623,1.);
#2734=VECTOR('',#4626,1.);
#2735=VECTOR('',#4629,1.);
#2736=VECTOR('',#4630,1.);
#2737=VECTOR('',#4631,1.);
#2738=VECTOR('',#4636,1.);
#2739=VECTOR('',#4639,1.);
#2740=VECTOR('',#4674,1.);
#2741=VECTOR('',#4679,1.);
#2742=VECTOR('',#4686,1.);
#2743=VECTOR('',#4687,1.);
#2744=VECTOR('',#4690,1.);
#2745=VECTOR('',#4691,1.);
#2746=VECTOR('',#4694,1.);
#2747=VECTOR('',#4695,1.);
#2748=VECTOR('',#4698,1.);
#2749=VECTOR('',#4699,1.);
#2750=VECTOR('',#4710,1.);
#2751=VECTOR('',#4711,1.);
#2752=VECTOR('',#4714,1.);
#2753=VECTOR('',#4715,1.);
#2754=VECTOR('',#4718,1.);
#2755=VECTOR('',#4719,1.);
#2756=VECTOR('',#4722,1.);
#2757=VECTOR('',#4723,1.);
#2758=EDGE_LOOP('',(#136,#137,#138,#139));
#2759=EDGE_LOOP('',(#140,#141,#142,#143));
#2760=EDGE_LOOP('',(#144,#145,#146,#147));
#2761=EDGE_LOOP('',(#148,#149,#150,#151,#152,#153,#154,#155));
#2762=EDGE_LOOP('',(#156,#157,#158,#159,#160,#161));
#2763=EDGE_LOOP('',(#162,#163,#164,#165));
#2764=EDGE_LOOP('',(#166,#167,#168,#169));
#2765=EDGE_LOOP('',(#170,#171,#172,#173));
#2766=EDGE_LOOP('',(#174,#175,#176,#177));
#2767=EDGE_LOOP('',(#178));
#2768=EDGE_LOOP('',(#179));
#2769=EDGE_LOOP('',(#180));
#2770=EDGE_LOOP('',(#181));
#2771=EDGE_LOOP('',(#182));
#2772=EDGE_LOOP('',(#183));
#2773=EDGE_LOOP('',(#184));
#2774=EDGE_LOOP('',(#185));
#2775=EDGE_LOOP('',(#186,#187,#188,#189));
#2776=EDGE_LOOP('',(#190));
#2777=EDGE_LOOP('',(#191));
#2778=EDGE_LOOP('',(#192));
#2779=EDGE_LOOP('',(#193));
#2780=EDGE_LOOP('',(#194,#195,#196,#197,#198,#199,#200,#201,#202,#203,#204,
#205,#206,#207));
#2781=EDGE_LOOP('',(#208,#209,#210,#211,#212,#213,#214,#215,#216,#217,#218,
#219,#220,#221));
#2782=EDGE_LOOP('',(#222));
#2783=EDGE_LOOP('',(#223));
#2784=EDGE_LOOP('',(#224));
#2785=EDGE_LOOP('',(#225));
#2786=EDGE_LOOP('',(#226,#227,#228,#229,#230,#231,#232,#233,#234,#235,#236,
#237,#238,#239));
#2787=EDGE_LOOP('',(#240,#241,#242,#243));
#2788=EDGE_LOOP('',(#244,#245,#246,#247));
#2789=EDGE_LOOP('',(#248,#249,#250,#251));
#2790=EDGE_LOOP('',(#252,#253,#254,#255));
#2791=EDGE_LOOP('',(#256,#257,#258,#259));
#2792=EDGE_LOOP('',(#260,#261,#262,#263));
#2793=EDGE_LOOP('',(#264,#265,#266,#267));
#2794=EDGE_LOOP('',(#268,#269,#270,#271));
#2795=EDGE_LOOP('',(#272,#273,#274,#275));
#2796=EDGE_LOOP('',(#276,#277,#278,#279,#280,#281,#282,#283,#284,#285,#286,
#287,#288,#289,#290,#291,#292,#293,#294,#295,#296,#297,#298,#299,#300,#301,
#302,#303));
#2797=EDGE_LOOP('',(#304,#305,#306,#307));
#2798=EDGE_LOOP('',(#308,#309,#310,#311));
#2799=EDGE_LOOP('',(#312,#313,#314,#315));
#2800=EDGE_LOOP('',(#316,#317,#318,#319));
#2801=EDGE_LOOP('',(#320,#321,#322,#323));
#2802=EDGE_LOOP('',(#324,#325,#326,#327));
#2803=EDGE_LOOP('',(#328,#329,#330,#331));
#2804=EDGE_LOOP('',(#332,#333,#334,#335));
#2805=EDGE_LOOP('',(#336,#337,#338,#339));
#2806=EDGE_LOOP('',(#340,#341,#342,#343));
#2807=EDGE_LOOP('',(#344,#345,#346,#347));
#2808=EDGE_LOOP('',(#348,#349,#350,#351));
#2809=EDGE_LOOP('',(#352,#353,#354,#355));
#2810=EDGE_LOOP('',(#356,#357,#358,#359,#360,#361,#362,#363));
#2811=EDGE_LOOP('',(#364,#365,#366,#367,#368,#369,#370,#371,#372,#373,#374,
#375,#376,#377));
#2812=EDGE_LOOP('',(#378,#379,#380,#381));
#2813=EDGE_LOOP('',(#382,#383,#384,#385));
#2814=EDGE_LOOP('',(#386,#387,#388,#389));
#2815=EDGE_LOOP('',(#390,#391,#392,#393));
#2816=EDGE_LOOP('',(#394,#395,#396,#397));
#2817=EDGE_LOOP('',(#398,#399,#400,#401));
#2818=EDGE_LOOP('',(#402,#403,#404,#405));
#2819=EDGE_LOOP('',(#406,#407,#408,#409));
#2820=EDGE_LOOP('',(#410,#411,#412,#413));
#2821=EDGE_LOOP('',(#414,#415,#416,#417));
#2822=EDGE_LOOP('',(#418,#419,#420,#421));
#2823=EDGE_LOOP('',(#422,#423,#424,#425));
#2824=EDGE_LOOP('',(#426,#427,#428,#429));
#2825=EDGE_LOOP('',(#430,#431,#432,#433));
#2826=EDGE_LOOP('',(#434));
#2827=EDGE_LOOP('',(#435));
#2828=EDGE_LOOP('',(#436));
#2829=EDGE_LOOP('',(#437));
#2830=EDGE_LOOP('',(#438,#439,#440,#441));
#2831=EDGE_LOOP('',(#442,#443,#444,#445));
#2832=EDGE_LOOP('',(#446,#447,#448,#449));
#2833=EDGE_LOOP('',(#450,#451,#452,#453));
#2834=EDGE_LOOP('',(#454,#455,#456,#457));
#2835=EDGE_LOOP('',(#458,#459,#460,#461));
#2836=EDGE_LOOP('',(#462,#463,#464,#465));
#2837=EDGE_LOOP('',(#466,#467,#468,#469,#470,#471,#472,#473));
#2838=EDGE_LOOP('',(#474,#475,#476,#477,#478,#479));
#2839=EDGE_LOOP('',(#480,#481,#482,#483,#484,#485));
#2840=EDGE_LOOP('',(#486,#487,#488,#489,#490,#491));
#2841=EDGE_LOOP('',(#492,#493,#494,#495,#496,#497));
#2842=EDGE_LOOP('',(#498,#499,#500,#501,#502,#503));
#2843=EDGE_LOOP('',(#504,#505,#506,#507,#508,#509));
#2844=EDGE_LOOP('',(#510,#511,#512,#513));
#2845=EDGE_LOOP('',(#514,#515,#516,#517));
#2846=EDGE_LOOP('',(#518,#519,#520,#521));
#2847=EDGE_LOOP('',(#522,#523,#524,#525));
#2848=EDGE_LOOP('',(#526,#527,#528,#529));
#2849=EDGE_LOOP('',(#530,#531,#532,#533));
#2850=EDGE_LOOP('',(#534,#535,#536,#537));
#2851=EDGE_LOOP('',(#538,#539,#540,#541));
#2852=EDGE_LOOP('',(#542,#543,#544,#545));
#2853=EDGE_LOOP('',(#546,#547,#548,#549));
#2854=EDGE_LOOP('',(#550,#551,#552,#553));
#2855=EDGE_LOOP('',(#554,#555,#556,#557));
#2856=EDGE_LOOP('',(#558,#559,#560,#561));
#2857=EDGE_LOOP('',(#562,#563,#564,#565));
#2858=EDGE_LOOP('',(#566,#567,#568,#569));
#2859=EDGE_LOOP('',(#570,#571,#572,#573));
#2860=EDGE_LOOP('',(#574,#575,#576,#577));
#2861=EDGE_LOOP('',(#578,#579,#580,#581));
#2862=EDGE_LOOP('',(#582,#583,#584,#585));
#2863=EDGE_LOOP('',(#586,#587,#588,#589));
#2864=EDGE_LOOP('',(#590,#591,#592,#593));
#2865=EDGE_LOOP('',(#594,#595,#596,#597));
#2866=EDGE_LOOP('',(#598,#599,#600,#601));
#2867=EDGE_LOOP('',(#602,#603,#604,#605));
#2868=EDGE_LOOP('',(#606,#607,#608,#609));
#2869=EDGE_LOOP('',(#610,#611,#612,#613));
#2870=EDGE_LOOP('',(#614,#615,#616,#617));
#2871=EDGE_LOOP('',(#618,#619,#620,#621));
#2872=EDGE_LOOP('',(#622,#623,#624,#625));
#2873=EDGE_LOOP('',(#626,#627,#628,#629));
#2874=EDGE_LOOP('',(#630,#631,#632,#633));
#2875=EDGE_LOOP('',(#634,#635,#636,#637));
#2876=EDGE_LOOP('',(#638,#639,#640,#641));
#2877=EDGE_LOOP('',(#642,#643,#644,#645));
#2878=EDGE_LOOP('',(#646,#647,#648,#649));
#2879=EDGE_LOOP('',(#650,#651,#652,#653));
#2880=EDGE_LOOP('',(#654,#655,#656,#657));
#2881=EDGE_LOOP('',(#658,#659,#660,#661));
#2882=EDGE_LOOP('',(#662,#663,#664,#665));
#2883=EDGE_LOOP('',(#666,#667,#668,#669));
#2884=EDGE_LOOP('',(#670,#671,#672,#673));
#2885=EDGE_LOOP('',(#674,#675,#676,#677));
#2886=EDGE_LOOP('',(#678,#679,#680,#681));
#2887=EDGE_LOOP('',(#682,#683,#684,#685));
#2888=EDGE_LOOP('',(#686,#687,#688,#689));
#2889=EDGE_LOOP('',(#690,#691,#692,#693));
#2890=EDGE_LOOP('',(#694,#695,#696,#697));
#2891=EDGE_LOOP('',(#698,#699,#700,#701));
#2892=EDGE_LOOP('',(#702,#703,#704,#705));
#2893=EDGE_LOOP('',(#706,#707,#708,#709));
#2894=EDGE_LOOP('',(#710,#711,#712,#713));
#2895=EDGE_LOOP('',(#714,#715,#716,#717));
#2896=EDGE_LOOP('',(#718,#719,#720,#721));
#2897=EDGE_LOOP('',(#722,#723,#724,#725));
#2898=EDGE_LOOP('',(#726,#727,#728,#729));
#2899=EDGE_LOOP('',(#730,#731,#732,#733));
#2900=EDGE_LOOP('',(#734,#735,#736,#737));
#2901=EDGE_LOOP('',(#738,#739,#740,#741));
#2902=EDGE_LOOP('',(#742,#743,#744,#745));
#2903=EDGE_LOOP('',(#746,#747,#748,#749));
#2904=EDGE_LOOP('',(#750,#751,#752,#753));
#2905=EDGE_LOOP('',(#754,#755,#756,#757));
#2906=EDGE_LOOP('',(#758,#759,#760,#761));
#2907=EDGE_LOOP('',(#762,#763,#764,#765));
#2908=EDGE_LOOP('',(#766,#767,#768,#769));
#2909=EDGE_LOOP('',(#770,#771,#772,#773));
#2910=EDGE_LOOP('',(#774,#775,#776,#777));
#2911=EDGE_LOOP('',(#778,#779,#780,#781));
#2912=EDGE_LOOP('',(#782,#783,#784,#785));
#2913=EDGE_LOOP('',(#786,#787,#788,#789,#790,#791));
#2914=EDGE_LOOP('',(#792,#793,#794,#795));
#2915=EDGE_LOOP('',(#796,#797,#798,#799));
#2916=EDGE_LOOP('',(#800,#801,#802,#803));
#2917=EDGE_LOOP('',(#804,#805,#806,#807));
#2918=EDGE_LOOP('',(#808,#809,#810,#811));
#2919=EDGE_LOOP('',(#812,#813,#814,#815));
#2920=EDGE_LOOP('',(#816,#817,#818,#819));
#2921=EDGE_LOOP('',(#820));
#2922=EDGE_LOOP('',(#821));
#2923=EDGE_LOOP('',(#822));
#2924=EDGE_LOOP('',(#823));
#2925=EDGE_LOOP('',(#824));
#2926=EDGE_LOOP('',(#825));
#2927=EDGE_LOOP('',(#826));
#2928=EDGE_LOOP('',(#827));
#2929=EDGE_LOOP('',(#828,#829,#830,#831));
#2930=EDGE_LOOP('',(#832,#833,#834,#835));
#2931=EDGE_LOOP('',(#836,#837,#838,#839));
#2932=EDGE_LOOP('',(#840,#841,#842,#843));
#2933=EDGE_LOOP('',(#844,#845,#846,#847));
#2934=EDGE_LOOP('',(#848,#849,#850,#851));
#2935=EDGE_LOOP('',(#852,#853,#854,#855));
#2936=EDGE_LOOP('',(#856,#857,#858,#859));
#2937=EDGE_LOOP('',(#860,#861,#862,#863));
#2938=EDGE_LOOP('',(#864,#865,#866,#867));
#2939=EDGE_LOOP('',(#868,#869,#870,#871));
#2940=EDGE_LOOP('',(#872,#873,#874,#875));
#2941=EDGE_LOOP('',(#876,#877,#878,#879));
#2942=EDGE_LOOP('',(#880,#881,#882,#883));
#2943=EDGE_LOOP('',(#884,#885,#886,#887));
#2944=EDGE_LOOP('',(#888,#889,#890,#891,#892,#893));
#2945=EDGE_LOOP('',(#894,#895,#896,#897,#898,#899,#900,#901,#902,#903,#904,
#905,#906,#907));
#2946=EDGE_LOOP('',(#908,#909,#910,#911));
#2947=EDGE_LOOP('',(#912,#913,#914,#915));
#2948=EDGE_LOOP('',(#916,#917,#918,#919));
#2949=EDGE_LOOP('',(#920,#921,#922,#923));
#2950=EDGE_LOOP('',(#924,#925,#926,#927));
#2951=EDGE_LOOP('',(#928,#929,#930,#931));
#2952=EDGE_LOOP('',(#932,#933,#934,#935));
#2953=EDGE_LOOP('',(#936,#937,#938,#939));
#2954=EDGE_LOOP('',(#940,#941,#942,#943));
#2955=EDGE_LOOP('',(#944,#945,#946,#947));
#2956=EDGE_LOOP('',(#948,#949,#950,#951));
#2957=EDGE_LOOP('',(#952,#953,#954,#955));
#2958=EDGE_LOOP('',(#956,#957,#958,#959));
#2959=EDGE_LOOP('',(#960,#961,#962,#963));
#2960=EDGE_LOOP('',(#964));
#2961=EDGE_LOOP('',(#965));
#2962=EDGE_LOOP('',(#966));
#2963=EDGE_LOOP('',(#967));
#2964=EDGE_LOOP('',(#968,#969,#970,#971));
#2965=EDGE_LOOP('',(#972,#973,#974,#975));
#2966=EDGE_LOOP('',(#976,#977,#978,#979));
#2967=EDGE_LOOP('',(#980,#981,#982,#983));
#2968=EDGE_LOOP('',(#984,#985,#986,#987));
#2969=EDGE_LOOP('',(#988,#989,#990,#991));
#2970=EDGE_LOOP('',(#992,#993,#994,#995));
#2971=EDGE_LOOP('',(#996,#997,#998,#999));
#2972=EDGE_LOOP('',(#1000,#1001,#1002,#1003));
#2973=EDGE_LOOP('',(#1004,#1005,#1006,#1007));
#2974=EDGE_LOOP('',(#1008,#1009,#1010,#1011));
#2975=EDGE_LOOP('',(#1012,#1013,#1014,#1015));
#2976=EDGE_LOOP('',(#1016,#1017,#1018,#1019));
#2977=EDGE_LOOP('',(#1020,#1021,#1022,#1023));
#2978=EDGE_LOOP('',(#1024,#1025,#1026,#1027));
#2979=EDGE_LOOP('',(#1028,#1029,#1030,#1031));
#2980=EDGE_LOOP('',(#1032,#1033,#1034,#1035));
#2981=EDGE_LOOP('',(#1036,#1037,#1038,#1039));
#2982=EDGE_LOOP('',(#1040,#1041,#1042,#1043));
#2983=EDGE_LOOP('',(#1044,#1045,#1046,#1047));
#2984=EDGE_LOOP('',(#1048,#1049,#1050,#1051));
#2985=EDGE_LOOP('',(#1052,#1053,#1054,#1055));
#2986=EDGE_LOOP('',(#1056,#1057,#1058,#1059,#1060));
#2987=EDGE_LOOP('',(#1061,#1062,#1063,#1064,#1065));
#2988=EDGE_LOOP('',(#1066,#1067,#1068,#1069,#1070));
#2989=EDGE_LOOP('',(#1071,#1072,#1073,#1074,#1075));
#2990=EDGE_LOOP('',(#1076,#1077,#1078,#1079));
#2991=EDGE_LOOP('',(#1080,#1081,#1082,#1083));
#2992=EDGE_LOOP('',(#1084,#1085,#1086,#1087));
#2993=EDGE_LOOP('',(#1088,#1089,#1090,#1091));
#2994=EDGE_LOOP('',(#1092,#1093,#1094,#1095,#1096,#1097));
#2995=EDGE_LOOP('',(#1098,#1099,#1100,#1101,#1102,#1103));
#2996=EDGE_LOOP('',(#1104,#1105,#1106,#1107,#1108,#1109));
#2997=EDGE_LOOP('',(#1110,#1111,#1112,#1113,#1114,#1115));
#2998=FACE_BOUND('',#2758,.T.);
#2999=FACE_BOUND('',#2759,.T.);
#3000=FACE_BOUND('',#2760,.T.);
#3001=FACE_BOUND('',#2761,.T.);
#3002=FACE_BOUND('',#2762,.T.);
#3003=FACE_BOUND('',#2763,.T.);
#3004=FACE_BOUND('',#2764,.T.);
#3005=FACE_BOUND('',#2765,.T.);
#3006=FACE_BOUND('',#2766,.T.);
#3007=FACE_BOUND('',#2767,.T.);
#3008=FACE_BOUND('',#2768,.T.);
#3009=FACE_BOUND('',#2769,.T.);
#3010=FACE_BOUND('',#2770,.T.);
#3011=FACE_BOUND('',#2771,.T.);
#3012=FACE_BOUND('',#2772,.T.);
#3013=FACE_BOUND('',#2773,.T.);
#3014=FACE_BOUND('',#2774,.T.);
#3015=FACE_BOUND('',#2775,.T.);
#3016=FACE_BOUND('',#2776,.T.);
#3017=FACE_BOUND('',#2777,.T.);
#3018=FACE_BOUND('',#2778,.T.);
#3019=FACE_BOUND('',#2779,.T.);
#3020=FACE_BOUND('',#2780,.T.);
#3021=FACE_BOUND('',#2781,.T.);
#3022=FACE_BOUND('',#2782,.T.);
#3023=FACE_BOUND('',#2783,.T.);
#3024=FACE_BOUND('',#2784,.T.);
#3025=FACE_BOUND('',#2785,.T.);
#3026=FACE_BOUND('',#2786,.T.);
#3027=FACE_BOUND('',#2787,.T.);
#3028=FACE_BOUND('',#2788,.T.);
#3029=FACE_BOUND('',#2789,.T.);
#3030=FACE_BOUND('',#2790,.T.);
#3031=FACE_BOUND('',#2791,.T.);
#3032=FACE_BOUND('',#2792,.T.);
#3033=FACE_BOUND('',#2793,.T.);
#3034=FACE_BOUND('',#2794,.T.);
#3035=FACE_BOUND('',#2795,.T.);
#3036=FACE_BOUND('',#2796,.T.);
#3037=FACE_BOUND('',#2797,.T.);
#3038=FACE_BOUND('',#2798,.T.);
#3039=FACE_BOUND('',#2799,.T.);
#3040=FACE_BOUND('',#2800,.T.);
#3041=FACE_BOUND('',#2801,.T.);
#3042=FACE_BOUND('',#2802,.T.);
#3043=FACE_BOUND('',#2803,.T.);
#3044=FACE_BOUND('',#2804,.T.);
#3045=FACE_BOUND('',#2805,.T.);
#3046=FACE_BOUND('',#2806,.T.);
#3047=FACE_BOUND('',#2807,.T.);
#3048=FACE_BOUND('',#2808,.T.);
#3049=FACE_BOUND('',#2809,.T.);
#3050=FACE_BOUND('',#2810,.T.);
#3051=FACE_BOUND('',#2811,.T.);
#3052=FACE_BOUND('',#2812,.T.);
#3053=FACE_BOUND('',#2813,.T.);
#3054=FACE_BOUND('',#2814,.T.);
#3055=FACE_BOUND('',#2815,.T.);
#3056=FACE_BOUND('',#2816,.T.);
#3057=FACE_BOUND('',#2817,.T.);
#3058=FACE_BOUND('',#2818,.T.);
#3059=FACE_BOUND('',#2819,.T.);
#3060=FACE_BOUND('',#2820,.T.);
#3061=FACE_BOUND('',#2821,.T.);
#3062=FACE_BOUND('',#2822,.T.);
#3063=FACE_BOUND('',#2823,.T.);
#3064=FACE_BOUND('',#2824,.T.);
#3065=FACE_BOUND('',#2825,.T.);
#3066=FACE_BOUND('',#2826,.T.);
#3067=FACE_BOUND('',#2827,.T.);
#3068=FACE_BOUND('',#2828,.T.);
#3069=FACE_BOUND('',#2829,.T.);
#3070=FACE_BOUND('',#2830,.T.);
#3071=FACE_BOUND('',#2831,.T.);
#3072=FACE_BOUND('',#2832,.T.);
#3073=FACE_BOUND('',#2833,.T.);
#3074=FACE_BOUND('',#2834,.T.);
#3075=FACE_BOUND('',#2835,.T.);
#3076=FACE_BOUND('',#2836,.T.);
#3077=FACE_BOUND('',#2837,.T.);
#3078=FACE_BOUND('',#2838,.T.);
#3079=FACE_BOUND('',#2839,.T.);
#3080=FACE_BOUND('',#2840,.T.);
#3081=FACE_BOUND('',#2841,.T.);
#3082=FACE_BOUND('',#2842,.T.);
#3083=FACE_BOUND('',#2843,.T.);
#3084=FACE_BOUND('',#2844,.T.);
#3085=FACE_BOUND('',#2845,.T.);
#3086=FACE_BOUND('',#2846,.T.);
#3087=FACE_BOUND('',#2847,.T.);
#3088=FACE_BOUND('',#2848,.T.);
#3089=FACE_BOUND('',#2849,.T.);
#3090=FACE_BOUND('',#2850,.T.);
#3091=FACE_BOUND('',#2851,.T.);
#3092=FACE_BOUND('',#2852,.T.);
#3093=FACE_BOUND('',#2853,.T.);
#3094=FACE_BOUND('',#2854,.T.);
#3095=FACE_BOUND('',#2855,.T.);
#3096=FACE_BOUND('',#2856,.T.);
#3097=FACE_BOUND('',#2857,.T.);
#3098=FACE_BOUND('',#2858,.T.);
#3099=FACE_BOUND('',#2859,.T.);
#3100=FACE_BOUND('',#2860,.T.);
#3101=FACE_BOUND('',#2861,.T.);
#3102=FACE_BOUND('',#2862,.T.);
#3103=FACE_BOUND('',#2863,.T.);
#3104=FACE_BOUND('',#2864,.T.);
#3105=FACE_BOUND('',#2865,.T.);
#3106=FACE_BOUND('',#2866,.T.);
#3107=FACE_BOUND('',#2867,.T.);
#3108=FACE_BOUND('',#2868,.T.);
#3109=FACE_BOUND('',#2869,.T.);
#3110=FACE_BOUND('',#2870,.T.);
#3111=FACE_BOUND('',#2871,.T.);
#3112=FACE_BOUND('',#2872,.T.);
#3113=FACE_BOUND('',#2873,.T.);
#3114=FACE_BOUND('',#2874,.T.);
#3115=FACE_BOUND('',#2875,.T.);
#3116=FACE_BOUND('',#2876,.T.);
#3117=FACE_BOUND('',#2877,.T.);
#3118=FACE_BOUND('',#2878,.T.);
#3119=FACE_BOUND('',#2879,.T.);
#3120=FACE_BOUND('',#2880,.T.);
#3121=FACE_BOUND('',#2881,.T.);
#3122=FACE_BOUND('',#2882,.T.);
#3123=FACE_BOUND('',#2883,.T.);
#3124=FACE_BOUND('',#2884,.T.);
#3125=FACE_BOUND('',#2885,.T.);
#3126=FACE_BOUND('',#2886,.T.);
#3127=FACE_BOUND('',#2887,.T.);
#3128=FACE_BOUND('',#2888,.T.);
#3129=FACE_BOUND('',#2889,.T.);
#3130=FACE_BOUND('',#2890,.T.);
#3131=FACE_BOUND('',#2891,.T.);
#3132=FACE_BOUND('',#2892,.T.);
#3133=FACE_BOUND('',#2893,.T.);
#3134=FACE_BOUND('',#2894,.T.);
#3135=FACE_BOUND('',#2895,.T.);
#3136=FACE_BOUND('',#2896,.T.);
#3137=FACE_BOUND('',#2897,.T.);
#3138=FACE_BOUND('',#2898,.T.);
#3139=FACE_BOUND('',#2899,.T.);
#3140=FACE_BOUND('',#2900,.T.);
#3141=FACE_BOUND('',#2901,.T.);
#3142=FACE_BOUND('',#2902,.T.);
#3143=FACE_BOUND('',#2903,.T.);
#3144=FACE_BOUND('',#2904,.T.);
#3145=FACE_BOUND('',#2905,.T.);
#3146=FACE_BOUND('',#2906,.T.);
#3147=FACE_BOUND('',#2907,.T.);
#3148=FACE_BOUND('',#2908,.T.);
#3149=FACE_BOUND('',#2909,.T.);
#3150=FACE_BOUND('',#2910,.T.);
#3151=FACE_BOUND('',#2911,.T.);
#3152=FACE_BOUND('',#2912,.T.);
#3153=FACE_BOUND('',#2913,.T.);
#3154=FACE_BOUND('',#2914,.T.);
#3155=FACE_BOUND('',#2915,.T.);
#3156=FACE_BOUND('',#2916,.T.);
#3157=FACE_BOUND('',#2917,.T.);
#3158=FACE_BOUND('',#2918,.T.);
#3159=FACE_BOUND('',#2919,.T.);
#3160=FACE_BOUND('',#2920,.T.);
#3161=FACE_BOUND('',#2921,.T.);
#3162=FACE_BOUND('',#2922,.T.);
#3163=FACE_BOUND('',#2923,.T.);
#3164=FACE_BOUND('',#2924,.T.);
#3165=FACE_BOUND('',#2925,.T.);
#3166=FACE_BOUND('',#2926,.T.);
#3167=FACE_BOUND('',#2927,.T.);
#3168=FACE_BOUND('',#2928,.T.);
#3169=FACE_BOUND('',#2929,.T.);
#3170=FACE_BOUND('',#2930,.T.);
#3171=FACE_BOUND('',#2931,.T.);
#3172=FACE_BOUND('',#2932,.T.);
#3173=FACE_BOUND('',#2933,.T.);
#3174=FACE_BOUND('',#2934,.T.);
#3175=FACE_BOUND('',#2935,.T.);
#3176=FACE_BOUND('',#2936,.T.);
#3177=FACE_BOUND('',#2937,.T.);
#3178=FACE_BOUND('',#2938,.T.);
#3179=FACE_BOUND('',#2939,.T.);
#3180=FACE_BOUND('',#2940,.T.);
#3181=FACE_BOUND('',#2941,.T.);
#3182=FACE_BOUND('',#2942,.T.);
#3183=FACE_BOUND('',#2943,.T.);
#3184=FACE_BOUND('',#2944,.T.);
#3185=FACE_BOUND('',#2945,.T.);
#3186=FACE_BOUND('',#2946,.T.);
#3187=FACE_BOUND('',#2947,.T.);
#3188=FACE_BOUND('',#2948,.T.);
#3189=FACE_BOUND('',#2949,.T.);
#3190=FACE_BOUND('',#2950,.T.);
#3191=FACE_BOUND('',#2951,.T.);
#3192=FACE_BOUND('',#2952,.T.);
#3193=FACE_BOUND('',#2953,.T.);
#3194=FACE_BOUND('',#2954,.T.);
#3195=FACE_BOUND('',#2955,.T.);
#3196=FACE_BOUND('',#2956,.T.);
#3197=FACE_BOUND('',#2957,.T.);
#3198=FACE_BOUND('',#2958,.T.);
#3199=FACE_BOUND('',#2959,.T.);
#3200=FACE_BOUND('',#2960,.T.);
#3201=FACE_BOUND('',#2961,.T.);
#3202=FACE_BOUND('',#2962,.T.);
#3203=FACE_BOUND('',#2963,.T.);
#3204=FACE_BOUND('',#2964,.T.);
#3205=FACE_BOUND('',#2965,.T.);
#3206=FACE_BOUND('',#2966,.T.);
#3207=FACE_BOUND('',#2967,.T.);
#3208=FACE_BOUND('',#2968,.T.);
#3209=FACE_BOUND('',#2969,.T.);
#3210=FACE_BOUND('',#2970,.T.);
#3211=FACE_BOUND('',#2971,.T.);
#3212=FACE_BOUND('',#2972,.T.);
#3213=FACE_BOUND('',#2973,.T.);
#3214=FACE_BOUND('',#2974,.T.);
#3215=FACE_BOUND('',#2975,.T.);
#3216=FACE_BOUND('',#2976,.T.);
#3217=FACE_BOUND('',#2977,.T.);
#3218=FACE_BOUND('',#2978,.T.);
#3219=FACE_BOUND('',#2979,.T.);
#3220=FACE_BOUND('',#2980,.T.);
#3221=FACE_BOUND('',#2981,.T.);
#3222=FACE_BOUND('',#2982,.T.);
#3223=FACE_BOUND('',#2983,.T.);
#3224=FACE_BOUND('',#2984,.T.);
#3225=FACE_BOUND('',#2985,.T.);
#3226=FACE_BOUND('',#2986,.T.);
#3227=FACE_BOUND('',#2987,.T.);
#3228=FACE_BOUND('',#2988,.T.);
#3229=FACE_BOUND('',#2989,.T.);
#3230=FACE_BOUND('',#2990,.T.);
#3231=FACE_BOUND('',#2991,.T.);
#3232=FACE_BOUND('',#2992,.T.);
#3233=FACE_BOUND('',#2993,.T.);
#3234=FACE_BOUND('',#2994,.T.);
#3235=FACE_BOUND('',#2995,.T.);
#3236=FACE_BOUND('',#2996,.T.);
#3237=FACE_BOUND('',#2997,.T.);
#3238=PLANE('',#3569);
#3239=PLANE('',#3570);
#3240=PLANE('',#3571);
#3241=PLANE('',#3572);
#3242=PLANE('',#3577);
#3243=PLANE('',#3578);
#3244=PLANE('',#3579);
#3245=PLANE('',#3580);
#3246=PLANE('',#3593);
#3247=PLANE('',#3594);
#3248=PLANE('',#3595);
#3249=PLANE('',#3603);
#3250=PLANE('',#3608);
#3251=PLANE('',#3609);
#3252=PLANE('',#3610);
#3253=PLANE('',#3611);
#3254=PLANE('',#3612);
#3255=PLANE('',#3613);
#3256=PLANE('',#3614);
#3257=PLANE('',#3615);
#3258=PLANE('',#3616);
#3259=PLANE('',#3617);
#3260=PLANE('',#3634);
#3261=PLANE('',#3635);
#3262=PLANE('',#3639);
#3263=PLANE('',#3659);
#3264=PLANE('',#3662);
#3265=PLANE('',#3665);
#3266=PLANE('',#3668);
#3267=PLANE('',#3671);
#3268=PLANE('',#3674);
#3269=PLANE('',#3677);
#3270=PLANE('',#3678);
#3271=PLANE('',#3679);
#3272=PLANE('',#3680);
#3273=PLANE('',#3681);
#3274=PLANE('',#3682);
#3275=PLANE('',#3683);
#3276=PLANE('',#3684);
#3277=PLANE('',#3685);
#3278=PLANE('',#3686);
#3279=PLANE('',#3687);
#3280=PLANE('',#3688);
#3281=PLANE('',#3689);
#3282=PLANE('',#3690);
#3283=PLANE('',#3691);
#3284=PLANE('',#3692);
#3285=PLANE('',#3693);
#3286=PLANE('',#3694);
#3287=PLANE('',#3695);
#3288=PLANE('',#3696);
#3289=PLANE('',#3697);
#3290=PLANE('',#3698);
#3291=PLANE('',#3699);
#3292=PLANE('',#3700);
#3293=PLANE('',#3701);
#3294=PLANE('',#3702);
#3295=PLANE('',#3703);
#3296=PLANE('',#3704);
#3297=PLANE('',#3705);
#3298=PLANE('',#3706);
#3299=PLANE('',#3707);
#3300=PLANE('',#3708);
#3301=PLANE('',#3709);
#3302=PLANE('',#3710);
#3303=PLANE('',#3711);
#3304=PLANE('',#3712);
#3305=PLANE('',#3713);
#3306=PLANE('',#3714);
#3307=PLANE('',#3715);
#3308=PLANE('',#3716);
#3309=PLANE('',#3717);
#3310=PLANE('',#3718);
#3311=PLANE('',#3719);
#3312=PLANE('',#3720);
#3313=PLANE('',#3721);
#3314=PLANE('',#3722);
#3315=PLANE('',#3723);
#3316=PLANE('',#3724);
#3317=PLANE('',#3725);
#3318=PLANE('',#3726);
#3319=PLANE('',#3727);
#3320=PLANE('',#3728);
#3321=PLANE('',#3729);
#3322=PLANE('',#3730);
#3323=PLANE('',#3731);
#3324=PLANE('',#3732);
#3325=PLANE('',#3733);
#3326=PLANE('',#3734);
#3327=PLANE('',#3735);
#3328=PLANE('',#3736);
#3329=PLANE('',#3737);
#3330=PLANE('',#3738);
#3331=PLANE('',#3739);
#3332=PLANE('',#3740);
#3333=PLANE('',#3741);
#3334=PLANE('',#3742);
#3335=PLANE('',#3743);
#3336=PLANE('',#3744);
#3337=PLANE('',#3745);
#3338=PLANE('',#3746);
#3339=PLANE('',#3749);
#3340=PLANE('',#3750);
#3341=PLANE('',#3751);
#3342=PLANE('',#3752);
#3343=PLANE('',#3753);
#3344=PLANE('',#3754);
#3345=PLANE('',#3755);
#3346=PLANE('',#3764);
#3347=PLANE('',#3765);
#3348=PLANE('',#3766);
#3349=PLANE('',#3767);
#3350=PLANE('',#3768);
#3351=PLANE('',#3769);
#3352=PLANE('',#3770);
#3353=PLANE('',#3771);
#3354=PLANE('',#3772);
#3355=PLANE('',#3773);
#3356=PLANE('',#3774);
#3357=PLANE('',#3775);
#3358=PLANE('',#3776);
#3359=PLANE('',#3777);
#3360=PLANE('',#3778);
#3361=PLANE('',#3779);
#3362=PLANE('',#3782);
#3363=PLANE('',#3797);
#3364=PLANE('',#3800);
#3365=PLANE('',#3803);
#3366=PLANE('',#3804);
#3367=PLANE('',#3805);
#3368=PLANE('',#3806);
#3369=PLANE('',#3811);
#3370=PLANE('',#3812);
#3371=PLANE('',#3813);
#3372=PLANE('',#3814);
#3373=ADVANCED_FACE('',(#2998),#3238,.T.);
#3374=ADVANCED_FACE('',(#2999),#3239,.F.);
#3375=ADVANCED_FACE('',(#3000),#3240,.F.);
#3376=ADVANCED_FACE('',(#3001,#3002),#3241,.F.);
#3377=ADVANCED_FACE('',(#3003),#3242,.T.);
#3378=ADVANCED_FACE('',(#3004),#3243,.F.);
#3379=ADVANCED_FACE('',(#3005),#3244,.F.);
#3380=ADVANCED_FACE('',(#3006),#3245,.F.);
#3381=ADVANCED_FACE('',(#3007,#3008),#50,.F.);
#3382=ADVANCED_FACE('',(#3009,#3010),#51,.F.);
#3383=ADVANCED_FACE('',(#3011,#3012),#52,.F.);
#3384=ADVANCED_FACE('',(#3013,#3014),#53,.F.);
#3385=ADVANCED_FACE('',(#3015),#3246,.F.);
#3386=ADVANCED_FACE('',(#3016,#3017,#3018,#3019,#3020),#3247,.F.);
#3387=ADVANCED_FACE('',(#3021,#3022,#3023,#3024,#3025),#3248,.T.);
#3388=ADVANCED_FACE('',(#3026),#3249,.T.);
#3389=ADVANCED_FACE('',(#3027),#3250,.T.);
#3390=ADVANCED_FACE('',(#3028),#3251,.T.);
#3391=ADVANCED_FACE('',(#3029),#3252,.T.);
#3392=ADVANCED_FACE('',(#3030),#3253,.T.);
#3393=ADVANCED_FACE('',(#3031),#3254,.T.);
#3394=ADVANCED_FACE('',(#3032),#3255,.T.);
#3395=ADVANCED_FACE('',(#3033),#3256,.T.);
#3396=ADVANCED_FACE('',(#3034),#3257,.T.);
#3397=ADVANCED_FACE('',(#3035),#3258,.T.);
#3398=ADVANCED_FACE('',(#3036),#3259,.F.);
#3399=ADVANCED_FACE('',(#3037),#54,.T.);
#3400=ADVANCED_FACE('',(#3038),#55,.T.);
#3401=ADVANCED_FACE('',(#3039),#56,.T.);
#3402=ADVANCED_FACE('',(#3040),#57,.T.);
#3403=ADVANCED_FACE('',(#3041),#58,.T.);
#3404=ADVANCED_FACE('',(#3042),#59,.T.);
#3405=ADVANCED_FACE('',(#3043),#60,.T.);
#3406=ADVANCED_FACE('',(#3044),#61,.F.);
#3407=ADVANCED_FACE('',(#3045),#62,.F.);
#3408=ADVANCED_FACE('',(#3046),#3260,.T.);
#3409=ADVANCED_FACE('',(#3047),#3261,.F.);
#3410=ADVANCED_FACE('',(#3048),#63,.F.);
#3411=ADVANCED_FACE('',(#3049),#64,.F.);
#3412=ADVANCED_FACE('',(#3050,#3051,#3052,#3053,#3054,#3055,#3056,#3057,
#3058,#3059,#3060,#3061,#3062,#3063,#3064,#3065,#3066,#3067,#3068,#3069,
#3070,#3071,#3072,#3073,#3074,#3075,#3076,#3077),#3262,.F.);
#3413=ADVANCED_FACE('',(#3078),#3263,.F.);
#3414=ADVANCED_FACE('',(#3079),#3264,.F.);
#3415=ADVANCED_FACE('',(#3080),#3265,.F.);
#3416=ADVANCED_FACE('',(#3081),#3266,.F.);
#3417=ADVANCED_FACE('',(#3082),#3267,.F.);
#3418=ADVANCED_FACE('',(#3083),#3268,.F.);
#3419=ADVANCED_FACE('',(#3084),#3269,.F.);
#3420=ADVANCED_FACE('',(#3085),#3270,.F.);
#3421=ADVANCED_FACE('',(#3086),#3271,.F.);
#3422=ADVANCED_FACE('',(#3087),#3272,.F.);
#3423=ADVANCED_FACE('',(#3088),#3273,.F.);
#3424=ADVANCED_FACE('',(#3089),#3274,.F.);
#3425=ADVANCED_FACE('',(#3090),#3275,.F.);
#3426=ADVANCED_FACE('',(#3091),#3276,.F.);
#3427=ADVANCED_FACE('',(#3092),#3277,.F.);
#3428=ADVANCED_FACE('',(#3093),#3278,.F.);
#3429=ADVANCED_FACE('',(#3094),#3279,.F.);
#3430=ADVANCED_FACE('',(#3095),#3280,.F.);
#3431=ADVANCED_FACE('',(#3096),#3281,.F.);
#3432=ADVANCED_FACE('',(#3097),#3282,.F.);
#3433=ADVANCED_FACE('',(#3098),#3283,.F.);
#3434=ADVANCED_FACE('',(#3099),#3284,.F.);
#3435=ADVANCED_FACE('',(#3100),#3285,.F.);
#3436=ADVANCED_FACE('',(#3101),#3286,.F.);
#3437=ADVANCED_FACE('',(#3102),#3287,.T.);
#3438=ADVANCED_FACE('',(#3103),#3288,.F.);
#3439=ADVANCED_FACE('',(#3104),#3289,.F.);
#3440=ADVANCED_FACE('',(#3105),#3290,.T.);
#3441=ADVANCED_FACE('',(#3106),#3291,.T.);
#3442=ADVANCED_FACE('',(#3107),#3292,.T.);
#3443=ADVANCED_FACE('',(#3108),#3293,.T.);
#3444=ADVANCED_FACE('',(#3109),#3294,.T.);
#3445=ADVANCED_FACE('',(#3110),#3295,.T.);
#3446=ADVANCED_FACE('',(#3111),#3296,.T.);
#3447=ADVANCED_FACE('',(#3112),#3297,.T.);
#3448=ADVANCED_FACE('',(#3113),#3298,.T.);
#3449=ADVANCED_FACE('',(#3114),#3299,.T.);
#3450=ADVANCED_FACE('',(#3115),#3300,.T.);
#3451=ADVANCED_FACE('',(#3116),#3301,.T.);
#3452=ADVANCED_FACE('',(#3117),#3302,.T.);
#3453=ADVANCED_FACE('',(#3118),#3303,.T.);
#3454=ADVANCED_FACE('',(#3119),#3304,.T.);
#3455=ADVANCED_FACE('',(#3120),#3305,.T.);
#3456=ADVANCED_FACE('',(#3121),#3306,.T.);
#3457=ADVANCED_FACE('',(#3122),#3307,.T.);
#3458=ADVANCED_FACE('',(#3123),#3308,.T.);
#3459=ADVANCED_FACE('',(#3124),#3309,.T.);
#3460=ADVANCED_FACE('',(#3125),#3310,.T.);
#3461=ADVANCED_FACE('',(#3126),#3311,.T.);
#3462=ADVANCED_FACE('',(#3127),#3312,.T.);
#3463=ADVANCED_FACE('',(#3128),#3313,.T.);
#3464=ADVANCED_FACE('',(#3129),#3314,.T.);
#3465=ADVANCED_FACE('',(#3130),#3315,.F.);
#3466=ADVANCED_FACE('',(#3131),#3316,.T.);
#3467=ADVANCED_FACE('',(#3132),#3317,.T.);
#3468=ADVANCED_FACE('',(#3133),#3318,.T.);
#3469=ADVANCED_FACE('',(#3134),#3319,.T.);
#3470=ADVANCED_FACE('',(#3135),#3320,.T.);
#3471=ADVANCED_FACE('',(#3136),#3321,.T.);
#3472=ADVANCED_FACE('',(#3137),#3322,.T.);
#3473=ADVANCED_FACE('',(#3138),#3323,.T.);
#3474=ADVANCED_FACE('',(#3139),#3324,.T.);
#3475=ADVANCED_FACE('',(#3140),#3325,.T.);
#3476=ADVANCED_FACE('',(#3141),#3326,.T.);
#3477=ADVANCED_FACE('',(#3142),#3327,.T.);
#3478=ADVANCED_FACE('',(#3143),#3328,.T.);
#3479=ADVANCED_FACE('',(#3144),#3329,.T.);
#3480=ADVANCED_FACE('',(#3145),#3330,.T.);
#3481=ADVANCED_FACE('',(#3146),#3331,.T.);
#3482=ADVANCED_FACE('',(#3147),#3332,.T.);
#3483=ADVANCED_FACE('',(#3148),#3333,.T.);
#3484=ADVANCED_FACE('',(#3149),#3334,.F.);
#3485=ADVANCED_FACE('',(#3150),#3335,.T.);
#3486=ADVANCED_FACE('',(#3151),#3336,.T.);
#3487=ADVANCED_FACE('',(#3152),#3337,.T.);
#3488=ADVANCED_FACE('',(#3153),#3338,.T.);
#3489=ADVANCED_FACE('',(#3154),#3339,.F.);
#3490=ADVANCED_FACE('',(#3155),#3340,.F.);
#3491=ADVANCED_FACE('',(#3156),#3341,.F.);
#3492=ADVANCED_FACE('',(#3157),#3342,.F.);
#3493=ADVANCED_FACE('',(#3158),#3343,.F.);
#3494=ADVANCED_FACE('',(#3159),#3344,.F.);
#3495=ADVANCED_FACE('',(#3160),#3345,.T.);
#3496=ADVANCED_FACE('',(#3161,#3162),#65,.F.);
#3497=ADVANCED_FACE('',(#3163,#3164),#66,.F.);
#3498=ADVANCED_FACE('',(#3165,#3166),#67,.F.);
#3499=ADVANCED_FACE('',(#3167,#3168),#68,.F.);
#3500=ADVANCED_FACE('',(#3169),#3346,.T.);
#3501=ADVANCED_FACE('',(#3170),#3347,.T.);
#3502=ADVANCED_FACE('',(#3171),#3348,.T.);
#3503=ADVANCED_FACE('',(#3172),#3349,.T.);
#3504=ADVANCED_FACE('',(#3173),#3350,.T.);
#3505=ADVANCED_FACE('',(#3174),#3351,.T.);
#3506=ADVANCED_FACE('',(#3175),#3352,.T.);
#3507=ADVANCED_FACE('',(#3176),#3353,.T.);
#3508=ADVANCED_FACE('',(#3177),#3354,.T.);
#3509=ADVANCED_FACE('',(#3178),#3355,.T.);
#3510=ADVANCED_FACE('',(#3179),#3356,.T.);
#3511=ADVANCED_FACE('',(#3180),#3357,.T.);
#3512=ADVANCED_FACE('',(#3181),#3358,.T.);
#3513=ADVANCED_FACE('',(#3182),#3359,.T.);
#3514=ADVANCED_FACE('',(#3183),#3360,.T.);
#3515=ADVANCED_FACE('',(#3184),#3361,.F.);
#3516=ADVANCED_FACE('',(#3185,#3186,#3187,#3188,#3189,#3190,#3191,#3192,
#3193,#3194,#3195,#3196,#3197,#3198,#3199,#3200,#3201,#3202,#3203,#3204,
#3205,#3206,#3207,#3208,#3209,#3210,#3211,#3212),#3362,.T.);
#3517=ADVANCED_FACE('',(#3213),#69,.T.);
#3518=ADVANCED_FACE('',(#3214),#70,.T.);
#3519=ADVANCED_FACE('',(#3215),#71,.T.);
#3520=ADVANCED_FACE('',(#3216),#72,.T.);
#3521=ADVANCED_FACE('',(#3217),#73,.T.);
#3522=ADVANCED_FACE('',(#3218),#74,.T.);
#3523=ADVANCED_FACE('',(#3219),#75,.T.);
#3524=ADVANCED_FACE('',(#3220),#3363,.T.);
#3525=ADVANCED_FACE('',(#3221),#3364,.F.);
#3526=ADVANCED_FACE('',(#3222),#3365,.T.);
#3527=ADVANCED_FACE('',(#3223),#3366,.F.);
#3528=ADVANCED_FACE('',(#3224),#3367,.T.);
#3529=ADVANCED_FACE('',(#3225),#3368,.F.);
#3530=ADVANCED_FACE('',(#3226),#76,.F.);
#3531=ADVANCED_FACE('',(#3227),#77,.F.);
#3532=ADVANCED_FACE('',(#3228),#78,.F.);
#3533=ADVANCED_FACE('',(#3229),#79,.F.);
#3534=ADVANCED_FACE('',(#3230),#3369,.F.);
#3535=ADVANCED_FACE('',(#3231),#3370,.F.);
#3536=ADVANCED_FACE('',(#3232),#3371,.F.);
#3537=ADVANCED_FACE('',(#3233),#3372,.T.);
#3538=ADVANCED_FACE('',(#3234),#80,.F.);
#3539=ADVANCED_FACE('',(#3235),#81,.F.);
#3540=ADVANCED_FACE('',(#3236),#82,.F.);
#3541=ADVANCED_FACE('',(#3237),#83,.F.);
#3542=CLOSED_SHELL('',(#3373,#3374,#3375,#3376,#3377,#3378,#3379,#3380,
#3381,#3382,#3383,#3384,#3385,#3386,#3387,#3388,#3389,#3390,#3391,#3392,
#3393,#3394,#3395,#3396,#3397,#3398,#3399,#3400,#3401,#3402,#3403,#3404,
#3405,#3406,#3407,#3408,#3409,#3410,#3411));
#3543=CLOSED_SHELL('',(#3412,#3413,#3414,#3415,#3416,#3417,#3418,#3419,
#3420,#3421,#3422,#3423,#3424,#3425,#3426,#3427,#3428,#3429,#3430,#3431,
#3432,#3433,#3434,#3435,#3436,#3437,#3438,#3439,#3440,#3441,#3442,#3443,
#3444,#3445,#3446,#3447,#3448,#3449,#3450,#3451,#3452,#3453,#3454,#3455,
#3456,#3457,#3458,#3459,#3460,#3461,#3462,#3463,#3464,#3465,#3466,#3467,
#3468,#3469,#3470,#3471,#3472,#3473,#3474,#3475,#3476,#3477,#3478,#3479,
#3480,#3481,#3482,#3483,#3484,#3485,#3486,#3487,#3488,#3489,#3490,#3491,
#3492,#3493,#3494,#3495,#3496,#3497,#3498,#3499,#3500,#3501,#3502,#3503,
#3504,#3505,#3506,#3507,#3508,#3509,#3510,#3511,#3512,#3513,#3514,#3515,
#3516,#3517,#3518,#3519,#3520,#3521,#3522,#3523,#3524,#3525,#3526,#3527,
#3528,#3529,#3530,#3531,#3532,#3533,#3534,#3535,#3536,#3537,#3538,#3539,
#3540,#3541));
#3544=STYLED_ITEM('',(#3546),#3560);
#3545=STYLED_ITEM('',(#3547),#3561);
#3546=PRESENTATION_STYLE_ASSIGNMENT((#3548));
#3547=PRESENTATION_STYLE_ASSIGNMENT((#3549));
#3548=SURFACE_STYLE_USAGE(.BOTH.,#3550);
#3549=SURFACE_STYLE_USAGE(.BOTH.,#3551);
#3550=SURFACE_SIDE_STYLE('',(#3552));
#3551=SURFACE_SIDE_STYLE('',(#3553));
#3552=SURFACE_STYLE_FILL_AREA(#3554);
#3553=SURFACE_STYLE_FILL_AREA(#3555);
#3554=FILL_AREA_STYLE('',(#3556));
#3555=FILL_AREA_STYLE('',(#3557));
#3556=FILL_AREA_STYLE_COLOUR('',#3558);
#3557=FILL_AREA_STYLE_COLOUR('',#3559);
#3558=COLOUR_RGB('',0.615686274509804,0.811764705882353,0.929411764705882);
#3559=COLOUR_RGB('',0.901960784313726,0.901960784313726,0.901960784313726);
#3560=MANIFOLD_SOLID_BREP('Part 1',#3542);
#3561=MANIFOLD_SOLID_BREP('Part 1',#3543);
#3562=SHAPE_DEFINITION_REPRESENTATION(#5738,#3565);
#3563=SHAPE_DEFINITION_REPRESENTATION(#5739,#3566);
#3564=SHAPE_DEFINITION_REPRESENTATION(#5741,#3567);
#3565=SHAPE_REPRESENTATION('RightAssembly',(#3568,#3638,#3819),#5729);
#3566=SHAPE_REPRESENTATION('Part 1',(#3568),#5730);
#3567=SHAPE_REPRESENTATION('Part 1',(#3568),#5731);
#3568=AXIS2_PLACEMENT_3D('',#4734,#3820,#3821);
#3569=AXIS2_PLACEMENT_3D('',#4735,#3822,#3823);
#3570=AXIS2_PLACEMENT_3D('',#4744,#3828,#3829);
#3571=AXIS2_PLACEMENT_3D('',#4753,#3834,#3835);
#3572=AXIS2_PLACEMENT_3D('',#4762,#3840,#3841);
#3573=AXIS2_PLACEMENT_3D('',#4763,#3842,#3843);
#3574=AXIS2_PLACEMENT_3D('',#4767,#3845,#3846);
#3575=AXIS2_PLACEMENT_3D('',#4768,#3847,#3848);
#3576=AXIS2_PLACEMENT_3D('',#4772,#3850,#3851);
#3577=AXIS2_PLACEMENT_3D('',#4785,#3858,#3859);
#3578=AXIS2_PLACEMENT_3D('',#4794,#3864,#3865);
#3579=AXIS2_PLACEMENT_3D('',#4803,#3870,#3871);
#3580=AXIS2_PLACEMENT_3D('',#4812,#3876,#3877);
#3581=AXIS2_PLACEMENT_3D('',#4821,#3882,#3883);
#3582=AXIS2_PLACEMENT_3D('',#4822,#3884,#3885);
#3583=AXIS2_PLACEMENT_3D('',#4824,#3886,#3887);
#3584=AXIS2_PLACEMENT_3D('',#4826,#3888,#3889);
#3585=AXIS2_PLACEMENT_3D('',#4827,#3890,#3891);
#3586=AXIS2_PLACEMENT_3D('',#4829,#3892,#3893);
#3587=AXIS2_PLACEMENT_3D('',#4831,#3894,#3895);
#3588=AXIS2_PLACEMENT_3D('',#4832,#3896,#3897);
#3589=AXIS2_PLACEMENT_3D('',#4834,#3898,#3899);
#3590=AXIS2_PLACEMENT_3D('',#4836,#3900,#3901);
#3591=AXIS2_PLACEMENT_3D('',#4837,#3902,#3903);
#3592=AXIS2_PLACEMENT_3D('',#4839,#3904,#3905);
#3593=AXIS2_PLACEMENT_3D('',#4841,#3906,#3907);
#3594=AXIS2_PLACEMENT_3D('',#4850,#3912,#3913);
#3595=AXIS2_PLACEMENT_3D('',#4876,#3927,#3928);
#3596=AXIS2_PLACEMENT_3D('',#4877,#3929,#3930);
#3597=AXIS2_PLACEMENT_3D('',#4878,#3931,#3932);
#3598=AXIS2_PLACEMENT_3D('',#4879,#3933,#3934);
#3599=AXIS2_PLACEMENT_3D('',#4880,#3935,#3936);
#3600=AXIS2_PLACEMENT_3D('',#4881,#3937,#3938);
#3601=AXIS2_PLACEMENT_3D('',#4882,#3939,#3940);
#3602=AXIS2_PLACEMENT_3D('',#4883,#3941,#3942);
#3603=AXIS2_PLACEMENT_3D('',#4884,#3943,#3944);
#3604=AXIS2_PLACEMENT_3D('',#4885,#3945,#3946);
#3605=AXIS2_PLACEMENT_3D('',#4886,#3947,#3948);
#3606=AXIS2_PLACEMENT_3D('',#4890,#3950,#3951);
#3607=AXIS2_PLACEMENT_3D('',#4891,#3952,#3953);
#3608=AXIS2_PLACEMENT_3D('',#4901,#3959,#3960);
#3609=AXIS2_PLACEMENT_3D('',#4905,#3963,#3964);
#3610=AXIS2_PLACEMENT_3D('',#4909,#3967,#3968);
#3611=AXIS2_PLACEMENT_3D('',#4913,#3971,#3972);
#3612=AXIS2_PLACEMENT_3D('',#4917,#3975,#3976);
#3613=AXIS2_PLACEMENT_3D('',#4921,#3979,#3980);
#3614=AXIS2_PLACEMENT_3D('',#4925,#3983,#3984);
#3615=AXIS2_PLACEMENT_3D('',#4929,#3987,#3988);
#3616=AXIS2_PLACEMENT_3D('',#4933,#3991,#3992);
#3617=AXIS2_PLACEMENT_3D('',#4935,#3994,#3995);
#3618=AXIS2_PLACEMENT_3D('',#4936,#3996,#3997);
#3619=AXIS2_PLACEMENT_3D('',#4937,#3998,#3999);
#3620=AXIS2_PLACEMENT_3D('',#4938,#4000,#4001);
#3621=AXIS2_PLACEMENT_3D('',#4939,#4002,#4003);
#3622=AXIS2_PLACEMENT_3D('',#4940,#4004,#4005);
#3623=AXIS2_PLACEMENT_3D('',#4941,#4006,#4007);
#3624=AXIS2_PLACEMENT_3D('',#4944,#4010,#4011);
#3625=AXIS2_PLACEMENT_3D('',#4945,#4012,#4013);
#3626=AXIS2_PLACEMENT_3D('',#4946,#4014,#4015);
#3627=AXIS2_PLACEMENT_3D('',#4947,#4016,#4017);
#3628=AXIS2_PLACEMENT_3D('',#4948,#4018,#4019);
#3629=AXIS2_PLACEMENT_3D('',#4949,#4020,#4021);
#3630=AXIS2_PLACEMENT_3D('',#4950,#4022,#4023);
#3631=AXIS2_PLACEMENT_3D('',#4951,#4024,#4025);
#3632=AXIS2_PLACEMENT_3D('',#4952,#4026,#4027);
#3633=AXIS2_PLACEMENT_3D('',#4953,#4028,#4029);
#3634=AXIS2_PLACEMENT_3D('',#4954,#4030,#4031);
#3635=AXIS2_PLACEMENT_3D('',#4957,#4034,#4035);
#3636=AXIS2_PLACEMENT_3D('',#4958,#4036,#4037);
#3637=AXIS2_PLACEMENT_3D('',#4959,#4038,#4039);
#3638=AXIS2_PLACEMENT_3D('',#4960,#4040,#4041);
#3639=AXIS2_PLACEMENT_3D('',#4961,#4042,#4043);
#3640=AXIS2_PLACEMENT_3D('',#4965,#4045,#4046);
#3641=AXIS2_PLACEMENT_3D('',#4969,#4048,#4049);
#3642=AXIS2_PLACEMENT_3D('',#4973,#4051,#4052);
#3643=AXIS2_PLACEMENT_3D('',#4977,#4054,#4055);
#3644=AXIS2_PLACEMENT_3D('',#4981,#4057,#4058);
#3645=AXIS2_PLACEMENT_3D('',#4985,#4060,#4061);
#3646=AXIS2_PLACEMENT_3D('',#4989,#4063,#4064);
#3647=AXIS2_PLACEMENT_3D('',#4993,#4066,#4067);
#3648=AXIS2_PLACEMENT_3D('',#4997,#4069,#4070);
#3649=AXIS2_PLACEMENT_3D('',#5001,#4072,#4073);
#3650=AXIS2_PLACEMENT_3D('',#5005,#4075,#4076);
#3651=AXIS2_PLACEMENT_3D('',#5118,#4133,#4134);
#3652=AXIS2_PLACEMENT_3D('',#5120,#4135,#4136);
#3653=AXIS2_PLACEMENT_3D('',#5122,#4137,#4138);
#3654=AXIS2_PLACEMENT_3D('',#5124,#4139,#4140);
#3655=AXIS2_PLACEMENT_3D('',#5185,#4170,#4171);
#3656=AXIS2_PLACEMENT_3D('',#5189,#4173,#4174);
#3657=AXIS2_PLACEMENT_3D('',#5193,#4176,#4177);
#3658=AXIS2_PLACEMENT_3D('',#5197,#4179,#4180);
#3659=AXIS2_PLACEMENT_3D('',#5198,#4181,#4182);
#3660=AXIS2_PLACEMENT_3D('',#5202,#4184,#4185);
#3661=AXIS2_PLACEMENT_3D('',#5206,#4187,#4188);
#3662=AXIS2_PLACEMENT_3D('',#5211,#4191,#4192);
#3663=AXIS2_PLACEMENT_3D('',#5212,#4193,#4194);
#3664=AXIS2_PLACEMENT_3D('',#5216,#4196,#4197);
#3665=AXIS2_PLACEMENT_3D('',#5221,#4200,#4201);
#3666=AXIS2_PLACEMENT_3D('',#5222,#4202,#4203);
#3667=AXIS2_PLACEMENT_3D('',#5226,#4205,#4206);
#3668=AXIS2_PLACEMENT_3D('',#5231,#4209,#4210);
#3669=AXIS2_PLACEMENT_3D('',#5235,#4212,#4213);
#3670=AXIS2_PLACEMENT_3D('',#5239,#4215,#4216);
#3671=AXIS2_PLACEMENT_3D('',#5244,#4219,#4220);
#3672=AXIS2_PLACEMENT_3D('',#5245,#4221,#4222);
#3673=AXIS2_PLACEMENT_3D('',#5249,#4224,#4225);
#3674=AXIS2_PLACEMENT_3D('',#5254,#4228,#4229);
#3675=AXIS2_PLACEMENT_3D('',#5255,#4230,#4231);
#3676=AXIS2_PLACEMENT_3D('',#5259,#4233,#4234);
#3677=AXIS2_PLACEMENT_3D('',#5264,#4237,#4238);
#3678=AXIS2_PLACEMENT_3D('',#5270,#4242,#4243);
#3679=AXIS2_PLACEMENT_3D('',#5274,#4246,#4247);
#3680=AXIS2_PLACEMENT_3D('',#5278,#4250,#4251);
#3681=AXIS2_PLACEMENT_3D('',#5284,#4255,#4256);
#3682=AXIS2_PLACEMENT_3D('',#5288,#4259,#4260);
#3683=AXIS2_PLACEMENT_3D('',#5292,#4263,#4264);
#3684=AXIS2_PLACEMENT_3D('',#5298,#4268,#4269);
#3685=AXIS2_PLACEMENT_3D('',#5302,#4272,#4273);
#3686=AXIS2_PLACEMENT_3D('',#5306,#4276,#4277);
#3687=AXIS2_PLACEMENT_3D('',#5312,#4281,#4282);
#3688=AXIS2_PLACEMENT_3D('',#5316,#4285,#4286);
#3689=AXIS2_PLACEMENT_3D('',#5320,#4289,#4290);
#3690=AXIS2_PLACEMENT_3D('',#5326,#4294,#4295);
#3691=AXIS2_PLACEMENT_3D('',#5330,#4298,#4299);
#3692=AXIS2_PLACEMENT_3D('',#5334,#4302,#4303);
#3693=AXIS2_PLACEMENT_3D('',#5340,#4307,#4308);
#3694=AXIS2_PLACEMENT_3D('',#5344,#4311,#4312);
#3695=AXIS2_PLACEMENT_3D('',#5348,#4315,#4316);
#3696=AXIS2_PLACEMENT_3D('',#5354,#4320,#4321);
#3697=AXIS2_PLACEMENT_3D('',#5358,#4324,#4325);
#3698=AXIS2_PLACEMENT_3D('',#5362,#4328,#4329);
#3699=AXIS2_PLACEMENT_3D('',#5368,#4333,#4334);
#3700=AXIS2_PLACEMENT_3D('',#5372,#4337,#4338);
#3701=AXIS2_PLACEMENT_3D('',#5376,#4341,#4342);
#3702=AXIS2_PLACEMENT_3D('',#5382,#4346,#4347);
#3703=AXIS2_PLACEMENT_3D('',#5386,#4350,#4351);
#3704=AXIS2_PLACEMENT_3D('',#5390,#4354,#4355);
#3705=AXIS2_PLACEMENT_3D('',#5396,#4359,#4360);
#3706=AXIS2_PLACEMENT_3D('',#5400,#4363,#4364);
#3707=AXIS2_PLACEMENT_3D('',#5404,#4367,#4368);
#3708=AXIS2_PLACEMENT_3D('',#5410,#4372,#4373);
#3709=AXIS2_PLACEMENT_3D('',#5414,#4376,#4377);
#3710=AXIS2_PLACEMENT_3D('',#5418,#4380,#4381);
#3711=AXIS2_PLACEMENT_3D('',#5424,#4385,#4386);
#3712=AXIS2_PLACEMENT_3D('',#5428,#4389,#4390);
#3713=AXIS2_PLACEMENT_3D('',#5432,#4393,#4394);
#3714=AXIS2_PLACEMENT_3D('',#5438,#4398,#4399);
#3715=AXIS2_PLACEMENT_3D('',#5442,#4402,#4403);
#3716=AXIS2_PLACEMENT_3D('',#5446,#4406,#4407);
#3717=AXIS2_PLACEMENT_3D('',#5452,#4411,#4412);
#3718=AXIS2_PLACEMENT_3D('',#5456,#4415,#4416);
#3719=AXIS2_PLACEMENT_3D('',#5460,#4419,#4420);
#3720=AXIS2_PLACEMENT_3D('',#5466,#4424,#4425);
#3721=AXIS2_PLACEMENT_3D('',#5470,#4428,#4429);
#3722=AXIS2_PLACEMENT_3D('',#5474,#4432,#4433);
#3723=AXIS2_PLACEMENT_3D('',#5480,#4437,#4438);
#3724=AXIS2_PLACEMENT_3D('',#5484,#4441,#4442);
#3725=AXIS2_PLACEMENT_3D('',#5488,#4445,#4446);
#3726=AXIS2_PLACEMENT_3D('',#5494,#4450,#4451);
#3727=AXIS2_PLACEMENT_3D('',#5498,#4454,#4455);
#3728=AXIS2_PLACEMENT_3D('',#5502,#4458,#4459);
#3729=AXIS2_PLACEMENT_3D('',#5508,#4463,#4464);
#3730=AXIS2_PLACEMENT_3D('',#5512,#4467,#4468);
#3731=AXIS2_PLACEMENT_3D('',#5516,#4471,#4472);
#3732=AXIS2_PLACEMENT_3D('',#5522,#4476,#4477);
#3733=AXIS2_PLACEMENT_3D('',#5526,#4480,#4481);
#3734=AXIS2_PLACEMENT_3D('',#5530,#4484,#4485);
#3735=AXIS2_PLACEMENT_3D('',#5536,#4489,#4490);
#3736=AXIS2_PLACEMENT_3D('',#5540,#4493,#4494);
#3737=AXIS2_PLACEMENT_3D('',#5544,#4497,#4498);
#3738=AXIS2_PLACEMENT_3D('',#5550,#4502,#4503);
#3739=AXIS2_PLACEMENT_3D('',#5554,#4506,#4507);
#3740=AXIS2_PLACEMENT_3D('',#5558,#4510,#4511);
#3741=AXIS2_PLACEMENT_3D('',#5564,#4515,#4516);
#3742=AXIS2_PLACEMENT_3D('',#5570,#4520,#4521);
#3743=AXIS2_PLACEMENT_3D('',#5576,#4525,#4526);
#3744=AXIS2_PLACEMENT_3D('',#5582,#4530,#4531);
#3745=AXIS2_PLACEMENT_3D('',#5588,#4535,#4536);
#3746=AXIS2_PLACEMENT_3D('',#5594,#4540,#4541);
#3747=AXIS2_PLACEMENT_3D('',#5598,#4543,#4544);
#3748=AXIS2_PLACEMENT_3D('',#5600,#4546,#4547);
#3749=AXIS2_PLACEMENT_3D('',#5601,#4548,#4549);
#3750=AXIS2_PLACEMENT_3D('',#5603,#4551,#4552);
#3751=AXIS2_PLACEMENT_3D('',#5605,#4554,#4555);
#3752=AXIS2_PLACEMENT_3D('',#5607,#4557,#4558);
#3753=AXIS2_PLACEMENT_3D('',#5609,#4560,#4561);
#3754=AXIS2_PLACEMENT_3D('',#5611,#4563,#4564);
#3755=AXIS2_PLACEMENT_3D('',#5613,#4566,#4567);
#3756=AXIS2_PLACEMENT_3D('',#5615,#4569,#4570);
#3757=AXIS2_PLACEMENT_3D('',#5616,#4571,#4572);
#3758=AXIS2_PLACEMENT_3D('',#5618,#4573,#4574);
#3759=AXIS2_PLACEMENT_3D('',#5619,#4575,#4576);
#3760=AXIS2_PLACEMENT_3D('',#5621,#4577,#4578);
#3761=AXIS2_PLACEMENT_3D('',#5622,#4579,#4580);
#3762=AXIS2_PLACEMENT_3D('',#5624,#4581,#4582);
#3763=AXIS2_PLACEMENT_3D('',#5625,#4583,#4584);
#3764=AXIS2_PLACEMENT_3D('',#5627,#4585,#4586);
#3765=AXIS2_PLACEMENT_3D('',#5629,#4588,#4589);
#3766=AXIS2_PLACEMENT_3D('',#5631,#4591,#4592);
#3767=AXIS2_PLACEMENT_3D('',#5633,#4594,#4595);
#3768=AXIS2_PLACEMENT_3D('',#5635,#4597,#4598);
#3769=AXIS2_PLACEMENT_3D('',#5637,#4600,#4601);
#3770=AXIS2_PLACEMENT_3D('',#5639,#4603,#4604);
#3771=AXIS2_PLACEMENT_3D('',#5641,#4606,#4607);
#3772=AXIS2_PLACEMENT_3D('',#5643,#4609,#4610);
#3773=AXIS2_PLACEMENT_3D('',#5645,#4612,#4613);
#3774=AXIS2_PLACEMENT_3D('',#5647,#4615,#4616);
#3775=AXIS2_PLACEMENT_3D('',#5649,#4618,#4619);
#3776=AXIS2_PLACEMENT_3D('',#5651,#4621,#4622);
#3777=AXIS2_PLACEMENT_3D('',#5653,#4624,#4625);
#3778=AXIS2_PLACEMENT_3D('',#5655,#4627,#4628);
#3779=AXIS2_PLACEMENT_3D('',#5661,#4632,#4633);
#3780=AXIS2_PLACEMENT_3D('',#5662,#4634,#4635);
#3781=AXIS2_PLACEMENT_3D('',#5666,#4637,#4638);
#3782=AXIS2_PLACEMENT_3D('',#5668,#4640,#4641);
#3783=AXIS2_PLACEMENT_3D('',#5669,#4642,#4643);
#3784=AXIS2_PLACEMENT_3D('',#5670,#4644,#4645);
#3785=AXIS2_PLACEMENT_3D('',#5671,#4646,#4647);
#3786=AXIS2_PLACEMENT_3D('',#5672,#4648,#4649);
#3787=AXIS2_PLACEMENT_3D('',#5673,#4650,#4651);
#3788=AXIS2_PLACEMENT_3D('',#5674,#4652,#4653);
#3789=AXIS2_PLACEMENT_3D('',#5675,#4654,#4655);
#3790=AXIS2_PLACEMENT_3D('',#5676,#4656,#4657);
#3791=AXIS2_PLACEMENT_3D('',#5677,#4658,#4659);
#3792=AXIS2_PLACEMENT_3D('',#5678,#4660,#4661);
#3793=AXIS2_PLACEMENT_3D('',#5679,#4662,#4663);
#3794=AXIS2_PLACEMENT_3D('',#5680,#4664,#4665);
#3795=AXIS2_PLACEMENT_3D('',#5681,#4666,#4667);
#3796=AXIS2_PLACEMENT_3D('',#5682,#4668,#4669);
#3797=AXIS2_PLACEMENT_3D('',#5683,#4670,#4671);
#3798=AXIS2_PLACEMENT_3D('',#5684,#4672,#4673);
#3799=AXIS2_PLACEMENT_3D('',#5688,#4675,#4676);
#3800=AXIS2_PLACEMENT_3D('',#5689,#4677,#4678);
#3801=AXIS2_PLACEMENT_3D('',#5693,#4680,#4681);
#3802=AXIS2_PLACEMENT_3D('',#5694,#4682,#4683);
#3803=AXIS2_PLACEMENT_3D('',#5695,#4684,#4685);
#3804=AXIS2_PLACEMENT_3D('',#5698,#4688,#4689);
#3805=AXIS2_PLACEMENT_3D('',#5701,#4692,#4693);
#3806=AXIS2_PLACEMENT_3D('',#5704,#4696,#4697);
#3807=AXIS2_PLACEMENT_3D('',#5707,#4700,#4701);
#3808=AXIS2_PLACEMENT_3D('',#5708,#4702,#4703);
#3809=AXIS2_PLACEMENT_3D('',#5709,#4704,#4705);
#3810=AXIS2_PLACEMENT_3D('',#5710,#4706,#4707);
#3811=AXIS2_PLACEMENT_3D('',#5711,#4708,#4709);
#3812=AXIS2_PLACEMENT_3D('',#5714,#4712,#4713);
#3813=AXIS2_PLACEMENT_3D('',#5717,#4716,#4717);
#3814=AXIS2_PLACEMENT_3D('',#5720,#4720,#4721);
#3815=AXIS2_PLACEMENT_3D('',#5723,#4724,#4725);
#3816=AXIS2_PLACEMENT_3D('',#5724,#4726,#4727);
#3817=AXIS2_PLACEMENT_3D('',#5725,#4728,#4729);
#3818=AXIS2_PLACEMENT_3D('',#5726,#4730,#4731);
#3819=AXIS2_PLACEMENT_3D('',#5727,#4732,#4733);
#3820=DIRECTION('',(0.,0.,1.));
#3821=DIRECTION('',(1.,0.,0.));
#3822=DIRECTION('',(0.,-1.,0.));
#3823=DIRECTION('',(0.,0.,-1.));
#3824=DIRECTION('',(0.,0.,1.));
#3825=DIRECTION('',(1.,0.,0.));
#3826=DIRECTION('',(0.,0.,1.));
#3827=DIRECTION('',(1.,0.,0.));
#3828=DIRECTION('',(0.,-1.,0.));
#3829=DIRECTION('',(0.,0.,-1.));
#3830=DIRECTION('',(0.,0.,1.));
#3831=DIRECTION('',(1.,0.,0.));
#3832=DIRECTION('',(0.,0.,1.));
#3833=DIRECTION('',(1.,0.,0.));
#3834=DIRECTION('',(0.112562519933784,-0.993644644279914,0.));
#3835=DIRECTION('',(0.993644644279914,0.112562519933784,0.));
#3836=DIRECTION('',(0.993644644279914,0.112562519933784,0.));
#3837=DIRECTION('',(0.,0.,1.));
#3838=DIRECTION('',(0.993644644279914,0.112562519933784,0.));
#3839=DIRECTION('',(0.,0.,1.));
#3840=DIRECTION('',(1.,0.,0.));
#3841=DIRECTION('',(0.,0.,-1.));
#3842=DIRECTION('',(1.,0.,0.));
#3843=DIRECTION('',(0.,0.,-1.));
#3844=DIRECTION('',(0.,1.,0.));
#3845=DIRECTION('',(1.,0.,0.));
#3846=DIRECTION('',(0.,0.,-1.));
#3847=DIRECTION('',(1.,0.,0.));
#3848=DIRECTION('',(0.,0.,-1.));
#3849=DIRECTION('',(0.,1.,0.));
#3850=DIRECTION('',(1.,0.,0.));
#3851=DIRECTION('',(0.,0.,-1.));
#3852=DIRECTION('',(0.,1.,0.));
#3853=DIRECTION('',(0.,0.,1.));
#3854=DIRECTION('',(0.,1.,0.));
#3855=DIRECTION('',(0.,0.,1.));
#3856=DIRECTION('',(0.,1.,0.));
#3857=DIRECTION('',(0.,1.,0.));
#3858=DIRECTION('',(-0.707106857629191,-0.707106704743896,0.));
#3859=DIRECTION('',(0.707106704743896,-0.707106857629191,0.));
#3860=DIRECTION('',(0.707106704743896,-0.707106857629191,0.));
#3861=DIRECTION('',(0.,0.,1.));
#3862=DIRECTION('',(0.707106704743896,-0.707106857629191,0.));
#3863=DIRECTION('',(0.,0.,1.));
#3864=DIRECTION('',(0.,1.,0.));
#3865=DIRECTION('',(0.,0.,1.));
#3866=DIRECTION('',(-1.,0.,0.));
#3867=DIRECTION('',(0.,0.,1.));
#3868=DIRECTION('',(-1.,0.,0.));
#3869=DIRECTION('',(0.,0.,1.));
#3870=DIRECTION('',(-0.844888310097866,0.534942747833795,0.));
#3871=DIRECTION('',(-0.534942747833795,-0.844888310097867,0.));
#3872=DIRECTION('',(-0.534942747833795,-0.844888310097867,0.));
#3873=DIRECTION('',(0.,0.,1.));
#3874=DIRECTION('',(-0.534942747833795,-0.844888310097867,0.));
#3875=DIRECTION('',(0.,0.,1.));
#3876=DIRECTION('',(-0.999961212695737,-0.00880755948438649,0.));
#3877=DIRECTION('',(0.00880755948438649,-0.999961212695737,0.));
#3878=DIRECTION('',(0.00880755948438649,-0.999961212695737,0.));
#3879=DIRECTION('',(0.,0.,1.));
#3880=DIRECTION('',(0.00880755948438649,-0.999961212695737,0.));
#3881=DIRECTION('',(0.,0.,1.));
#3882=DIRECTION('',(0.,0.,1.));
#3883=DIRECTION('',(1.,0.,0.));
#3884=DIRECTION('',(0.,0.,1.));
#3885=DIRECTION('',(1.,0.,0.));
#3886=DIRECTION('',(0.,0.,1.));
#3887=DIRECTION('',(1.,0.,0.));
#3888=DIRECTION('',(0.,0.,1.));
#3889=DIRECTION('',(1.,0.,0.));
#3890=DIRECTION('',(0.,0.,1.));
#3891=DIRECTION('',(1.,0.,0.));
#3892=DIRECTION('',(0.,0.,1.));
#3893=DIRECTION('',(1.,0.,0.));
#3894=DIRECTION('',(0.,0.,1.));
#3895=DIRECTION('',(1.,0.,0.));
#3896=DIRECTION('',(0.,0.,1.));
#3897=DIRECTION('',(1.,0.,0.));
#3898=DIRECTION('',(0.,0.,1.));
#3899=DIRECTION('',(1.,0.,0.));
#3900=DIRECTION('',(0.,0.,1.));
#3901=DIRECTION('',(1.,0.,0.));
#3902=DIRECTION('',(0.,0.,1.));
#3903=DIRECTION('',(1.,0.,0.));
#3904=DIRECTION('',(0.,0.,1.));
#3905=DIRECTION('',(1.,0.,0.));
#3906=DIRECTION('',(-0.111059546613137,-0.993813753731595,0.));
#3907=DIRECTION('',(0.993813753731596,-0.111059546613138,0.));
#3908=DIRECTION('',(0.993813753731596,-0.111059546613138,0.));
#3909=DIRECTION('',(0.,0.,1.));
#3910=DIRECTION('',(0.993813753731596,-0.111059546613138,0.));
#3911=DIRECTION('',(0.,0.,1.));
#3912=DIRECTION('',(0.,0.,1.));
#3913=DIRECTION('',(1.,0.,0.));
#3914=DIRECTION('',(0.,1.,0.));
#3915=DIRECTION('',(1.,0.,0.));
#3916=DIRECTION('',(1.,0.,0.));
#3917=DIRECTION('',(0.,1.,0.));
#3918=DIRECTION('',(0.995597798278787,0.0937284591916007,0.));
#3919=DIRECTION('',(0.994549313432595,-0.104267267878056,0.));
#3920=DIRECTION('',(0.00880755948438643,-0.999961212695737,0.));
#3921=DIRECTION('',(-0.534942747833795,-0.844888310097867,0.));
#3922=DIRECTION('',(-1.,0.,0.));
#3923=DIRECTION('',(-0.49112065783987,0.871091556291837,0.));
#3924=DIRECTION('',(-1.,0.,0.));
#3925=DIRECTION('',(-0.387996945466199,-0.921660658978618,0.));
#3926=DIRECTION('',(-1.,0.,0.));
#3927=DIRECTION('',(0.,0.,1.));
#3928=DIRECTION('',(1.,0.,0.));
#3929=DIRECTION('',(0.,0.,1.));
#3930=DIRECTION('',(1.,0.,0.));
#3931=DIRECTION('',(0.,0.,1.));
#3932=DIRECTION('',(1.,0.,0.));
#3933=DIRECTION('',(0.,0.,1.));
#3934=DIRECTION('',(1.,0.,0.));
#3935=DIRECTION('',(0.,0.,1.));
#3936=DIRECTION('',(1.,0.,0.));
#3937=DIRECTION('',(0.,0.,1.));
#3938=DIRECTION('',(1.,0.,0.));
#3939=DIRECTION('',(0.,0.,1.));
#3940=DIRECTION('',(1.,0.,0.));
#3941=DIRECTION('',(0.,0.,1.));
#3942=DIRECTION('',(1.,0.,0.));
#3943=DIRECTION('',(1.,0.,0.));
#3944=DIRECTION('',(0.,0.,-1.));
#3945=DIRECTION('',(1.,0.,0.));
#3946=DIRECTION('',(0.,0.,-1.));
#3947=DIRECTION('',(1.,0.,0.));
#3948=DIRECTION('',(0.,0.,-1.));
#3949=DIRECTION('',(0.,1.,0.));
#3950=DIRECTION('',(1.,0.,0.));
#3951=DIRECTION('',(0.,0.,-1.));
#3952=DIRECTION('',(1.,0.,0.));
#3953=DIRECTION('',(0.,0.,-1.));
#3954=DIRECTION('',(0.,0.,1.));
#3955=DIRECTION('',(0.,1.,0.));
#3956=DIRECTION('',(0.,1.,0.));
#3957=DIRECTION('',(0.,1.,0.));
#3958=DIRECTION('',(0.,0.,1.));
#3959=DIRECTION('',(0.0937284591916007,-0.995597798278787,0.));
#3960=DIRECTION('',(0.995597798278787,0.0937284591916007,0.));
#3961=DIRECTION('',(0.995597798278787,0.0937284591916007,0.));
#3962=DIRECTION('',(0.,0.,1.));
#3963=DIRECTION('',(-0.104267267878056,-0.994549313432595,0.));
#3964=DIRECTION('',(0.994549313432595,-0.104267267878056,0.));
#3965=DIRECTION('',(0.994549313432595,-0.104267267878056,0.));
#3966=DIRECTION('',(0.,0.,1.));
#3967=DIRECTION('',(-0.999961212695737,-0.00880755948438643,0.));
#3968=DIRECTION('',(0.00880755948438643,-0.999961212695737,0.));
#3969=DIRECTION('',(0.00880755948438643,-0.999961212695737,0.));
#3970=DIRECTION('',(0.,0.,1.));
#3971=DIRECTION('',(-0.844888310097867,0.534942747833795,0.));
#3972=DIRECTION('',(-0.534942747833795,-0.844888310097867,0.));
#3973=DIRECTION('',(-0.534942747833795,-0.844888310097867,0.));
#3974=DIRECTION('',(0.,0.,1.));
#3975=DIRECTION('',(0.,1.,0.));
#3976=DIRECTION('',(0.,0.,1.));
#3977=DIRECTION('',(-1.,0.,0.));
#3978=DIRECTION('',(0.,0.,1.));
#3979=DIRECTION('',(0.871091556291837,0.49112065783987,0.));
#3980=DIRECTION('',(-0.49112065783987,0.871091556291837,0.));
#3981=DIRECTION('',(-0.49112065783987,0.871091556291837,0.));
#3982=DIRECTION('',(0.,0.,1.));
#3983=DIRECTION('',(0.,1.,0.));
#3984=DIRECTION('',(0.,0.,1.));
#3985=DIRECTION('',(-1.,0.,0.));
#3986=DIRECTION('',(0.,0.,1.));
#3987=DIRECTION('',(-0.921660658978618,0.387996945466199,0.));
#3988=DIRECTION('',(-0.387996945466199,-0.921660658978618,0.));
#3989=DIRECTION('',(-0.387996945466199,-0.921660658978618,0.));
#3990=DIRECTION('',(0.,0.,1.));
#3991=DIRECTION('',(0.,1.,0.));
#3992=DIRECTION('',(0.,0.,1.));
#3993=DIRECTION('',(-1.,0.,0.));
#3994=DIRECTION('',(0.,0.,1.));
#3995=DIRECTION('',(1.,0.,0.));
#3996=DIRECTION('',(0.,0.,1.));
#3997=DIRECTION('',(1.,0.,0.));
#3998=DIRECTION('',(0.,0.,1.));
#3999=DIRECTION('',(1.,0.,0.));
#4000=DIRECTION('',(0.,0.,1.));
#4001=DIRECTION('',(1.,0.,0.));
#4002=DIRECTION('',(0.,0.,1.));
#4003=DIRECTION('',(1.,0.,0.));
#4004=DIRECTION('',(0.,0.,1.));
#4005=DIRECTION('',(1.,0.,0.));
#4006=DIRECTION('',(0.,0.,1.));
#4007=DIRECTION('',(1.,0.,0.));
#4008=DIRECTION('',(1.,0.,0.));
#4009=DIRECTION('',(1.,0.,0.));
#4010=DIRECTION('',(0.,0.,1.));
#4011=DIRECTION('',(1.,0.,0.));
#4012=DIRECTION('',(0.,0.,-1.));
#4013=DIRECTION('',(-1.,0.,0.));
#4014=DIRECTION('',(0.,0.,-1.));
#4015=DIRECTION('',(-1.,0.,0.));
#4016=DIRECTION('',(0.,0.,1.));
#4017=DIRECTION('',(1.,0.,0.));
#4018=DIRECTION('',(0.,0.,1.));
#4019=DIRECTION('',(1.,0.,0.));
#4020=DIRECTION('',(0.,0.,1.));
#4021=DIRECTION('',(1.,0.,0.));
#4022=DIRECTION('',(0.,0.,1.));
#4023=DIRECTION('',(1.,0.,0.));
#4024=DIRECTION('',(0.,0.,1.));
#4025=DIRECTION('',(1.,0.,0.));
#4026=DIRECTION('',(1.,0.,0.));
#4027=DIRECTION('',(0.,0.,-1.));
#4028=DIRECTION('',(-1.,0.,0.));
#4029=DIRECTION('',(0.,0.,1.));
#4030=DIRECTION('',(0.,0.,1.));
#4031=DIRECTION('',(1.,0.,0.));
#4032=DIRECTION('',(1.,0.,0.));
#4033=DIRECTION('',(1.,0.,0.));
#4034=DIRECTION('',(0.,0.,1.));
#4035=DIRECTION('',(1.,0.,0.));
#4036=DIRECTION('',(-1.,0.,0.));
#4037=DIRECTION('',(0.,0.,1.));
#4038=DIRECTION('',(1.,0.,0.));
#4039=DIRECTION('',(0.,0.,-1.));
#4040=DIRECTION('',(5.55111512312578E-16,0.,-1.));
#4041=DIRECTION('',(-1.,0.,-5.55111512312578E-16));
#4042=DIRECTION('',(0.,0.,1.));
#4043=DIRECTION('',(1.,0.,0.));
#4044=DIRECTION('',(-1.,0.,0.));
#4045=DIRECTION('',(0.,0.,1.));
#4046=DIRECTION('',(-0.707106781186548,0.707106781186548,0.));
#4047=DIRECTION('',(0.,1.,0.));
#4048=DIRECTION('',(0.,0.,1.));
#4049=DIRECTION('',(-0.707106781186548,-0.707106781186548,0.));
#4050=DIRECTION('',(-1.,0.,0.));
#4051=DIRECTION('',(0.,0.,1.));
#4052=DIRECTION('',(-0.707106781186548,0.707106781186548,0.));
#4053=DIRECTION('',(0.,1.,0.));
#4054=DIRECTION('',(0.,0.,1.));
#4055=DIRECTION('',(-0.707106781186548,-0.707106781186548,0.));
#4056=DIRECTION('',(0.993644644279914,0.112562519933783,0.));
#4057=DIRECTION('',(0.,0.,1.));
#4058=DIRECTION('',(1.,0.,0.));
#4059=DIRECTION('',(0.993813753731596,-0.111059546613138,0.));
#4060=DIRECTION('',(0.,0.,1.));
#4061=DIRECTION('',(1.,0.,0.));
#4062=DIRECTION('',(0.00880755948438649,-0.999961212695737,0.));
#4063=DIRECTION('',(0.,0.,1.));
#4064=DIRECTION('',(1.,0.,0.));
#4065=DIRECTION('',(-0.534942747833795,-0.844888310097867,0.));
#4066=DIRECTION('',(0.,0.,1.));
#4067=DIRECTION('',(1.,0.,0.));
#4068=DIRECTION('',(-1.,0.,0.));
#4069=DIRECTION('',(0.,0.,1.));
#4070=DIRECTION('',(1.,0.,0.));
#4071=DIRECTION('',(0.707106704743896,-0.707106857629191,0.));
#4072=DIRECTION('',(0.,0.,1.));
#4073=DIRECTION('',(1.,0.,0.));
#4074=DIRECTION('',(0.,1.,0.));
#4075=DIRECTION('',(0.,0.,1.));
#4076=DIRECTION('',(1.,0.,0.));
#4077=DIRECTION('',(0.,1.,0.));
#4078=DIRECTION('',(-1.,2.22400445638052E-16,0.));
#4079=DIRECTION('',(-2.22400445638052E-16,-1.,0.));
#4080=DIRECTION('',(1.,-2.22400445638052E-16,0.));
#4081=DIRECTION('',(1.,0.,0.));
#4082=DIRECTION('',(2.22400445638052E-16,1.,0.));
#4083=DIRECTION('',(-1.,2.22400445638052E-16,0.));
#4084=DIRECTION('',(-2.22400445638052E-16,-1.,0.));
#4085=DIRECTION('',(1.,0.,0.));
#4086=DIRECTION('',(2.22400445638052E-16,1.,0.));
#4087=DIRECTION('',(-1.,1.11200222819026E-16,0.));
#4088=DIRECTION('',(-2.22400445638052E-16,-1.,0.));
#4089=DIRECTION('',(-2.22400445638052E-16,-1.,0.));
#4090=DIRECTION('',(1.,-1.11200222819026E-16,0.));
#4091=DIRECTION('',(2.22400445638052E-16,1.,0.));
#4092=DIRECTION('',(-1.,2.22400445638052E-16,0.));
#4093=DIRECTION('',(1.,-2.22400445638052E-16,0.));
#4094=DIRECTION('',(0.,1.,0.));
#4095=DIRECTION('',(-1.,4.44800891276104E-16,0.));
#4096=DIRECTION('',(-2.22400445638052E-16,-1.,0.));
#4097=DIRECTION('',(0.,1.,0.));
#4098=DIRECTION('',(-1.,1.11200222819026E-16,0.));
#4099=DIRECTION('',(-2.22400445638052E-16,-1.,0.));
#4100=DIRECTION('',(-1.,2.22400445638052E-16,0.));
#4101=DIRECTION('',(1.,0.,0.));
#4102=DIRECTION('',(0.,1.,0.));
#4103=DIRECTION('',(-1.,0.,0.));
#4104=DIRECTION('',(0.,-1.,0.));
#4105=DIRECTION('',(0.,-1.,0.));
#4106=DIRECTION('',(1.,-2.22400445638052E-16,0.));
#4107=DIRECTION('',(0.,1.,0.));
#4108=DIRECTION('',(-1.,0.,0.));
#4109=DIRECTION('',(-1.,1.11200222819026E-16,0.));
#4110=DIRECTION('',(0.,-1.,0.));
#4111=DIRECTION('',(1.,-2.22400445638052E-16,0.));
#4112=DIRECTION('',(0.,1.,0.));
#4113=DIRECTION('',(-1.,0.,0.));
#4114=DIRECTION('',(-2.22400445638052E-16,-1.,0.));
#4115=DIRECTION('',(1.,0.,0.));
#4116=DIRECTION('',(2.22400445638052E-16,1.,0.));
#4117=DIRECTION('',(-1.,2.22400445638052E-16,0.));
#4118=DIRECTION('',(-2.22400445638052E-16,-1.,0.));
#4119=DIRECTION('',(1.,-1.11200222819026E-16,0.));
#4120=DIRECTION('',(2.22400445638052E-16,1.,0.));
#4121=DIRECTION('',(-1.,1.11200222819026E-16,0.));
#4122=DIRECTION('',(-2.22400445638052E-16,-1.,0.));
#4123=DIRECTION('',(1.,0.,0.));
#4124=DIRECTION('',(2.22400445638052E-16,1.,0.));
#4125=DIRECTION('',(1.11200222819026E-16,1.,0.));
#4126=DIRECTION('',(-1.,0.,0.));
#4127=DIRECTION('',(-2.22400445638052E-16,-1.,0.));
#4128=DIRECTION('',(1.,0.,0.));
#4129=DIRECTION('',(1.11200222819026E-16,1.,0.));
#4130=DIRECTION('',(-1.,0.,0.));
#4131=DIRECTION('',(-2.22400445638052E-16,-1.,0.));
#4132=DIRECTION('',(1.,-2.22400445638052E-16,0.));
#4133=DIRECTION('',(0.,0.,1.));
#4134=DIRECTION('',(1.,0.,0.));
#4135=DIRECTION('',(0.,0.,1.));
#4136=DIRECTION('',(1.,0.,0.));
#4137=DIRECTION('',(0.,0.,1.));
#4138=DIRECTION('',(1.,0.,0.));
#4139=DIRECTION('',(0.,0.,1.));
#4140=DIRECTION('',(1.,0.,0.));
#4141=DIRECTION('',(-1.,1.11200222819026E-16,0.));
#4142=DIRECTION('',(-2.22400445638052E-16,-1.,0.));
#4143=DIRECTION('',(-1.,2.22400445638052E-16,0.));
#4144=DIRECTION('',(-1.11200222819026E-16,-1.,0.));
#4145=DIRECTION('',(0.,-1.,0.));
#4146=DIRECTION('',(1.,0.,0.));
#4147=DIRECTION('',(0.,1.,0.));
#4148=DIRECTION('',(-1.,4.44800891276104E-16,0.));
#4149=DIRECTION('',(0.,-1.,0.));
#4150=DIRECTION('',(1.,0.,0.));
#4151=DIRECTION('',(0.,1.,0.));
#4152=DIRECTION('',(-1.,2.22400445638052E-16,0.));
#4153=DIRECTION('',(1.,-1.11200222819026E-16,0.));
#4154=DIRECTION('',(0.,1.,0.));
#4155=DIRECTION('',(-1.,0.,0.));
#4156=DIRECTION('',(0.,-1.,0.));
#4157=DIRECTION('',(1.,-2.22400445638052E-16,0.));
#4158=DIRECTION('',(0.,1.,0.));
#4159=DIRECTION('',(-1.,1.11200222819026E-16,0.));
#4160=DIRECTION('',(0.,-1.,0.));
#4161=DIRECTION('',(-1.,0.,0.));
#4162=DIRECTION('',(-4.44800891276104E-16,-1.,0.));
#4163=DIRECTION('',(1.,0.,0.));
#4164=DIRECTION('',(2.22400445638052E-16,1.,0.));
#4165=DIRECTION('',(-1.,0.,0.));
#4166=DIRECTION('',(0.,-1.,0.));
#4167=DIRECTION('',(1.,0.,0.));
#4168=DIRECTION('',(4.44800891276104E-16,1.,0.));
#4169=DIRECTION('',(1.,1.15648231731787E-15,0.));
#4170=DIRECTION('',(0.,0.,1.));
#4171=DIRECTION('',(0.707106781186548,-0.707106781186547,0.));
#4172=DIRECTION('',(-6.74446303080056E-16,1.,0.));
#4173=DIRECTION('',(0.,0.,1.));
#4174=DIRECTION('',(-0.707106781186547,-0.707106781186548,0.));
#4175=DIRECTION('',(-1.,-8.57024458169109E-16,0.));
#4176=DIRECTION('',(0.,0.,1.));
#4177=DIRECTION('',(0.707106781186548,-0.707106781186547,0.));
#4178=DIRECTION('',(-1.01166945462008E-15,1.,0.));
#4179=DIRECTION('',(0.,0.,1.));
#4180=DIRECTION('',(-0.707106781186547,-0.707106781186548,0.));
#4181=DIRECTION('',(1.,0.,0.));
#4182=DIRECTION('',(0.,0.,-1.));
#4183=DIRECTION('',(0.,0.,-1.));
#4184=DIRECTION('',(1.,0.,0.));
#4185=DIRECTION('',(0.,-0.707106781186548,0.707106781186547));
#4186=DIRECTION('',(0.,-1.,0.));
#4187=DIRECTION('',(1.,0.,0.));
#4188=DIRECTION('',(0.,0.707106781186548,0.707106781186547));
#4189=DIRECTION('',(0.,0.,-1.));
#4190=DIRECTION('',(0.,-1.,0.));
#4191=DIRECTION('',(0.,-1.,0.));
#4192=DIRECTION('',(0.,0.,-1.));
#4193=DIRECTION('',(0.,-1.,0.));
#4194=DIRECTION('',(-0.707106781186548,0.,0.707106781186547));
#4195=DIRECTION('',(-1.,0.,0.));
#4196=DIRECTION('',(0.,-1.,0.));
#4197=DIRECTION('',(-0.707106781186548,0.,-0.707106781186547));
#4198=DIRECTION('',(0.,0.,-1.));
#4199=DIRECTION('',(-1.,0.,0.));
#4200=DIRECTION('',(-1.,0.,0.));
#4201=DIRECTION('',(0.,0.,1.));
#4202=DIRECTION('',(-1.,0.,0.));
#4203=DIRECTION('',(0.,-0.707106781186548,-0.707106781186547));
#4204=DIRECTION('',(0.,1.,0.));
#4205=DIRECTION('',(-1.,0.,0.));
#4206=DIRECTION('',(0.,0.707106781186548,-0.707106781186547));
#4207=DIRECTION('',(0.,0.,-1.));
#4208=DIRECTION('',(0.,1.,0.));
#4209=DIRECTION('',(1.,4.39075614703493E-16,0.));
#4210=DIRECTION('',(-4.39075614703493E-16,1.,0.));
#4211=DIRECTION('',(0.,0.,-1.));
#4212=DIRECTION('',(1.,4.39075614703493E-16,0.));
#4213=DIRECTION('',(3.10473344610492E-16,-0.707106781186548,0.707106781186548));
#4214=DIRECTION('',(4.39075614703493E-16,-1.,0.));
#4215=DIRECTION('',(1.,4.39075614703493E-16,0.));
#4216=DIRECTION('',(3.10473344610492E-16,-0.707106781186547,-0.707106781186548));
#4217=DIRECTION('',(0.,0.,-1.));
#4218=DIRECTION('',(4.39075614703493E-16,-1.,0.));
#4219=DIRECTION('',(8.57024458169108E-16,-1.,0.));
#4220=DIRECTION('',(1.,8.57024458169108E-16,0.));
#4221=DIRECTION('',(8.57024458169108E-16,-1.,0.));
#4222=DIRECTION('',(0.707106781186548,6.06007806014103E-16,-0.707106781186547));
#4223=DIRECTION('',(-1.,-8.57024458169108E-16,0.));
#4224=DIRECTION('',(8.57024458169108E-16,-1.,0.));
#4225=DIRECTION('',(-0.707106781186548,-6.06007806014103E-16,-0.707106781186548));
#4226=DIRECTION('',(0.,0.,-1.));
#4227=DIRECTION('',(-1.,-8.57024458169108E-16,0.));
#4228=DIRECTION('',(-1.,0.,0.));
#4229=DIRECTION('',(0.,0.,1.));
#4230=DIRECTION('',(-1.,0.,0.));
#4231=DIRECTION('',(0.,-0.707106781186548,-0.707106781186547));
#4232=DIRECTION('',(0.,1.,0.));
#4233=DIRECTION('',(-1.,0.,0.));
#4234=DIRECTION('',(0.,-0.707106781186547,0.707106781186548));
#4235=DIRECTION('',(0.,0.,-1.));
#4236=DIRECTION('',(0.,1.,0.));
#4237=DIRECTION('',(0.,-1.,0.));
#4238=DIRECTION('',(0.,0.,-1.));
#4239=DIRECTION('',(0.,0.,-1.));
#4240=DIRECTION('',(-1.,0.,0.));
#4241=DIRECTION('',(0.,0.,-1.));
#4242=DIRECTION('',(-1.,4.44800891276104E-16,0.));
#4243=DIRECTION('',(-4.44800891276104E-16,-1.,0.));
#4244=DIRECTION('',(0.,0.,-1.));
#4245=DIRECTION('',(4.44800891276104E-16,1.,0.));
#4246=DIRECTION('',(0.,1.,0.));
#4247=DIRECTION('',(0.,0.,1.));
#4248=DIRECTION('',(0.,0.,-1.));
#4249=DIRECTION('',(1.,0.,0.));
#4250=DIRECTION('',(0.,-1.,0.));
#4251=DIRECTION('',(0.,0.,-1.));
#4252=DIRECTION('',(0.,0.,-1.));
#4253=DIRECTION('',(-1.,0.,0.));
#4254=DIRECTION('',(0.,0.,-1.));
#4255=DIRECTION('',(-1.,2.22400445638052E-16,0.));
#4256=DIRECTION('',(-2.22400445638052E-16,-1.,0.));
#4257=DIRECTION('',(0.,0.,-1.));
#4258=DIRECTION('',(2.22400445638052E-16,1.,0.));
#4259=DIRECTION('',(0.,1.,0.));
#4260=DIRECTION('',(0.,0.,1.));
#4261=DIRECTION('',(0.,0.,-1.));
#4262=DIRECTION('',(1.,0.,0.));
#4263=DIRECTION('',(2.22400445638052E-16,1.,0.));
#4264=DIRECTION('',(-1.,2.22400445638052E-16,0.));
#4265=DIRECTION('',(0.,0.,-1.));
#4266=DIRECTION('',(1.,-2.22400445638052E-16,0.));
#4267=DIRECTION('',(0.,0.,-1.));
#4268=DIRECTION('',(1.,0.,0.));
#4269=DIRECTION('',(0.,0.,-1.));
#4270=DIRECTION('',(0.,0.,-1.));
#4271=DIRECTION('',(0.,-1.,0.));
#4272=DIRECTION('',(-1.11200222819026E-16,-1.,0.));
#4273=DIRECTION('',(1.,-1.11200222819026E-16,0.));
#4274=DIRECTION('',(0.,0.,-1.));
#4275=DIRECTION('',(-1.,1.11200222819026E-16,0.));
#4276=DIRECTION('',(1.11200222819026E-16,1.,0.));
#4277=DIRECTION('',(-1.,1.11200222819026E-16,0.));
#4278=DIRECTION('',(0.,0.,-1.));
#4279=DIRECTION('',(1.,-1.11200222819026E-16,0.));
#4280=DIRECTION('',(0.,0.,-1.));
#4281=DIRECTION('',(1.,0.,0.));
#4282=DIRECTION('',(0.,0.,-1.));
#4283=DIRECTION('',(0.,0.,-1.));
#4284=DIRECTION('',(0.,-1.,0.));
#4285=DIRECTION('',(0.,-1.,0.));
#4286=DIRECTION('',(0.,0.,-1.));
#4287=DIRECTION('',(0.,0.,-1.));
#4288=DIRECTION('',(-1.,0.,0.));
#4289=DIRECTION('',(1.,0.,0.));
#4290=DIRECTION('',(0.,0.,-1.));
#4291=DIRECTION('',(0.,0.,-1.));
#4292=DIRECTION('',(0.,-1.,0.));
#4293=DIRECTION('',(0.,0.,-1.));
#4294=DIRECTION('',(-2.22400445638052E-16,-1.,0.));
#4295=DIRECTION('',(1.,-2.22400445638052E-16,0.));
#4296=DIRECTION('',(0.,0.,-1.));
#4297=DIRECTION('',(-1.,2.22400445638052E-16,0.));
#4298=DIRECTION('',(-1.,0.,0.));
#4299=DIRECTION('',(0.,0.,1.));
#4300=DIRECTION('',(0.,0.,-1.));
#4301=DIRECTION('',(0.,1.,0.));
#4302=DIRECTION('',(1.,0.,0.));
#4303=DIRECTION('',(0.,0.,-1.));
#4304=DIRECTION('',(0.,0.,-1.));
#4305=DIRECTION('',(0.,-1.,0.));
#4306=DIRECTION('',(0.,0.,-1.));
#4307=DIRECTION('',(-4.44800891276104E-16,-1.,0.));
#4308=DIRECTION('',(1.,-4.44800891276104E-16,0.));
#4309=DIRECTION('',(0.,0.,-1.));
#4310=DIRECTION('',(-1.,4.44800891276104E-16,0.));
#4311=DIRECTION('',(-1.,0.,0.));
#4312=DIRECTION('',(0.,0.,1.));
#4313=DIRECTION('',(0.,0.,-1.));
#4314=DIRECTION('',(0.,1.,0.));
#4315=DIRECTION('',(-1.11200222819026E-16,-1.,0.));
#4316=DIRECTION('',(1.,-1.11200222819026E-16,0.));
#4317=DIRECTION('',(0.,0.,-1.));
#4318=DIRECTION('',(-1.,1.11200222819026E-16,0.));
#4319=DIRECTION('',(0.,0.,-1.));
#4320=DIRECTION('',(1.,-1.11200222819026E-16,0.));
#4321=DIRECTION('',(1.11200222819026E-16,1.,0.));
#4322=DIRECTION('',(0.,0.,-1.));
#4323=DIRECTION('',(-1.11200222819026E-16,-1.,0.));
#4324=DIRECTION('',(-2.22400445638052E-16,-1.,0.));
#4325=DIRECTION('',(1.,-2.22400445638052E-16,0.));
#4326=DIRECTION('',(0.,0.,-1.));
#4327=DIRECTION('',(-1.,2.22400445638052E-16,0.));
#4328=DIRECTION('',(-1.,1.11200222819026E-16,0.));
#4329=DIRECTION('',(-1.11200222819026E-16,-1.,0.));
#4330=DIRECTION('',(0.,0.,-1.));
#4331=DIRECTION('',(1.11200222819026E-16,1.,0.));
#4332=DIRECTION('',(0.,0.,-1.));
#4333=DIRECTION('',(2.22400445638052E-16,1.,0.));
#4334=DIRECTION('',(-1.,2.22400445638052E-16,0.));
#4335=DIRECTION('',(0.,0.,-1.));
#4336=DIRECTION('',(1.,-2.22400445638052E-16,0.));
#4337=DIRECTION('',(1.,-2.22400445638052E-16,0.));
#4338=DIRECTION('',(2.22400445638052E-16,1.,0.));
#4339=DIRECTION('',(0.,0.,-1.));
#4340=DIRECTION('',(-2.22400445638052E-16,-1.,0.));
#4341=DIRECTION('',(-1.,1.11200222819026E-16,0.));
#4342=DIRECTION('',(-1.11200222819026E-16,-1.,0.));
#4343=DIRECTION('',(0.,0.,-1.));
#4344=DIRECTION('',(1.11200222819026E-16,1.,0.));
#4345=DIRECTION('',(0.,0.,-1.));
#4346=DIRECTION('',(0.,1.,0.));
#4347=DIRECTION('',(0.,0.,1.));
#4348=DIRECTION('',(0.,0.,-1.));
#4349=DIRECTION('',(1.,0.,0.));
#4350=DIRECTION('',(1.,-2.22400445638052E-16,0.));
#4351=DIRECTION('',(2.22400445638052E-16,1.,0.));
#4352=DIRECTION('',(0.,0.,-1.));
#4353=DIRECTION('',(-2.22400445638052E-16,-1.,0.));
#4354=DIRECTION('',(-1.11200222819026E-16,-1.,0.));
#4355=DIRECTION('',(1.,-1.11200222819026E-16,0.));
#4356=DIRECTION('',(0.,0.,-1.));
#4357=DIRECTION('',(-1.,1.11200222819026E-16,0.));
#4358=DIRECTION('',(0.,0.,-1.));
#4359=DIRECTION('',(-1.,2.22400445638052E-16,0.));
#4360=DIRECTION('',(-2.22400445638052E-16,-1.,0.));
#4361=DIRECTION('',(0.,0.,-1.));
#4362=DIRECTION('',(2.22400445638052E-16,1.,0.));
#4363=DIRECTION('',(0.,1.,0.));
#4364=DIRECTION('',(0.,0.,1.));
#4365=DIRECTION('',(0.,0.,-1.));
#4366=DIRECTION('',(1.,0.,0.));
#4367=DIRECTION('',(-2.22400445638052E-16,-1.,0.));
#4368=DIRECTION('',(1.,-2.22400445638052E-16,0.));
#4369=DIRECTION('',(0.,0.,-1.));
#4370=DIRECTION('',(-1.,2.22400445638052E-16,0.));
#4371=DIRECTION('',(0.,0.,-1.));
#4372=DIRECTION('',(-1.,2.22400445638052E-16,0.));
#4373=DIRECTION('',(-2.22400445638052E-16,-1.,0.));
#4374=DIRECTION('',(0.,0.,-1.));
#4375=DIRECTION('',(2.22400445638052E-16,1.,0.));
#4376=DIRECTION('',(1.11200222819026E-16,1.,0.));
#4377=DIRECTION('',(-1.,1.11200222819026E-16,0.));
#4378=DIRECTION('',(0.,0.,-1.));
#4379=DIRECTION('',(1.,-1.11200222819026E-16,0.));
#4380=DIRECTION('',(0.,-1.,0.));
#4381=DIRECTION('',(0.,0.,-1.));
#4382=DIRECTION('',(0.,0.,-1.));
#4383=DIRECTION('',(-1.,0.,0.));
#4384=DIRECTION('',(0.,0.,-1.));
#4385=DIRECTION('',(-1.,2.22400445638052E-16,0.));
#4386=DIRECTION('',(-2.22400445638052E-16,-1.,0.));
#4387=DIRECTION('',(0.,0.,-1.));
#4388=DIRECTION('',(2.22400445638052E-16,1.,0.));
#4389=DIRECTION('',(0.,1.,0.));
#4390=DIRECTION('',(0.,0.,1.));
#4391=DIRECTION('',(0.,0.,-1.));
#4392=DIRECTION('',(1.,0.,0.));
#4393=DIRECTION('',(-1.11200222819026E-16,-1.,0.));
#4394=DIRECTION('',(1.,-1.11200222819026E-16,0.));
#4395=DIRECTION('',(0.,0.,-1.));
#4396=DIRECTION('',(-1.,1.11200222819026E-16,0.));
#4397=DIRECTION('',(0.,0.,-1.));
#4398=DIRECTION('',(-1.,0.,0.));
#4399=DIRECTION('',(0.,0.,1.));
#4400=DIRECTION('',(0.,0.,-1.));
#4401=DIRECTION('',(0.,1.,0.));
#4402=DIRECTION('',(2.22400445638052E-16,1.,0.));
#4403=DIRECTION('',(-1.,2.22400445638052E-16,0.));
#4404=DIRECTION('',(0.,0.,-1.));
#4405=DIRECTION('',(1.,-2.22400445638052E-16,0.));
#4406=DIRECTION('',(1.,0.,0.));
#4407=DIRECTION('',(0.,0.,-1.));
#4408=DIRECTION('',(0.,0.,-1.));
#4409=DIRECTION('',(0.,-1.,0.));
#4410=DIRECTION('',(0.,0.,-1.));
#4411=DIRECTION('',(0.,-1.,0.));
#4412=DIRECTION('',(0.,0.,-1.));
#4413=DIRECTION('',(0.,0.,-1.));
#4414=DIRECTION('',(-1.,0.,0.));
#4415=DIRECTION('',(-1.,0.,0.));
#4416=DIRECTION('',(0.,0.,1.));
#4417=DIRECTION('',(0.,0.,-1.));
#4418=DIRECTION('',(0.,1.,0.));
#4419=DIRECTION('',(0.,1.,0.));
#4420=DIRECTION('',(0.,0.,1.));
#4421=DIRECTION('',(0.,0.,-1.));
#4422=DIRECTION('',(1.,0.,0.));
#4423=DIRECTION('',(0.,0.,-1.));
#4424=DIRECTION('',(1.,0.,0.));
#4425=DIRECTION('',(0.,0.,-1.));
#4426=DIRECTION('',(0.,0.,-1.));
#4427=DIRECTION('',(0.,-1.,0.));
#4428=DIRECTION('',(0.,-1.,0.));
#4429=DIRECTION('',(0.,0.,-1.));
#4430=DIRECTION('',(0.,0.,-1.));
#4431=DIRECTION('',(-1.,0.,0.));
#4432=DIRECTION('',(-1.,0.,0.));
#4433=DIRECTION('',(0.,0.,1.));
#4434=DIRECTION('',(0.,0.,-1.));
#4435=DIRECTION('',(0.,1.,0.));
#4436=DIRECTION('',(0.,0.,-1.));
#4437=DIRECTION('',(-2.22400445638052E-16,-1.,0.));
#4438=DIRECTION('',(1.,-2.22400445638052E-16,0.));
#4439=DIRECTION('',(0.,0.,-1.));
#4440=DIRECTION('',(-1.,2.22400445638052E-16,0.));
#4441=DIRECTION('',(1.,-2.22400445638052E-16,0.));
#4442=DIRECTION('',(2.22400445638052E-16,1.,0.));
#4443=DIRECTION('',(0.,0.,-1.));
#4444=DIRECTION('',(-2.22400445638052E-16,-1.,0.));
#4445=DIRECTION('',(2.22400445638052E-16,1.,0.));
#4446=DIRECTION('',(-1.,2.22400445638052E-16,0.));
#4447=DIRECTION('',(0.,0.,-1.));
#4448=DIRECTION('',(1.,-2.22400445638052E-16,0.));
#4449=DIRECTION('',(0.,0.,-1.));
#4450=DIRECTION('',(1.,-2.22400445638052E-16,0.));
#4451=DIRECTION('',(2.22400445638052E-16,1.,0.));
#4452=DIRECTION('',(0.,0.,-1.));
#4453=DIRECTION('',(-2.22400445638052E-16,-1.,0.));
#4454=DIRECTION('',(-4.44800891276104E-16,-1.,0.));
#4455=DIRECTION('',(1.,-4.44800891276104E-16,0.));
#4456=DIRECTION('',(0.,0.,-1.));
#4457=DIRECTION('',(-1.,4.44800891276104E-16,0.));
#4458=DIRECTION('',(1.,-2.22400445638052E-16,0.));
#4459=DIRECTION('',(2.22400445638052E-16,1.,0.));
#4460=DIRECTION('',(0.,0.,-1.));
#4461=DIRECTION('',(-2.22400445638052E-16,-1.,0.));
#4462=DIRECTION('',(0.,0.,-1.));
#4463=DIRECTION('',(-2.22400445638052E-16,-1.,0.));
#4464=DIRECTION('',(1.,-2.22400445638052E-16,0.));
#4465=DIRECTION('',(0.,0.,-1.));
#4466=DIRECTION('',(-1.,2.22400445638052E-16,0.));
#4467=DIRECTION('',(-1.,2.22400445638052E-16,0.));
#4468=DIRECTION('',(-2.22400445638052E-16,-1.,0.));
#4469=DIRECTION('',(0.,0.,-1.));
#4470=DIRECTION('',(2.22400445638052E-16,1.,0.));
#4471=DIRECTION('',(0.,1.,0.));
#4472=DIRECTION('',(0.,0.,1.));
#4473=DIRECTION('',(0.,0.,-1.));
#4474=DIRECTION('',(1.,0.,0.));
#4475=DIRECTION('',(0.,0.,-1.));
#4476=DIRECTION('',(1.,-2.22400445638052E-16,0.));
#4477=DIRECTION('',(2.22400445638052E-16,1.,0.));
#4478=DIRECTION('',(0.,0.,-1.));
#4479=DIRECTION('',(-2.22400445638052E-16,-1.,0.));
#4480=DIRECTION('',(-1.11200222819026E-16,-1.,0.));
#4481=DIRECTION('',(1.,-1.11200222819026E-16,0.));
#4482=DIRECTION('',(0.,0.,-1.));
#4483=DIRECTION('',(-1.,1.11200222819026E-16,0.));
#4484=DIRECTION('',(0.,1.,0.));
#4485=DIRECTION('',(0.,0.,1.));
#4486=DIRECTION('',(0.,0.,-1.));
#4487=DIRECTION('',(1.,0.,0.));
#4488=DIRECTION('',(0.,0.,-1.));
#4489=DIRECTION('',(1.,-2.22400445638052E-16,0.));
#4490=DIRECTION('',(2.22400445638052E-16,1.,0.));
#4491=DIRECTION('',(0.,0.,-1.));
#4492=DIRECTION('',(-2.22400445638052E-16,-1.,0.));
#4493=DIRECTION('',(-2.22400445638052E-16,-1.,0.));
#4494=DIRECTION('',(1.,-2.22400445638052E-16,0.));
#4495=DIRECTION('',(0.,0.,-1.));
#4496=DIRECTION('',(-1.,2.22400445638052E-16,0.));
#4497=DIRECTION('',(-1.,0.,0.));
#4498=DIRECTION('',(0.,0.,1.));
#4499=DIRECTION('',(0.,0.,-1.));
#4500=DIRECTION('',(0.,1.,0.));
#4501=DIRECTION('',(0.,0.,-1.));
#4502=DIRECTION('',(2.22400445638052E-16,1.,0.));
#4503=DIRECTION('',(-1.,2.22400445638052E-16,0.));
#4504=DIRECTION('',(0.,0.,-1.));
#4505=DIRECTION('',(1.,-2.22400445638052E-16,0.));
#4506=DIRECTION('',(1.,-2.22400445638052E-16,0.));
#4507=DIRECTION('',(2.22400445638052E-16,1.,0.));
#4508=DIRECTION('',(0.,0.,-1.));
#4509=DIRECTION('',(-2.22400445638052E-16,-1.,0.));
#4510=DIRECTION('',(-0.112562519933784,0.993644644279914,0.));
#4511=DIRECTION('',(-0.993644644279914,-0.112562519933784,0.));
#4512=DIRECTION('',(0.993644644279914,0.112562519933783,0.));
#4513=DIRECTION('',(0.,0.,-1.));
#4514=DIRECTION('',(0.,0.,-1.));
#4515=DIRECTION('',(-1.,0.,0.));
#4516=DIRECTION('',(0.,0.,1.));
#4517=DIRECTION('',(0.,1.,0.));
#4518=DIRECTION('',(0.,0.,-1.));
#4519=DIRECTION('',(0.,0.,-1.));
#4520=DIRECTION('',(0.707106857629191,0.707106704743896,0.));
#4521=DIRECTION('',(-0.707106704743896,0.707106857629191,0.));
#4522=DIRECTION('',(0.707106704743896,-0.707106857629191,0.));
#4523=DIRECTION('',(0.,0.,-1.));
#4524=DIRECTION('',(0.,0.,-1.));
#4525=DIRECTION('',(0.,-1.,0.));
#4526=DIRECTION('',(0.,0.,-1.));
#4527=DIRECTION('',(-1.,0.,0.));
#4528=DIRECTION('',(0.,0.,-1.));
#4529=DIRECTION('',(0.,0.,-1.));
#4530=DIRECTION('',(0.844888310097867,-0.534942747833795,0.));
#4531=DIRECTION('',(0.534942747833795,0.844888310097867,0.));
#4532=DIRECTION('',(0.,0.,-1.));
#4533=DIRECTION('',(-0.534942747833795,-0.844888310097867,0.));
#4534=DIRECTION('',(0.,0.,-1.));
#4535=DIRECTION('',(0.999961212695737,0.00880755948438649,0.));
#4536=DIRECTION('',(-0.00880755948438649,0.999961212695737,0.));
#4537=DIRECTION('',(0.,0.,-1.));
#4538=DIRECTION('',(0.00880755948438649,-0.999961212695737,0.));
#4539=DIRECTION('',(0.,0.,-1.));
#4540=DIRECTION('',(8.57024458169108E-16,-1.,0.));
#4541=DIRECTION('',(1.,8.57024458169108E-16,0.));
#4542=DIRECTION('',(-1.,-8.57024458169108E-16,0.));
#4543=DIRECTION('',(8.57024458169108E-16,-1.,0.));
#4544=DIRECTION('',(-0.707106781186548,-6.06007806014103E-16,0.707106781186547));
#4545=DIRECTION('',(-1.,-8.57024458169108E-16,0.));
#4546=DIRECTION('',(8.57024458169108E-16,-1.,0.));
#4547=DIRECTION('',(0.707106781186548,6.06007806014103E-16,0.707106781186548));
#4548=DIRECTION('',(1.,0.,0.));
#4549=DIRECTION('',(0.,0.,-1.));
#4550=DIRECTION('',(0.,-1.,0.));
#4551=DIRECTION('',(1.,-4.44800891276104E-16,0.));
#4552=DIRECTION('',(4.44800891276104E-16,1.,0.));
#4553=DIRECTION('',(-4.44800891276104E-16,-1.,0.));
#4554=DIRECTION('',(-1.,0.,0.));
#4555=DIRECTION('',(0.,0.,1.));
#4556=DIRECTION('',(0.,1.,0.));
#4557=DIRECTION('',(-1.,0.,0.));
#4558=DIRECTION('',(0.,0.,1.));
#4559=DIRECTION('',(0.,1.,0.));
#4560=DIRECTION('',(0.,1.,0.));
#4561=DIRECTION('',(0.,0.,1.));
#4562=DIRECTION('',(1.,0.,0.));
#4563=DIRECTION('',(0.,1.,0.));
#4564=DIRECTION('',(0.,0.,1.));
#4565=DIRECTION('',(1.,0.,0.));
#4566=DIRECTION('',(1.,-2.22400445638052E-16,0.));
#4567=DIRECTION('',(2.22400445638052E-16,1.,0.));
#4568=DIRECTION('',(-2.22400445638052E-16,-1.,0.));
#4569=DIRECTION('',(0.,0.,-1.));
#4570=DIRECTION('',(-1.,0.,0.));
#4571=DIRECTION('',(0.,0.,1.));
#4572=DIRECTION('',(1.,0.,0.));
#4573=DIRECTION('',(0.,0.,-1.));
#4574=DIRECTION('',(-1.,0.,0.));
#4575=DIRECTION('',(0.,0.,1.));
#4576=DIRECTION('',(1.,0.,0.));
#4577=DIRECTION('',(0.,0.,-1.));
#4578=DIRECTION('',(-1.,0.,0.));
#4579=DIRECTION('',(0.,0.,1.));
#4580=DIRECTION('',(1.,0.,0.));
#4581=DIRECTION('',(0.,0.,-1.));
#4582=DIRECTION('',(-1.,0.,0.));
#4583=DIRECTION('',(0.,0.,1.));
#4584=DIRECTION('',(1.,0.,0.));
#4585=DIRECTION('',(0.,-1.,0.));
#4586=DIRECTION('',(0.,0.,-1.));
#4587=DIRECTION('',(-1.,0.,0.));
#4588=DIRECTION('',(0.,-1.,0.));
#4589=DIRECTION('',(0.,0.,-1.));
#4590=DIRECTION('',(-1.,0.,0.));
#4591=DIRECTION('',(1.,-2.22400445638052E-16,0.));
#4592=DIRECTION('',(2.22400445638052E-16,1.,0.));
#4593=DIRECTION('',(-2.22400445638052E-16,-1.,0.));
#4594=DIRECTION('',(1.,-2.22400445638052E-16,0.));
#4595=DIRECTION('',(2.22400445638052E-16,1.,0.));
#4596=DIRECTION('',(-2.22400445638052E-16,-1.,0.));
#4597=DIRECTION('',(1.,-2.22400445638052E-16,0.));
#4598=DIRECTION('',(2.22400445638052E-16,1.,0.));
#4599=DIRECTION('',(-2.22400445638052E-16,-1.,0.));
#4600=DIRECTION('',(1.,0.,0.));
#4601=DIRECTION('',(0.,0.,-1.));
#4602=DIRECTION('',(0.,-1.,0.));
#4603=DIRECTION('',(2.22400445638052E-16,1.,0.));
#4604=DIRECTION('',(-1.,2.22400445638052E-16,0.));
#4605=DIRECTION('',(1.,-2.22400445638052E-16,0.));
#4606=DIRECTION('',(-1.,0.,0.));
#4607=DIRECTION('',(0.,0.,1.));
#4608=DIRECTION('',(0.,1.,0.));
#4609=DIRECTION('',(-1.11200222819026E-16,-1.,0.));
#4610=DIRECTION('',(1.,-1.11200222819026E-16,0.));
#4611=DIRECTION('',(-1.,1.11200222819026E-16,0.));
#4612=DIRECTION('',(-1.,0.,0.));
#4613=DIRECTION('',(0.,0.,1.));
#4614=DIRECTION('',(0.,1.,0.));
#4615=DIRECTION('',(1.11200222819026E-16,1.,0.));
#4616=DIRECTION('',(-1.,1.11200222819026E-16,0.));
#4617=DIRECTION('',(1.,-1.11200222819026E-16,0.));
#4618=DIRECTION('',(-1.,2.22400445638052E-16,0.));
#4619=DIRECTION('',(-2.22400445638052E-16,-1.,0.));
#4620=DIRECTION('',(2.22400445638052E-16,1.,0.));
#4621=DIRECTION('',(-1.,2.22400445638052E-16,0.));
#4622=DIRECTION('',(-2.22400445638052E-16,-1.,0.));
#4623=DIRECTION('',(2.22400445638052E-16,1.,0.));
#4624=DIRECTION('',(-2.22400445638052E-16,-1.,0.));
#4625=DIRECTION('',(1.,-2.22400445638052E-16,0.));
#4626=DIRECTION('',(-1.,2.22400445638052E-16,0.));
#4627=DIRECTION('',(0.111059546613138,0.993813753731596,0.));
#4628=DIRECTION('',(-0.993813753731596,0.111059546613138,0.));
#4629=DIRECTION('',(0.,0.,-1.));
#4630=DIRECTION('',(0.993813753731596,-0.111059546613138,0.));
#4631=DIRECTION('',(0.,0.,-1.));
#4632=DIRECTION('',(0.,1.,0.));
#4633=DIRECTION('',(0.,0.,1.));
#4634=DIRECTION('',(0.,1.,0.));
#4635=DIRECTION('',(-0.707106781186548,0.,-0.707106781186547));
#4636=DIRECTION('',(1.,0.,0.));
#4637=DIRECTION('',(0.,1.,0.));
#4638=DIRECTION('',(-0.707106781186548,0.,0.707106781186547));
#4639=DIRECTION('',(1.,0.,0.));
#4640=DIRECTION('',(0.,0.,1.));
#4641=DIRECTION('',(1.,0.,0.));
#4642=DIRECTION('',(0.,0.,1.));
#4643=DIRECTION('',(1.,0.,0.));
#4644=DIRECTION('',(0.,0.,1.));
#4645=DIRECTION('',(1.,0.,0.));
#4646=DIRECTION('',(0.,0.,1.));
#4647=DIRECTION('',(1.,0.,0.));
#4648=DIRECTION('',(0.,0.,1.));
#4649=DIRECTION('',(1.,0.,0.));
#4650=DIRECTION('',(0.,0.,1.));
#4651=DIRECTION('',(1.,0.,0.));
#4652=DIRECTION('',(0.,0.,1.));
#4653=DIRECTION('',(1.,0.,0.));
#4654=DIRECTION('',(0.,0.,1.));
#4655=DIRECTION('',(1.,0.,0.));
#4656=DIRECTION('',(0.,0.,-1.));
#4657=DIRECTION('',(-1.,0.,0.));
#4658=DIRECTION('',(0.,0.,-1.));
#4659=DIRECTION('',(-1.,0.,0.));
#4660=DIRECTION('',(0.,0.,1.));
#4661=DIRECTION('',(1.,0.,0.));
#4662=DIRECTION('',(0.,0.,1.));
#4663=DIRECTION('',(1.,0.,0.));
#4664=DIRECTION('',(0.,0.,-1.));
#4665=DIRECTION('',(-1.,0.,0.));
#4666=DIRECTION('',(0.,0.,-1.));
#4667=DIRECTION('',(-1.,0.,0.));
#4668=DIRECTION('',(0.,0.,-1.));
#4669=DIRECTION('',(-1.,0.,0.));
#4670=DIRECTION('',(1.,1.01166945462008E-15,0.));
#4671=DIRECTION('',(-1.01166945462008E-15,1.,0.));
#4672=DIRECTION('',(1.,1.01166945462008E-15,0.));
#4673=DIRECTION('',(7.15358331681158E-16,-0.707106781186548,0.707106781186548));
#4674=DIRECTION('',(1.01166945462008E-15,-1.,0.));
#4675=DIRECTION('',(1.,1.01166945462008E-15,0.));
#4676=DIRECTION('',(7.15358331681158E-16,-0.707106781186548,-0.707106781186548));
#4677=DIRECTION('',(1.,6.74446303080056E-16,0.));
#4678=DIRECTION('',(-6.74446303080056E-16,1.,0.));
#4679=DIRECTION('',(-6.74446303080056E-16,1.,0.));
#4680=DIRECTION('',(1.,6.74446303080056E-16,0.));
#4681=DIRECTION('',(4.76905554454105E-16,-0.707106781186548,0.707106781186548));
#4682=DIRECTION('',(1.,6.74446303080056E-16,0.));
#4683=DIRECTION('',(4.76905554454105E-16,-0.707106781186548,-0.707106781186548));
#4684=DIRECTION('',(0.707106781186547,0.,-0.707106781186548));
#4685=DIRECTION('',(0.,1.,0.));
#4686=DIRECTION('',(-0.577350269189626,0.577350269189626,-0.577350269189626));
#4687=DIRECTION('',(-0.577350269189626,-0.577350269189626,-0.577350269189626));
#4688=DIRECTION('',(0.,0.707106781186547,0.707106781186548));
#4689=DIRECTION('',(1.,0.,0.));
#4690=DIRECTION('',(0.577350269189626,-0.577350269189626,0.577350269189626));
#4691=DIRECTION('',(0.577350269189626,0.577350269189626,-0.577350269189626));
#4692=DIRECTION('',(0.,0.707106781186547,-0.707106781186548));
#4693=DIRECTION('',(-1.,0.,0.));
#4694=DIRECTION('',(-0.577350269189626,0.577350269189626,0.577350269189626));
#4695=DIRECTION('',(-0.577350269189626,-0.577350269189626,-0.577350269189626));
#4696=DIRECTION('',(0.707106781186547,0.,0.707106781186548));
#4697=DIRECTION('',(0.,-1.,0.));
#4698=DIRECTION('',(0.577350269189626,0.577350269189626,-0.577350269189626));
#4699=DIRECTION('',(0.577350269189626,-0.577350269189626,-0.577350269189626));
#4700=DIRECTION('',(-0.577350269189626,0.577350269189626,-0.577350269189626));
#4701=DIRECTION('',(-0.707106781186548,-0.707106781186548,0.));
#4702=DIRECTION('',(-0.577350269189626,-0.577350269189626,0.577350269189626));
#4703=DIRECTION('',(0.707106781186548,-0.707106781186548,0.));
#4704=DIRECTION('',(-0.577350269189626,0.577350269189626,0.577350269189626));
#4705=DIRECTION('',(-0.707106781186548,-0.707106781186548,0.));
#4706=DIRECTION('',(-0.577350269189626,-0.577350269189626,-0.577350269189626));
#4707=DIRECTION('',(0.707106781186548,-0.707106781186548,0.));
#4708=DIRECTION('',(-6.06007806014104E-16,0.707106781186548,0.707106781186548));
#4709=DIRECTION('',(1.,8.57024458169109E-16,0.));
#4710=DIRECTION('',(-0.577350269189626,0.577350269189625,-0.577350269189626));
#4711=DIRECTION('',(0.577350269189626,0.577350269189626,-0.577350269189626));
#4712=DIRECTION('',(8.17756488897797E-16,-0.707106781186548,0.707106781186548));
#4713=DIRECTION('',(-1.,-1.15648231731787E-15,0.));
#4714=DIRECTION('',(0.577350269189625,0.577350269189627,0.577350269189626));
#4715=DIRECTION('',(-0.577350269189627,0.577350269189625,0.577350269189626));
#4716=DIRECTION('',(-0.707106781186548,-7.15358331681158E-16,0.707106781186548));
#4717=DIRECTION('',(-1.01166945462008E-15,1.,0.));
#4718=DIRECTION('',(-0.577350269189626,0.577350269189625,-0.577350269189626));
#4719=DIRECTION('',(0.577350269189625,0.577350269189627,0.577350269189626));
#4720=DIRECTION('',(-0.707106781186547,-4.76905554454105E-16,-0.707106781186548));
#4721=DIRECTION('',(6.74446303080056E-16,-1.,0.));
#4722=DIRECTION('',(-0.577350269189626,-0.577350269189626,0.577350269189626));
#4723=DIRECTION('',(0.577350269189627,-0.577350269189625,-0.577350269189626));
#4724=DIRECTION('',(0.577350269189626,-0.577350269189625,0.577350269189626));
#4725=DIRECTION('',(0.707106781186547,0.,-0.707106781186548));
#4726=DIRECTION('',(-0.577350269189626,-0.577350269189626,0.577350269189626));
#4727=DIRECTION('',(0.,-0.707106781186547,-0.707106781186548));
#4728=DIRECTION('',(-0.577350269189625,-0.577350269189626,-0.577350269189626));
#4729=DIRECTION('',(0.,0.707106781186547,-0.707106781186548));
#4730=DIRECTION('',(0.577350269189627,-0.577350269189625,-0.577350269189626));
#4731=DIRECTION('',(-0.707106781186547,0.,-0.707106781186548));
#4732=DIRECTION('',(-1.66533453693773E-16,0.,-1.));
#4733=DIRECTION('',(-1.,0.,1.66533453693773E-16));
#4734=CARTESIAN_POINT('',(0.,0.,0.));
#4735=CARTESIAN_POINT('',(-0.0709110043636354,-0.019883336,-0.009));
#4736=CARTESIAN_POINT('',(-0.0732235443636354,-0.019883336,-0.009));
#4737=CARTESIAN_POINT('',(-0.0732235443636354,-0.019883336,-0.006461));
#4738=CARTESIAN_POINT('',(-0.0732235443636354,-0.019883336,-0.005));
#4739=CARTESIAN_POINT('',(-0.0685984643636354,-0.019883336,-0.006461));
#4740=CARTESIAN_POINT('',(-0.0685984643636354,-0.019883336,-0.006461));
#4741=CARTESIAN_POINT('',(-0.0685984643636354,-0.019883336,-0.009));
#4742=CARTESIAN_POINT('',(-0.0685984643636354,-0.019883336,-0.005));
#4743=CARTESIAN_POINT('',(-0.0709110043636354,-0.019883336,-0.005));
#4744=CARTESIAN_POINT('',(-0.0709110043636354,-0.030991336,-0.009));
#4745=CARTESIAN_POINT('',(-0.0685984643636354,-0.030991336,-0.009));
#4746=CARTESIAN_POINT('',(-0.0685984643636354,-0.030991336,-0.006461));
#4747=CARTESIAN_POINT('',(-0.0685984643636354,-0.030991336,-0.005));
#4748=CARTESIAN_POINT('',(-0.0709110043636354,-0.030991336,-0.006461));
#4749=CARTESIAN_POINT('',(-0.0732235443636354,-0.030991336,-0.006461));
#4750=CARTESIAN_POINT('',(-0.0732235443636354,-0.030991336,-0.009));
#4751=CARTESIAN_POINT('',(-0.0732235443636354,-0.030991336,-0.005));
#4752=CARTESIAN_POINT('',(-0.0685984643636354,-0.030991336,-0.005));
#4753=CARTESIAN_POINT('',(-0.0364746988636354,0.055516331,-0.003));
#4754=CARTESIAN_POINT('',(-0.0364746988636354,0.055516331,0.));
#4755=CARTESIAN_POINT('',(-0.0665677632631388,0.0521073143250371,0.));
#4756=CARTESIAN_POINT('',(-0.0019618837528951,0.0594260279537726,0.));
#4757=CARTESIAN_POINT('',(-0.0019618837528951,0.0594260279537726,-0.003));
#4758=CARTESIAN_POINT('',(-0.0019618837528951,0.0594260279537726,-0.009));
#4759=CARTESIAN_POINT('',(-0.0364746988636354,0.055516331,-0.009));
#4760=CARTESIAN_POINT('',(-0.0665677632631388,0.0521073143250371,-0.009));
#4761=CARTESIAN_POINT('',(-0.0665677632631388,0.0521073143250371,-0.003));
#4762=CARTESIAN_POINT('',(-0.0732235443636354,-0.041671836,-0.003));
#4763=CARTESIAN_POINT('',(-0.0732235443636354,-0.028991336,-0.006461));
#4764=CARTESIAN_POINT('',(-0.0732235443636354,-0.028991336,-0.008461));
#4765=CARTESIAN_POINT('',(-0.0732235443636354,-0.030991336,-0.008461));
#4766=CARTESIAN_POINT('',(-0.0732235443636354,-0.021883336,-0.008461));
#4767=CARTESIAN_POINT('',(-0.0732235443636354,-0.021883336,-0.006461));
#4768=CARTESIAN_POINT('',(-0.0732235443636354,-0.021883336,-0.005));
#4769=CARTESIAN_POINT('',(-0.0732235443636354,-0.021883336,-0.003));
#4770=CARTESIAN_POINT('',(-0.0732235443636354,-0.041671836,-0.003));
#4771=CARTESIAN_POINT('',(-0.0732235443636354,-0.028991336,-0.003));
#4772=CARTESIAN_POINT('',(-0.0732235443636354,-0.028991336,-0.005));
#4773=CARTESIAN_POINT('',(-0.0732235443636354,-0.041671836,-0.009));
#4774=CARTESIAN_POINT('',(-0.0732235443636354,-0.0492457347571555,-0.009));
#4775=CARTESIAN_POINT('',(-0.0732235443636354,-0.030991336,-0.00899977001621305));
#4776=CARTESIAN_POINT('',(-0.0732235443636354,-0.0492457347571555,0.));
#4777=CARTESIAN_POINT('',(-0.0732235443636354,-0.0492457347571555,0.));
#4778=CARTESIAN_POINT('',(-0.0732235443636354,-0.041671836,0.));
#4779=CARTESIAN_POINT('',(-0.0732235443636354,0.0446549794929378,0.));
#4780=CARTESIAN_POINT('',(-0.0732235443636354,0.0446549794929378,-0.003));
#4781=CARTESIAN_POINT('',(-0.0732235443636354,0.0446549794929378,-0.009));
#4782=CARTESIAN_POINT('',(-0.0732235443636354,0.0157349975,-0.009));
#4783=CARTESIAN_POINT('',(-0.0732235443636354,-0.019883336,-0.00899977001621305));
#4784=CARTESIAN_POINT('',(-0.0732235443636354,-0.030991336,-0.00899954003242611));
#4785=CARTESIAN_POINT('',(-0.0709110043636354,-0.0546648765,-0.003));
#4786=CARTESIAN_POINT('',(-0.0709110043636354,-0.0546648765,0.));
#4787=CARTESIAN_POINT('',(-0.0710268457958544,-0.0545490350427347,0.));
#4788=CARTESIAN_POINT('',(-0.0707951636031024,-0.0547807172855792,0.));
#4789=CARTESIAN_POINT('',(-0.0710268457958544,-0.0545490350427347,-0.009));
#4790=CARTESIAN_POINT('',(-0.0710268457958544,-0.0545490350427347,-0.009));
#4791=CARTESIAN_POINT('',(-0.0709110043636354,-0.0546648765,-0.009));
#4792=CARTESIAN_POINT('',(-0.0707951636031024,-0.0547807172855792,-0.009));
#4793=CARTESIAN_POINT('',(-0.0707951636031024,-0.0547807172855792,0.));
#4794=CARTESIAN_POINT('',(-0.00949255487273472,-0.056977417,-0.003));
#4795=CARTESIAN_POINT('',(-0.00949255487273472,-0.056977417,0.));
#4796=CARTESIAN_POINT('',(0.0454850818635785,-0.056977417,0.));
#4797=CARTESIAN_POINT('',(-0.0654918621708835,-0.056977417,0.));
#4798=CARTESIAN_POINT('',(-0.0654918621708835,-0.056977417,-0.009));
#4799=CARTESIAN_POINT('',(-0.0654918621708835,-0.056977417,-0.009));
#4800=CARTESIAN_POINT('',(-0.00949255487273472,-0.056977417,-0.009));
#4801=CARTESIAN_POINT('',(0.0454850818635785,-0.056977417,-0.009));
#4802=CARTESIAN_POINT('',(0.0454850818635785,-0.056977417,-0.003));
#4803=CARTESIAN_POINT('',(0.0624947883279371,-0.036632487,-0.003));
#4804=CARTESIAN_POINT('',(0.0624947883279371,-0.036632487,0.));
#4805=CARTESIAN_POINT('',(0.0741937057405588,-0.0181552226520863,0.));
#4806=CARTESIAN_POINT('',(0.0518217441893125,-0.0534894876087535,0.));
#4807=CARTESIAN_POINT('',(0.0518217441893125,-0.0534894876087535,-0.003));
#4808=CARTESIAN_POINT('',(0.0518217441893125,-0.0534894876087535,-0.009));
#4809=CARTESIAN_POINT('',(0.0624947883279371,-0.036632487,-0.009));
#4810=CARTESIAN_POINT('',(0.0741937057405588,-0.0181552226520863,-0.009));
#4811=CARTESIAN_POINT('',(0.0741937057405587,-0.0181552226520863,-0.003));
#4812=CARTESIAN_POINT('',(0.0750783355441822,0.0175328151291979,-0.003));
#4813=CARTESIAN_POINT('',(0.0750783355441822,0.0175328151291979,0.));
#4814=CARTESIAN_POINT('',(0.0748390134422908,0.0447041126556518,0.));
#4815=CARTESIAN_POINT('',(0.0753567525100428,-0.0140770953471999,0.));
#4816=CARTESIAN_POINT('',(0.0753567525100428,-0.0140770953471999,-0.003));
#4817=CARTESIAN_POINT('',(0.0753567525100428,-0.0140770953471999,-0.009));
#4818=CARTESIAN_POINT('',(0.0750783355441822,0.0175328151291979,-0.009));
#4819=CARTESIAN_POINT('',(0.0748390134422908,0.0447041126556518,-0.009));
#4820=CARTESIAN_POINT('',(0.0748390134422908,0.0447041126556518,-0.003));
#4821=CARTESIAN_POINT('',(0.0650663756363646,0.043462402,-0.003));
#4822=CARTESIAN_POINT('',(0.0650663756363646,0.043462402,-0.003));
#4823=CARTESIAN_POINT('',(0.0665663756363646,0.043462402,-0.003));
#4824=CARTESIAN_POINT('',(0.0650663756363646,0.043462402,0.));
#4825=CARTESIAN_POINT('',(0.0665663756363646,0.043462402,0.));
#4826=CARTESIAN_POINT('',(0.0535663756363646,-0.030537598,-0.003));
#4827=CARTESIAN_POINT('',(0.0535663756363646,-0.030537598,-0.003));
#4828=CARTESIAN_POINT('',(0.0550663756363646,-0.030537598,-0.003));
#4829=CARTESIAN_POINT('',(0.0535663756363646,-0.030537598,0.));
#4830=CARTESIAN_POINT('',(0.0550663756363646,-0.030537598,0.));
#4831=CARTESIAN_POINT('',(-0.0636336243636354,0.044012402,-0.003));
#4832=CARTESIAN_POINT('',(-0.0636336243636354,0.044012402,-0.003));
#4833=CARTESIAN_POINT('',(-0.0621336243636354,0.044012402,-0.003));
#4834=CARTESIAN_POINT('',(-0.0636336243636354,0.044012402,0.));
#4835=CARTESIAN_POINT('',(-0.0621336243636354,0.044012402,0.));
#4836=CARTESIAN_POINT('',(-0.0609336243636354,-0.044037598,-0.003));
#4837=CARTESIAN_POINT('',(-0.0609336243636354,-0.044037598,-0.003));
#4838=CARTESIAN_POINT('',(-0.0594336243636354,-0.044037598,-0.003));
#4839=CARTESIAN_POINT('',(-0.0609336243636354,-0.044037598,0.));
#4840=CARTESIAN_POINT('',(-0.0594336243636354,-0.044037598,0.));
#4841=CARTESIAN_POINT('',(0.0375272978435103,0.0555162591291979,-0.003));
#4842=CARTESIAN_POINT('',(0.0375272978435103,0.0555162591291979,-0.009));
#4843=CARTESIAN_POINT('',(0.00251055757804332,0.0594294101428063,-0.009));
#4844=CARTESIAN_POINT('',(0.0681722509466713,0.0520916591125059,-0.009));
#4845=CARTESIAN_POINT('',(0.00251055757804332,0.0594294101428063,-0.003));
#4846=CARTESIAN_POINT('',(0.00251055757804332,0.0594294101428063,0.));
#4847=CARTESIAN_POINT('',(0.0375272978435103,0.0555162591291979,0.));
#4848=CARTESIAN_POINT('',(0.0681722509466713,0.0520916591125059,0.));
#4849=CARTESIAN_POINT('',(0.0681722509466713,0.0520916591125059,-0.003));
#4850=CARTESIAN_POINT('',(-0.00142366116296359,0.00135095699999998,-0.003));
#4851=CARTESIAN_POINT('',(-0.0685984643636354,0.00135095699999998,-0.003));
#4852=CARTESIAN_POINT('',(-0.0685984643636354,-0.052352336,-0.003));
#4853=CARTESIAN_POINT('',(-0.0685984643636354,-0.028991336,-0.003));
#4854=CARTESIAN_POINT('',(-0.0732235443636354,-0.028991336,-0.003));
#4855=CARTESIAN_POINT('',(-0.00142366116296359,-0.021883336,-0.003));
#4856=CARTESIAN_POINT('',(-0.0685984643636354,-0.021883336,-0.003));
#4857=CARTESIAN_POINT('',(-0.0685984643636354,0.00135095699999998,-0.003));
#4858=CARTESIAN_POINT('',(-0.0685984643636354,0.048570464,-0.003));
#4859=CARTESIAN_POINT('',(-0.0064201217447707,0.0544241131933078,-0.003));
#4860=CARTESIAN_POINT('',(0.000274146636364561,0.055054331,-0.003));
#4861=CARTESIAN_POINT('',(0.00416377977265055,0.0546465468763865,-0.003));
#4862=CARTESIAN_POINT('',(0.0701871486363646,0.047724742,-0.003));
#4863=CARTESIAN_POINT('',(0.0705900175911855,0.0019852463616911,-0.003));
#4864=CARTESIAN_POINT('',(0.0707509626363646,-0.016287557,-0.003));
#4865=CARTESIAN_POINT('',(0.058069226145536,-0.0363170853116384,-0.003));
#4866=CARTESIAN_POINT('',(0.0479164746363545,-0.052352336,-0.003));
#4867=CARTESIAN_POINT('',(-0.00142366116296359,-0.052352336,-0.003));
#4868=CARTESIAN_POINT('',(0.0211352846363646,-0.052352336,-0.003));
#4869=CARTESIAN_POINT('',(-0.00728078442879176,-0.00195128397637681,-0.003));
#4870=CARTESIAN_POINT('',(0.0104228086363646,-0.033351817,-0.003));
#4871=CARTESIAN_POINT('',(-0.00142366116296359,-0.033351817,-0.003));
#4872=CARTESIAN_POINT('',(-0.0245336923636355,-0.033351817,-0.003));
#4873=CARTESIAN_POINT('',(-0.00864490585858611,0.00439092714201569,-0.003));
#4874=CARTESIAN_POINT('',(-0.0325324533636355,-0.052352336,-0.003));
#4875=CARTESIAN_POINT('',(-0.00142366116296359,-0.052352336,-0.003));
#4876=CARTESIAN_POINT('',(-0.00142366116296359,0.00135095699999998,0.));
#4877=CARTESIAN_POINT('',(0.000289366645780567,0.0395531350681744,0.));
#4878=CARTESIAN_POINT('',(-0.0657235443636355,0.0446549794929378,0.));
#4879=CARTESIAN_POINT('',(-0.0657235443636355,-0.0492457347571555,0.));
#4880=CARTESIAN_POINT('',(-0.0654918621708835,-0.049477417,0.));
#4881=CARTESIAN_POINT('',(0.0454850818635785,-0.049477417,0.));
#4882=CARTESIAN_POINT('',(0.0678570434148248,-0.0141431520433328,0.));
#4883=CARTESIAN_POINT('',(0.0673393043470728,0.044638055959519,0.));
#4884=CARTESIAN_POINT('',(-0.0685984643636354,0.014343564,-0.009));
#4885=CARTESIAN_POINT('',(-0.0685984643636354,-0.021883336,-0.005));
#4886=CARTESIAN_POINT('',(-0.0685984643636354,-0.021883336,-0.006461));
#4887=CARTESIAN_POINT('',(-0.0685984643636354,-0.021883336,-0.008461));
#4888=CARTESIAN_POINT('',(-0.0685984643636354,-0.030991336,-0.008461));
#4889=CARTESIAN_POINT('',(-0.0685984643636354,-0.028991336,-0.008461));
#4890=CARTESIAN_POINT('',(-0.0685984643636354,-0.028991336,-0.006461));
#4891=CARTESIAN_POINT('',(-0.0685984643636354,-0.028991336,-0.005));
#4892=CARTESIAN_POINT('',(-0.0685984643636354,-0.052352336,-0.009));
#4893=CARTESIAN_POINT('',(-0.0685984643636354,-0.052352336,-0.009));
#4894=CARTESIAN_POINT('',(-0.0685984643636354,-0.041671836,-0.009));
#4895=CARTESIAN_POINT('',(-0.0685984643636354,-0.030991336,-0.00899977001621305));
#4896=CARTESIAN_POINT('',(-0.0685984643636354,-0.030991336,-0.00899954003242611));
#4897=CARTESIAN_POINT('',(-0.0685984643636354,-0.019883336,-0.00899977001621305));
#4898=CARTESIAN_POINT('',(-0.0685984643636354,0.014343564,-0.009));
#4899=CARTESIAN_POINT('',(-0.0685984643636354,0.048570464,-0.009));
#4900=CARTESIAN_POINT('',(-0.0685984643636354,0.048570464,-0.009));
#4901=CARTESIAN_POINT('',(-0.0341621588636355,0.0518123975,-0.009));
#4902=CARTESIAN_POINT('',(-0.0341621588636355,0.0518123975,-0.009));
#4903=CARTESIAN_POINT('',(0.000274146636364561,0.055054331,-0.009));
#4904=CARTESIAN_POINT('',(0.000274146636364561,0.055054331,-0.009));
#4905=CARTESIAN_POINT('',(0.0352306476363645,0.0513895365,-0.009));
#4906=CARTESIAN_POINT('',(0.0352306476363645,0.0513895365,-0.009));
#4907=CARTESIAN_POINT('',(0.0701871486363646,0.047724742,-0.009));
#4908=CARTESIAN_POINT('',(0.0701871486363646,0.047724742,-0.009));
#4909=CARTESIAN_POINT('',(0.0704690556363646,0.0157185924999999,-0.009));
#4910=CARTESIAN_POINT('',(0.0704690556363646,0.0157185924999999,-0.009));
#4911=CARTESIAN_POINT('',(0.0707509626363646,-0.016287557,-0.009));
#4912=CARTESIAN_POINT('',(0.0707509626363646,-0.016287557,-0.009));
#4913=CARTESIAN_POINT('',(0.0593337186363595,-0.0343199465,-0.009));
#4914=CARTESIAN_POINT('',(0.0593337186363595,-0.0343199465,-0.009));
#4915=CARTESIAN_POINT('',(0.0479164746363545,-0.052352336,-0.009));
#4916=CARTESIAN_POINT('',(0.0479164746363545,-0.052352336,-0.009));
#4917=CARTESIAN_POINT('',(0.0345258796363595,-0.052352336,-0.009));
#4918=CARTESIAN_POINT('',(0.0345258796363595,-0.052352336,-0.009));
#4919=CARTESIAN_POINT('',(0.0211352846363646,-0.052352336,-0.009));
#4920=CARTESIAN_POINT('',(0.0211352846363646,-0.052352336,-0.009));
#4921=CARTESIAN_POINT('',(0.0157790466363646,-0.0428520765,-0.009));
#4922=CARTESIAN_POINT('',(0.0157790466363646,-0.0428520765,-0.009));
#4923=CARTESIAN_POINT('',(0.0104228086363646,-0.033351817,-0.009));
#4924=CARTESIAN_POINT('',(0.0104228086363646,-0.033351817,-0.009));
#4925=CARTESIAN_POINT('',(-0.00705544186363544,-0.033351817,-0.009));
#4926=CARTESIAN_POINT('',(-0.00705544186363544,-0.033351817,-0.009));
#4927=CARTESIAN_POINT('',(-0.0245336923636355,-0.033351817,-0.009));
#4928=CARTESIAN_POINT('',(-0.0245336923636355,-0.033351817,-0.009));
#4929=CARTESIAN_POINT('',(-0.0285330728636355,-0.0428520765,-0.009));
#4930=CARTESIAN_POINT('',(-0.0285330728636355,-0.0428520765,-0.009));
#4931=CARTESIAN_POINT('',(-0.0325324533636355,-0.052352336,-0.009));
#4932=CARTESIAN_POINT('',(-0.0325324533636355,-0.052352336,-0.009));
#4933=CARTESIAN_POINT('',(-0.0505654588636354,-0.052352336,-0.009));
#4934=CARTESIAN_POINT('',(-0.0505654588636354,-0.052352336,-0.009));
#4935=CARTESIAN_POINT('',(-0.00142366116296359,0.00135095699999998,-0.009));
#4936=CARTESIAN_POINT('',(0.000289366645780567,0.0395531350681744,-0.009));
#4937=CARTESIAN_POINT('',(0.0673393043470728,0.044638055959519,-0.009));
#4938=CARTESIAN_POINT('',(0.0678570434148248,-0.0141431520433328,-0.009));
#4939=CARTESIAN_POINT('',(0.0454850818635785,-0.049477417,-0.009));
#4940=CARTESIAN_POINT('',(-0.0654918621708835,-0.049477417,-0.009));
#4941=CARTESIAN_POINT('',(-0.0657235443636355,-0.0492457347571555,-0.009));
#4942=CARTESIAN_POINT('',(-0.0709110043636354,-0.030991336,-0.009));
#4943=CARTESIAN_POINT('',(-0.0709110043636354,-0.019883336,-0.009));
#4944=CARTESIAN_POINT('',(-0.0657235443636355,0.0446549794929378,-0.009));
#4945=CARTESIAN_POINT('',(-0.0657235443636355,-0.0492457347571555,-0.003));
#4946=CARTESIAN_POINT('',(-0.0654918621708835,-0.049477417,-0.003));
#4947=CARTESIAN_POINT('',(0.0454850818635785,-0.049477417,-0.003));
#4948=CARTESIAN_POINT('',(0.0678570434148248,-0.0141431520433328,-0.003));
#4949=CARTESIAN_POINT('',(0.0673393043470728,0.044638055959519,-0.003));
#4950=CARTESIAN_POINT('',(-0.0657235443636355,0.0446549794929378,-0.003));
#4951=CARTESIAN_POINT('',(0.000289366645780567,0.0395531350681744,-0.003));
#4952=CARTESIAN_POINT('',(-0.00142366116296359,-0.021883336,-0.005));
#4953=CARTESIAN_POINT('',(-0.0709110043636354,-0.028991336,-0.005));
#4954=CARTESIAN_POINT('',(-0.0709110043636354,-0.030991336,-0.008461));
#4955=CARTESIAN_POINT('',(-0.0732235443636354,-0.021883336,-0.008461));
#4956=CARTESIAN_POINT('',(-0.0709110043636354,-0.028991336,-0.008461));
#4957=CARTESIAN_POINT('',(-0.0709110043636354,-0.030991336,-0.00899954003242611));
#4958=CARTESIAN_POINT('',(-0.0709110043636354,-0.021883336,-0.006461));
#4959=CARTESIAN_POINT('',(-0.0709110043636354,-0.028991336,-0.006461));
#4960=CARTESIAN_POINT('',(-0.0460527700579391,0.0046574202288728,-0.000137312249882881));
#4961=CARTESIAN_POINT('',(-0.00150145767875452,-0.0056164731245283,0.));
#4962=CARTESIAN_POINT('',(-0.00150145767875452,-0.0184691699245283,0.));
#4963=CARTESIAN_POINT('',(0.0594601667323797,-0.0184691699245283,0.));
#4964=CARTESIAN_POINT('',(0.050911215826524,-0.0184691699245283,0.));
#4965=CARTESIAN_POINT('',(0.0523254293888971,-0.0212975970492745,0.));
#4966=CARTESIAN_POINT('',(0.049497002264151,-0.0198833834869014,0.));
#4967=CARTESIAN_POINT('',(0.049497002264151,-0.0056164731245283,0.));
#4968=CARTESIAN_POINT('',(0.049497002264151,-0.023553054617863,0.));
#4969=CARTESIAN_POINT('',(0.0523254293888971,-0.0221388410554898,0.));
#4970=CARTESIAN_POINT('',(0.0509112158265241,-0.024967268180236,0.));
#4971=CARTESIAN_POINT('',(-0.00150145767875452,-0.024967268180236,0.));
#4972=CARTESIAN_POINT('',(0.0594601667323797,-0.024967268180236,0.));
#4973=CARTESIAN_POINT('',(0.0580459531700066,-0.0221388410554898,0.));
#4974=CARTESIAN_POINT('',(0.0608743802947528,-0.023553054617863,0.));
#4975=CARTESIAN_POINT('',(0.0608743802947528,-0.0056164731245283,0.));
#4976=CARTESIAN_POINT('',(0.0608743802947528,-0.0198833834869014,0.));
#4977=CARTESIAN_POINT('',(0.0580459531700066,-0.0212975970492745,0.));
#4978=CARTESIAN_POINT('',(-0.0390524953794263,0.0485489008754717,0.));
#4979=CARTESIAN_POINT('',(-0.0691455597789298,0.0451398842005089,0.));
#4980=CARTESIAN_POINT('',(-0.00453968026868595,0.0524585978292444,0.));
#4981=CARTESIAN_POINT('',(-0.00228842987001028,0.0325857049436461,0.));
#4982=CARTESIAN_POINT('',(-6.72389377475297E-5,0.052461980018278,0.));
#4983=CARTESIAN_POINT('',(0.0349495013277194,0.0485488290046696,0.));
#4984=CARTESIAN_POINT('',(0.0655944544308804,0.0451242289879776,0.));
#4985=CARTESIAN_POINT('',(0.0647615078312819,0.0376706258349907,0.));
#4986=CARTESIAN_POINT('',(0.0722612169264999,0.0377366825311235,0.));
#4987=CARTESIAN_POINT('',(0.0725005390283913,0.0105653850046696,0.));
#4988=CARTESIAN_POINT('',(0.0727789559942518,-0.0210445254717282,0.));
#4989=CARTESIAN_POINT('',(0.0652792468990338,-0.0211105821678611,0.));
#4990=CARTESIAN_POINT('',(0.0716159092247678,-0.0251226527766146,0.));
#4991=CARTESIAN_POINT('',(0.0599169918121462,-0.0435999171245283,0.));
#4992=CARTESIAN_POINT('',(0.0492439476735215,-0.0604569177332818,0.));
#4993=CARTESIAN_POINT('',(0.0429072853477876,-0.0564448471245283,0.));
#4994=CARTESIAN_POINT('',(0.0429072853477876,-0.0639448471245283,0.));
#4995=CARTESIAN_POINT('',(-0.0120703513885256,-0.0639448471245283,0.));
#4996=CARTESIAN_POINT('',(-0.0680696586866744,-0.0639448471245283,0.));
#4997=CARTESIAN_POINT('',(-0.0680696586866744,-0.0564448471245283,0.));
#4998=CARTESIAN_POINT('',(-0.0733729601188934,-0.0617481474101075,0.));
#4999=CARTESIAN_POINT('',(-0.0734888008794264,-0.0616323066245283,0.));
#5000=CARTESIAN_POINT('',(-0.0736046423116453,-0.061516465167263,0.));
#5001=CARTESIAN_POINT('',(-0.0683013408794264,-0.0562131648816838,0.));
#5002=CARTESIAN_POINT('',(-0.0758013408794264,-0.0562131648816838,0.));
#5003=CARTESIAN_POINT('',(-0.0758013408794264,-0.0074669326245283,0.));
#5004=CARTESIAN_POINT('',(-0.0758013408794264,0.0376875493684095,0.));
#5005=CARTESIAN_POINT('',(-0.0683013408794264,0.0376875493684095,0.));
#5006=CARTESIAN_POINT('',(0.0448890576927224,-0.0230689449245283,0.));
#5007=CARTESIAN_POINT('',(0.0448890576927224,-0.0308689449245283,0.));
#5008=CARTESIAN_POINT('',(0.0448890576927224,-0.0152689449245283,0.));
#5009=CARTESIAN_POINT('',(0.0370890576927224,-0.0152689449245283,0.));
#5010=CARTESIAN_POINT('',(0.0292890576927224,-0.0152689449245283,0.));
#5011=CARTESIAN_POINT('',(0.0292890576927224,-0.0230689449245283,0.));
#5012=CARTESIAN_POINT('',(0.0292890576927224,-0.0308689449245283,0.));
#5013=CARTESIAN_POINT('',(0.0370890576927224,-0.0308689449245283,0.));
#5014=CARTESIAN_POINT('',(0.0180890576927224,-0.0358689449245283,0.));
#5015=CARTESIAN_POINT('',(0.0102890576927224,-0.0358689449245283,0.));
#5016=CARTESIAN_POINT('',(0.0258890576927224,-0.0358689449245283,0.));
#5017=CARTESIAN_POINT('',(0.0258890576927224,-0.0280689449245283,0.));
#5018=CARTESIAN_POINT('',(0.0258890576927224,-0.0202689449245283,0.));
#5019=CARTESIAN_POINT('',(0.0180890576927224,-0.0202689449245283,0.));
#5020=CARTESIAN_POINT('',(0.0102890576927224,-0.0202689449245283,0.));
#5021=CARTESIAN_POINT('',(0.0102890576927224,-0.0280689449245283,0.));
#5022=CARTESIAN_POINT('',(0.0180344296927223,-0.0181918209245283,0.));
#5023=CARTESIAN_POINT('',(0.0102344296927224,-0.0181918209245283,0.));
#5024=CARTESIAN_POINT('',(0.0258344296927224,-0.0181918209245283,0.));
#5025=CARTESIAN_POINT('',(0.0258344296927224,-0.0103918209245283,0.));
#5026=CARTESIAN_POINT('',(0.0258344296927224,-0.0025918209245283,0.));
#5027=CARTESIAN_POINT('',(0.0180344296927224,-0.0025918209245283,0.));
#5028=CARTESIAN_POINT('',(0.0102344296927224,-0.0025918209245283,0.));
#5029=CARTESIAN_POINT('',(0.0102344296927224,-0.0103918209245283,0.));
#5030=CARTESIAN_POINT('',(0.0102344296927224,0.0070846070754717,0.));
#5031=CARTESIAN_POINT('',(0.0102344296927224,0.0148846070754717,0.));
#5032=CARTESIAN_POINT('',(0.0102344296927224,-0.000715392924528301,0.));
#5033=CARTESIAN_POINT('',(0.0180344296927223,-0.000715392924528302,0.));
#5034=CARTESIAN_POINT('',(0.0258344296927224,-0.000715392924528303,0.));
#5035=CARTESIAN_POINT('',(0.0258344296927224,0.0070846070754717,0.));
#5036=CARTESIAN_POINT('',(0.0258344296927224,0.0148846070754717,0.));
#5037=CARTESIAN_POINT('',(0.0180344296927224,0.0148846070754717,0.));
#5038=CARTESIAN_POINT('',(0.0370470156927224,0.0042846070754717,0.));
#5039=CARTESIAN_POINT('',(0.0292470156927224,0.0042846070754717,0.));
#5040=CARTESIAN_POINT('',(0.0448470156927224,0.0042846070754717,0.));
#5041=CARTESIAN_POINT('',(0.0448470156927224,0.0120846070754717,0.));
#5042=CARTESIAN_POINT('',(0.0448470156927224,0.0198846070754717,0.));
#5043=CARTESIAN_POINT('',(0.0370470156927224,0.0198846070754717,0.));
#5044=CARTESIAN_POINT('',(0.0292470156927224,0.0198846070754717,0.));
#5045=CARTESIAN_POINT('',(0.0292470156927224,0.0120846070754717,0.));
#5046=CARTESIAN_POINT('',(0.0448470156927224,-0.0053918209245283,0.));
#5047=CARTESIAN_POINT('',(0.0448470156927224,-0.0131918209245283,0.));
#5048=CARTESIAN_POINT('',(0.0448470156927224,0.0024081790754717,0.));
#5049=CARTESIAN_POINT('',(0.0370470156927224,0.0024081790754717,0.));
#5050=CARTESIAN_POINT('',(0.0292470156927224,0.0024081790754717,0.));
#5051=CARTESIAN_POINT('',(0.0292470156927224,-0.0053918209245283,0.));
#5052=CARTESIAN_POINT('',(0.0292470156927224,-0.0131918209245283,0.));
#5053=CARTESIAN_POINT('',(0.0370470156927224,-0.0131918209245283,0.));
#5054=CARTESIAN_POINT('',(0.0370470156927224,0.0215424720754717,0.));
#5055=CARTESIAN_POINT('',(0.0292470156927224,0.0215424720754717,0.));
#5056=CARTESIAN_POINT('',(0.0448470156927224,0.0215424720754717,0.));
#5057=CARTESIAN_POINT('',(0.0448470156927224,0.0293424720754717,0.));
#5058=CARTESIAN_POINT('',(0.0448470156927224,0.0371424720754717,0.));
#5059=CARTESIAN_POINT('',(0.0370470156927224,0.0371424720754717,0.));
#5060=CARTESIAN_POINT('',(0.0292470156927224,0.0371424720754717,0.));
#5061=CARTESIAN_POINT('',(0.0292470156927224,0.0293424720754717,0.));
#5062=CARTESIAN_POINT('',(-0.0665029843072776,0.0243424720754717,0.));
#5063=CARTESIAN_POINT('',(-0.0665029843072776,0.0321424720754717,0.));
#5064=CARTESIAN_POINT('',(-0.0665029843072776,0.0165424720754717,0.));
#5065=CARTESIAN_POINT('',(-0.0587029843072776,0.0165424720754717,0.));
#5066=CARTESIAN_POINT('',(-0.0509029843072776,0.0165424720754717,0.));
#5067=CARTESIAN_POINT('',(-0.0509029843072776,0.0243424720754717,0.));
#5068=CARTESIAN_POINT('',(-0.0509029843072776,0.0321424720754717,0.));
#5069=CARTESIAN_POINT('',(-0.0587029843072776,0.0321424720754717,0.));
#5070=CARTESIAN_POINT('',(-0.0392572283072777,0.0024081790754717,0.));
#5071=CARTESIAN_POINT('',(-0.0314572283072777,0.0024081790754717,0.));
#5072=CARTESIAN_POINT('',(-0.0470572283072776,0.0024081790754717,0.));
#5073=CARTESIAN_POINT('',(-0.0470572283072776,-0.0053918209245283,0.));
#5074=CARTESIAN_POINT('',(-0.0470572283072776,-0.0131918209245283,0.));
#5075=CARTESIAN_POINT('',(-0.0392572283072777,-0.0131918209245283,0.));
#5076=CARTESIAN_POINT('',(-0.0314572283072777,-0.0131918209245283,0.));
#5077=CARTESIAN_POINT('',(-0.0314572283072777,-0.0053918209245283,0.));
#5078=CARTESIAN_POINT('',(-0.0204029843072776,0.0321424720754717,0.));
#5079=CARTESIAN_POINT('',(-0.0126029843072776,0.0321424720754717,0.));
#5080=CARTESIAN_POINT('',(-0.0282029843072776,0.0321424720754717,0.));
#5081=CARTESIAN_POINT('',(-0.0282029843072776,0.0243424720754717,0.));
#5082=CARTESIAN_POINT('',(-0.0282029843072776,0.0165424720754717,0.));
#5083=CARTESIAN_POINT('',(-0.0204029843072777,0.0165424720754717,0.));
#5084=CARTESIAN_POINT('',(-0.0126029843072776,0.0165424720754717,0.));
#5085=CARTESIAN_POINT('',(-0.0126029843072776,0.0243424720754717,0.));
#5086=CARTESIAN_POINT('',(-0.0204029843072776,0.0148846070754717,0.));
#5087=CARTESIAN_POINT('',(-0.0126029843072776,0.0148846070754717,0.));
#5088=CARTESIAN_POINT('',(-0.0282029843072777,0.0148846070754717,0.));
#5089=CARTESIAN_POINT('',(-0.0282029843072777,0.0070846070754717,0.));
#5090=CARTESIAN_POINT('',(-0.0282029843072776,-0.000715392924528301,0.));
#5091=CARTESIAN_POINT('',(-0.0204029843072777,-0.000715392924528302,0.));
#5092=CARTESIAN_POINT('',(-0.0126029843072776,-0.000715392924528303,0.));
#5093=CARTESIAN_POINT('',(-0.0126029843072776,0.0070846070754717,0.));
#5094=CARTESIAN_POINT('',(-0.0204029843072776,-0.0025918209245283,0.));
#5095=CARTESIAN_POINT('',(-0.0126029843072776,-0.0025918209245283,0.));
#5096=CARTESIAN_POINT('',(-0.0282029843072776,-0.0025918209245283,0.));
#5097=CARTESIAN_POINT('',(-0.0282029843072776,-0.0103918209245283,0.));
#5098=CARTESIAN_POINT('',(-0.0282029843072776,-0.0181918209245283,0.));
#5099=CARTESIAN_POINT('',(-0.0204029843072777,-0.0181918209245283,0.));
#5100=CARTESIAN_POINT('',(-0.0126029843072776,-0.0181918209245283,0.));
#5101=CARTESIAN_POINT('',(-0.0126029843072776,-0.0103918209245283,0.));
#5102=CARTESIAN_POINT('',(0.00668442969272237,0.0293424720754717,0.));
#5103=CARTESIAN_POINT('',(0.00668442969272237,0.0215424720754717,0.));
#5104=CARTESIAN_POINT('',(0.00668442969272237,0.0371424720754717,0.));
#5105=CARTESIAN_POINT('',(-0.00111557030727763,0.0371424720754717,0.));
#5106=CARTESIAN_POINT('',(-0.00891557030727762,0.0371424720754717,0.));
#5107=CARTESIAN_POINT('',(-0.00891557030727763,0.0293424720754717,0.));
#5108=CARTESIAN_POINT('',(-0.00891557030727763,0.0215424720754717,0.));
#5109=CARTESIAN_POINT('',(-0.00111557030727763,0.0215424720754717,0.));
#5110=CARTESIAN_POINT('',(0.00668442969272237,0.0120846070754717,0.));
#5111=CARTESIAN_POINT('',(0.00668442969272237,0.0042846070754717,0.));
#5112=CARTESIAN_POINT('',(0.00668442969272237,0.0198846070754717,0.));
#5113=CARTESIAN_POINT('',(-0.00111557030727763,0.0198846070754717,0.));
#5114=CARTESIAN_POINT('',(-0.00891557030727762,0.0198846070754717,0.));
#5115=CARTESIAN_POINT('',(-0.00891557030727763,0.0120846070754717,0.));
#5116=CARTESIAN_POINT('',(-0.00891557030727763,0.0042846070754717,0.));
#5117=CARTESIAN_POINT('',(-0.00111557030727763,0.0042846070754717,0.));
#5118=CARTESIAN_POINT('',(-0.0635120377358491,-0.0510046299245283,0.));
#5119=CARTESIAN_POINT('',(-0.0620120377358491,-0.0510046299245283,0.));
#5120=CARTESIAN_POINT('',(-0.0662120377358491,0.0370453700754717,0.));
#5121=CARTESIAN_POINT('',(-0.0647120377358491,0.0370453700754717,0.));
#5122=CARTESIAN_POINT('',(0.050987962264151,-0.0375046299245283,0.));
#5123=CARTESIAN_POINT('',(0.052487962264151,-0.0375046299245283,0.));
#5124=CARTESIAN_POINT('',(0.0624879622641509,0.0364953700754717,0.));
#5125=CARTESIAN_POINT('',(0.0639879622641509,0.0364953700754717,0.));
#5126=CARTESIAN_POINT('',(-0.00111557030727763,0.0024081790754717,0.));
#5127=CARTESIAN_POINT('',(0.00668442969272237,0.0024081790754717,0.));
#5128=CARTESIAN_POINT('',(-0.00891557030727762,0.0024081790754717,0.));
#5129=CARTESIAN_POINT('',(-0.00891557030727763,-0.0053918209245283,0.));
#5130=CARTESIAN_POINT('',(-0.00891557030727763,-0.0131918209245283,0.));
#5131=CARTESIAN_POINT('',(-0.00111557030727763,-0.0131918209245283,0.));
#5132=CARTESIAN_POINT('',(0.00668442969272237,-0.0131918209245283,0.));
#5133=CARTESIAN_POINT('',(0.00668442969272237,-0.0053918209245283,0.));
#5134=CARTESIAN_POINT('',(-0.0314572283072777,0.0293424720754717,0.));
#5135=CARTESIAN_POINT('',(-0.0314572283072777,0.0371424720754717,0.));
#5136=CARTESIAN_POINT('',(-0.0314572283072777,0.0215424720754717,0.));
#5137=CARTESIAN_POINT('',(-0.0392572283072777,0.0371424720754717,0.));
#5138=CARTESIAN_POINT('',(-0.0470572283072776,0.0371424720754717,0.));
#5139=CARTESIAN_POINT('',(-0.0470572283072776,0.0293424720754717,0.));
#5140=CARTESIAN_POINT('',(-0.0470572283072776,0.0215424720754717,0.));
#5141=CARTESIAN_POINT('',(-0.0392572283072777,0.0215424720754717,0.));
#5142=CARTESIAN_POINT('',(-0.0314572283072777,0.0120846070754717,0.));
#5143=CARTESIAN_POINT('',(-0.0314572283072777,0.0198846070754717,0.));
#5144=CARTESIAN_POINT('',(-0.0314572283072777,0.0042846070754717,0.));
#5145=CARTESIAN_POINT('',(-0.0392572283072777,0.0198846070754717,0.));
#5146=CARTESIAN_POINT('',(-0.0470572283072776,0.0198846070754717,0.));
#5147=CARTESIAN_POINT('',(-0.0470572283072776,0.0120846070754717,0.));
#5148=CARTESIAN_POINT('',(-0.0470572283072776,0.0042846070754717,0.));
#5149=CARTESIAN_POINT('',(-0.0392572283072777,0.0042846070754717,0.));
#5150=CARTESIAN_POINT('',(-0.0587029843072776,-0.0025918209245283,0.));
#5151=CARTESIAN_POINT('',(-0.0665029843072776,-0.0025918209245283,0.));
#5152=CARTESIAN_POINT('',(-0.0509029843072776,-0.0025918209245283,0.));
#5153=CARTESIAN_POINT('',(-0.0665029843072776,-0.0103918209245283,0.));
#5154=CARTESIAN_POINT('',(-0.0665029843072776,-0.0181918209245283,0.));
#5155=CARTESIAN_POINT('',(-0.0587029843072776,-0.0181918209245283,0.));
#5156=CARTESIAN_POINT('',(-0.0509029843072776,-0.0181918209245283,0.));
#5157=CARTESIAN_POINT('',(-0.0509029843072776,-0.0103918209245283,0.));
#5158=CARTESIAN_POINT('',(-0.0587029843072776,0.0148846070754717,0.));
#5159=CARTESIAN_POINT('',(-0.0665029843072776,0.0148846070754717,0.));
#5160=CARTESIAN_POINT('',(-0.0509029843072776,0.0148846070754717,0.));
#5161=CARTESIAN_POINT('',(-0.0665029843072776,0.0070846070754717,0.));
#5162=CARTESIAN_POINT('',(-0.0665029843072776,-0.000715392924528301,0.));
#5163=CARTESIAN_POINT('',(-0.0587029843072776,-0.000715392924528302,0.));
#5164=CARTESIAN_POINT('',(-0.0509029843072776,-0.000715392924528303,0.));
#5165=CARTESIAN_POINT('',(-0.0509029843072776,0.0070846070754717,0.));
#5166=CARTESIAN_POINT('',(0.0180344296927223,0.0165424720754717,0.));
#5167=CARTESIAN_POINT('',(0.0258344296927224,0.0165424720754717,0.));
#5168=CARTESIAN_POINT('',(0.0102344296927224,0.0165424720754717,0.));
#5169=CARTESIAN_POINT('',(0.0258344296927224,0.0243424720754717,0.));
#5170=CARTESIAN_POINT('',(0.0258344296927224,0.0321424720754717,0.));
#5171=CARTESIAN_POINT('',(0.0180344296927224,0.0321424720754717,0.));
#5172=CARTESIAN_POINT('',(0.0102344296927224,0.0321424720754717,0.));
#5173=CARTESIAN_POINT('',(0.0102344296927224,0.0243424720754717,0.));
#5174=CARTESIAN_POINT('',(0.0320890576927224,-0.0521189449245283,0.));
#5175=CARTESIAN_POINT('',(0.0398890576927224,-0.0521189449245283,0.));
#5176=CARTESIAN_POINT('',(0.0242890576927224,-0.0521189449245283,0.));
#5177=CARTESIAN_POINT('',(0.0398890576927224,-0.0443189449245283,0.));
#5178=CARTESIAN_POINT('',(0.0398890576927224,-0.0365189449245283,0.));
#5179=CARTESIAN_POINT('',(0.0320890576927224,-0.0365189449245283,0.));
#5180=CARTESIAN_POINT('',(0.0242890576927224,-0.0365189449245283,0.));
#5181=CARTESIAN_POINT('',(0.0242890576927224,-0.0443189449245283,0.));
#5182=CARTESIAN_POINT('',(-0.00150145767875451,-0.0153459799245284,0.));
#5183=CARTESIAN_POINT('',(0.0468701758265241,-0.0153459799245283,0.));
#5184=CARTESIAN_POINT('',(0.0627864906127574,-0.0153459799245283,0.));
#5185=CARTESIAN_POINT('',(0.0613722770503842,-0.0125175527997821,3.46944695195361E-18));
#5186=CARTESIAN_POINT('',(0.0639007041751304,-0.0148796243703401,0.));
#5187=CARTESIAN_POINT('',(0.0639007041751304,0.0037574345023764,0.));
#5188=CARTESIAN_POINT('',(0.0639007041751304,0.0223944933750929,0.));
#5189=CARTESIAN_POINT('',(0.0613722770503842,0.0200324218045349,0.));
#5190=CARTESIAN_POINT('',(0.0627864906127573,0.0228608489292811,0.));
#5191=CARTESIAN_POINT('',(-0.00150145767875455,0.0228608489292811,0.));
#5192=CARTESIAN_POINT('',(0.046870175826524,0.0228608489292811,0.));
#5193=CARTESIAN_POINT('',(0.0482843893888971,0.0200324218045349,0.));
#5194=CARTESIAN_POINT('',(0.0457559622641509,0.0223944933750929,0.));
#5195=CARTESIAN_POINT('',(0.045755962264151,0.00375743450237639,0.));
#5196=CARTESIAN_POINT('',(0.045755962264151,-0.0148796243703401,0.));
#5197=CARTESIAN_POINT('',(0.0482843893888972,-0.0125175527997821,0.));
#5198=CARTESIAN_POINT('',(0.0601904202947528,-0.0217182190523822,0.0035));
#5199=CARTESIAN_POINT('',(0.0601904202947528,-0.0191531299245283,0.0035));
#5200=CARTESIAN_POINT('',(0.0601904202947528,-0.0191531299245283,0.0035));
#5201=CARTESIAN_POINT('',(0.0601904202947528,-0.0191531299245283,0.000305022618036987));
#5202=CARTESIAN_POINT('',(0.0601904202947528,-0.0191531299245283,-0.0021444671247462));
#5203=CARTESIAN_POINT('',(0.0601904202947528,-0.0205673434869014,0.00068396));
#5204=CARTESIAN_POINT('',(0.0601904202947528,-0.0217182190523822,0.00068396));
#5205=CARTESIAN_POINT('',(0.0601904202947528,-0.022869094617863,0.00068396));
#5206=CARTESIAN_POINT('',(0.0601904202947528,-0.0242833081802361,-0.00214446712474618));
#5207=CARTESIAN_POINT('',(0.0601904202947528,-0.0242833081802361,0.00030502261803699));
#5208=CARTESIAN_POINT('',(0.0601904202947528,-0.0242833081802361,0.0035));
#5209=CARTESIAN_POINT('',(0.0601904202947528,-0.0242833081802361,0.0035));
#5210=CARTESIAN_POINT('',(0.0601904202947528,-0.0217182190523822,0.0035));
#5211=CARTESIAN_POINT('',(0.0551856912794519,-0.0242833081802361,0.0035));
#5212=CARTESIAN_POINT('',(0.0601904202947528,-0.0242833081802361,-0.00214446712474618));
#5213=CARTESIAN_POINT('',(0.0587762067323797,-0.0242833081802361,0.00068396));
#5214=CARTESIAN_POINT('',(0.0551856912794519,-0.0242833081802361,0.00068396));
#5215=CARTESIAN_POINT('',(0.051595175826524,-0.0242833081802361,0.00068396));
#5216=CARTESIAN_POINT('',(0.050180962264151,-0.0242833081802361,-0.00214446712474619));
#5217=CARTESIAN_POINT('',(0.050180962264151,-0.0242833081802361,0.000305022618036988));
#5218=CARTESIAN_POINT('',(0.050180962264151,-0.0242833081802361,0.0035));
#5219=CARTESIAN_POINT('',(0.050180962264151,-0.0242833081802361,0.0035));
#5220=CARTESIAN_POINT('',(0.0551856912794519,-0.0242833081802361,0.0035));
#5221=CARTESIAN_POINT('',(0.050180962264151,-0.0217182190523822,0.0035));
#5222=CARTESIAN_POINT('',(0.050180962264151,-0.0242833081802361,-0.00214446712474619));
#5223=CARTESIAN_POINT('',(0.050180962264151,-0.022869094617863,0.00068396));
#5224=CARTESIAN_POINT('',(0.050180962264151,-0.0217182190523822,0.00068396));
#5225=CARTESIAN_POINT('',(0.050180962264151,-0.0205673434869014,0.00068396));
#5226=CARTESIAN_POINT('',(0.050180962264151,-0.0191531299245283,-0.00214446712474619));
#5227=CARTESIAN_POINT('',(0.050180962264151,-0.0191531299245283,0.000305022618036987));
#5228=CARTESIAN_POINT('',(0.050180962264151,-0.0191531299245283,0.0035));
#5229=CARTESIAN_POINT('',(0.050180962264151,-0.0191531299245283,0.0035));
#5230=CARTESIAN_POINT('',(0.050180962264151,-0.0217182190523822,0.0035));
#5231=CARTESIAN_POINT('',(0.0609007041751304,0.0037574345023764,0.0035));
#5232=CARTESIAN_POINT('',(0.0609007041751304,0.0195608489292811,0.0035));
#5233=CARTESIAN_POINT('',(0.0609007041751304,0.0195608489292811,0.0035));
#5234=CARTESIAN_POINT('',(0.0609007041751304,0.0195608489292811,0.00292106261803699));
#5235=CARTESIAN_POINT('',(0.0609007041751304,0.0195608489292811,0.00047157287525381));
#5236=CARTESIAN_POINT('',(0.0609007041751304,0.018146635366908,0.0033));
#5237=CARTESIAN_POINT('',(0.0609007041751304,0.0037574345023764,0.0033));
#5238=CARTESIAN_POINT('',(0.0609007041751304,-0.0106317663621552,0.0033));
#5239=CARTESIAN_POINT('',(0.0609007041751304,-0.0120459799245283,0.000471572875253817));
#5240=CARTESIAN_POINT('',(0.0609007041751304,-0.0120459799245283,0.00292106261803699));
#5241=CARTESIAN_POINT('',(0.0609007041751304,-0.0120459799245283,0.0035));
#5242=CARTESIAN_POINT('',(0.0609007041751304,-0.0120459799245283,0.0035));
#5243=CARTESIAN_POINT('',(0.0609007041751304,0.0037574345023764,0.0035));
#5244=CARTESIAN_POINT('',(0.0548283332196407,-0.0120459799245283,0.0035));
#5245=CARTESIAN_POINT('',(0.0609007041751304,-0.0120459799245283,0.000471572875253803));
#5246=CARTESIAN_POINT('',(0.0594864906127573,-0.0120459799245283,0.0033));
#5247=CARTESIAN_POINT('',(0.0548283332196407,-0.0120459799245283,0.0033));
#5248=CARTESIAN_POINT('',(0.0501701758265241,-0.0120459799245283,0.0033));
#5249=CARTESIAN_POINT('',(0.048755962264151,-0.0120459799245283,0.000471572875253807));
#5250=CARTESIAN_POINT('',(0.048755962264151,-0.0120459799245283,0.00292106261803698));
#5251=CARTESIAN_POINT('',(0.048755962264151,-0.0120459799245283,0.0035));
#5252=CARTESIAN_POINT('',(0.048755962264151,-0.0120459799245283,0.0035));
#5253=CARTESIAN_POINT('',(0.0548283332196407,-0.0120459799245283,0.0035));
#5254=CARTESIAN_POINT('',(0.048755962264151,0.00375743450237639,0.0035));
#5255=CARTESIAN_POINT('',(0.048755962264151,-0.0120459799245283,0.000471572875253786));
#5256=CARTESIAN_POINT('',(0.048755962264151,-0.0106317663621552,0.0033));
#5257=CARTESIAN_POINT('',(0.048755962264151,0.00375743450237639,0.0033));
#5258=CARTESIAN_POINT('',(0.048755962264151,0.018146635366908,0.0033));
#5259=CARTESIAN_POINT('',(0.048755962264151,0.0195608489292811,0.000471572875253826));
#5260=CARTESIAN_POINT('',(0.0487559622641509,0.0195608489292811,0.002921062618037));
#5261=CARTESIAN_POINT('',(0.0487559622641509,0.0195608489292811,0.0035));
#5262=CARTESIAN_POINT('',(0.0487559622641509,0.0195608489292811,0.0035));
#5263=CARTESIAN_POINT('',(0.048755962264151,0.00375743450237639,0.0035));
#5264=CARTESIAN_POINT('',(0.0320890576927224,-0.0521189449245283,0.0035));
#5265=CARTESIAN_POINT('',(0.0242890576927224,-0.0521189449245283,0.0035));
#5266=CARTESIAN_POINT('',(0.0242890576927224,-0.0521189449245283,0.0035));
#5267=CARTESIAN_POINT('',(0.0320890576927224,-0.0521189449245283,0.0035));
#5268=CARTESIAN_POINT('',(0.0398890576927224,-0.0521189449245283,0.0035));
#5269=CARTESIAN_POINT('',(0.0398890576927224,-0.0521189449245283,0.0035));
#5270=CARTESIAN_POINT('',(0.0242890576927224,-0.0443189449245283,0.0035));
#5271=CARTESIAN_POINT('',(0.0242890576927224,-0.0365189449245283,0.0035));
#5272=CARTESIAN_POINT('',(0.0242890576927224,-0.0365189449245283,0.0035));
#5273=CARTESIAN_POINT('',(0.0242890576927224,-0.0443189449245283,0.0035));
#5274=CARTESIAN_POINT('',(0.0320890576927224,-0.0365189449245283,0.0035));
#5275=CARTESIAN_POINT('',(0.0398890576927224,-0.0365189449245283,0.0035));
#5276=CARTESIAN_POINT('',(0.0398890576927224,-0.0365189449245283,0.0035));
#5277=CARTESIAN_POINT('',(0.0320890576927224,-0.0365189449245283,0.0035));
#5278=CARTESIAN_POINT('',(0.0180344296927223,0.0165424720754717,0.0035));
#5279=CARTESIAN_POINT('',(0.0102344296927224,0.0165424720754717,0.0035));
#5280=CARTESIAN_POINT('',(0.0102344296927224,0.0165424720754717,0.0035));
#5281=CARTESIAN_POINT('',(0.0180344296927223,0.0165424720754717,0.0035));
#5282=CARTESIAN_POINT('',(0.0258344296927224,0.0165424720754717,0.0035));
#5283=CARTESIAN_POINT('',(0.0258344296927224,0.0165424720754717,0.0035));
#5284=CARTESIAN_POINT('',(0.0102344296927224,0.0243424720754717,0.0035));
#5285=CARTESIAN_POINT('',(0.0102344296927224,0.0321424720754717,0.0035));
#5286=CARTESIAN_POINT('',(0.0102344296927224,0.0321424720754717,0.0035));
#5287=CARTESIAN_POINT('',(0.0102344296927224,0.0243424720754717,0.0035));
#5288=CARTESIAN_POINT('',(0.0180344296927224,0.0321424720754717,0.0035));
#5289=CARTESIAN_POINT('',(0.0258344296927224,0.0321424720754717,0.0035));
#5290=CARTESIAN_POINT('',(0.0258344296927224,0.0321424720754717,0.0035));
#5291=CARTESIAN_POINT('',(0.0180344296927224,0.0321424720754717,0.0035));
#5292=CARTESIAN_POINT('',(-0.0587029843072776,0.0148846070754717,0.0035));
#5293=CARTESIAN_POINT('',(-0.0509029843072776,0.0148846070754717,0.0035));
#5294=CARTESIAN_POINT('',(-0.0509029843072776,0.0148846070754717,0.0035));
#5295=CARTESIAN_POINT('',(-0.0587029843072776,0.0148846070754717,0.0035));
#5296=CARTESIAN_POINT('',(-0.0665029843072776,0.0148846070754717,0.0035));
#5297=CARTESIAN_POINT('',(-0.0665029843072776,0.0148846070754717,0.0035));
#5298=CARTESIAN_POINT('',(-0.0509029843072776,0.0070846070754717,0.0035));
#5299=CARTESIAN_POINT('',(-0.0509029843072776,-0.000715392924528303,0.0035));
#5300=CARTESIAN_POINT('',(-0.0509029843072776,-0.000715392924528303,0.0035));
#5301=CARTESIAN_POINT('',(-0.0509029843072776,0.0070846070754717,0.0035));
#5302=CARTESIAN_POINT('',(-0.0587029843072776,-0.000715392924528302,0.0035));
#5303=CARTESIAN_POINT('',(-0.0665029843072776,-0.000715392924528301,0.0035));
#5304=CARTESIAN_POINT('',(-0.0665029843072776,-0.000715392924528301,0.0035));
#5305=CARTESIAN_POINT('',(-0.0587029843072776,-0.000715392924528302,0.0035));
#5306=CARTESIAN_POINT('',(-0.0587029843072776,-0.0025918209245283,0.0035));
#5307=CARTESIAN_POINT('',(-0.0509029843072776,-0.0025918209245283,0.0035));
#5308=CARTESIAN_POINT('',(-0.0509029843072776,-0.0025918209245283,0.0035));
#5309=CARTESIAN_POINT('',(-0.0587029843072776,-0.0025918209245283,0.0035));
#5310=CARTESIAN_POINT('',(-0.0665029843072776,-0.0025918209245283,0.0035));
#5311=CARTESIAN_POINT('',(-0.0665029843072776,-0.0025918209245283,0.0035));
#5312=CARTESIAN_POINT('',(-0.0509029843072776,-0.0103918209245283,0.0035));
#5313=CARTESIAN_POINT('',(-0.0509029843072776,-0.0181918209245283,0.0035));
#5314=CARTESIAN_POINT('',(-0.0509029843072776,-0.0181918209245283,0.0035));
#5315=CARTESIAN_POINT('',(-0.0509029843072776,-0.0103918209245283,0.0035));
#5316=CARTESIAN_POINT('',(-0.0587029843072776,-0.0181918209245283,0.0035));
#5317=CARTESIAN_POINT('',(-0.0665029843072776,-0.0181918209245283,0.0035));
#5318=CARTESIAN_POINT('',(-0.0665029843072776,-0.0181918209245283,0.0035));
#5319=CARTESIAN_POINT('',(-0.0587029843072776,-0.0181918209245283,0.0035));
#5320=CARTESIAN_POINT('',(-0.0314572283072777,0.0120846070754717,0.0035));
#5321=CARTESIAN_POINT('',(-0.0314572283072777,0.0042846070754717,0.0035));
#5322=CARTESIAN_POINT('',(-0.0314572283072777,0.0042846070754717,0.0035));
#5323=CARTESIAN_POINT('',(-0.0314572283072777,0.0120846070754717,0.0035));
#5324=CARTESIAN_POINT('',(-0.0314572283072777,0.0198846070754717,0.0035));
#5325=CARTESIAN_POINT('',(-0.0314572283072777,0.0198846070754717,0.0035));
#5326=CARTESIAN_POINT('',(-0.0392572283072777,0.0042846070754717,0.0035));
#5327=CARTESIAN_POINT('',(-0.0470572283072776,0.0042846070754717,0.0035));
#5328=CARTESIAN_POINT('',(-0.0470572283072776,0.0042846070754717,0.0035));
#5329=CARTESIAN_POINT('',(-0.0392572283072777,0.0042846070754717,0.0035));
#5330=CARTESIAN_POINT('',(-0.0470572283072776,0.0120846070754717,0.0035));
#5331=CARTESIAN_POINT('',(-0.0470572283072776,0.0198846070754717,0.0035));
#5332=CARTESIAN_POINT('',(-0.0470572283072776,0.0198846070754717,0.0035));
#5333=CARTESIAN_POINT('',(-0.0470572283072776,0.0120846070754717,0.0035));
#5334=CARTESIAN_POINT('',(-0.0314572283072777,0.0293424720754717,0.0035));
#5335=CARTESIAN_POINT('',(-0.0314572283072777,0.0215424720754717,0.0035));
#5336=CARTESIAN_POINT('',(-0.0314572283072777,0.0215424720754717,0.0035));
#5337=CARTESIAN_POINT('',(-0.0314572283072777,0.0293424720754717,0.0035));
#5338=CARTESIAN_POINT('',(-0.0314572283072777,0.0371424720754717,0.0035));
#5339=CARTESIAN_POINT('',(-0.0314572283072777,0.0371424720754717,0.0035));
#5340=CARTESIAN_POINT('',(-0.0392572283072777,0.0215424720754717,0.0035));
#5341=CARTESIAN_POINT('',(-0.0470572283072776,0.0215424720754717,0.0035));
#5342=CARTESIAN_POINT('',(-0.0470572283072776,0.0215424720754717,0.0035));
#5343=CARTESIAN_POINT('',(-0.0392572283072777,0.0215424720754717,0.0035));
#5344=CARTESIAN_POINT('',(-0.0470572283072776,0.0293424720754717,0.0035));
#5345=CARTESIAN_POINT('',(-0.0470572283072776,0.0371424720754717,0.0035));
#5346=CARTESIAN_POINT('',(-0.0470572283072776,0.0371424720754717,0.0035));
#5347=CARTESIAN_POINT('',(-0.0470572283072776,0.0293424720754717,0.0035));
#5348=CARTESIAN_POINT('',(-0.00111557030727763,0.0024081790754717,0.0035));
#5349=CARTESIAN_POINT('',(0.00668442969272237,0.0024081790754717,0.0035));
#5350=CARTESIAN_POINT('',(0.00668442969272237,0.0024081790754717,0.0035));
#5351=CARTESIAN_POINT('',(-0.00111557030727763,0.0024081790754717,0.0035));
#5352=CARTESIAN_POINT('',(-0.00891557030727762,0.0024081790754717,0.0035));
#5353=CARTESIAN_POINT('',(-0.00891557030727762,0.0024081790754717,0.0035));
#5354=CARTESIAN_POINT('',(0.00668442969272237,-0.0053918209245283,0.0035));
#5355=CARTESIAN_POINT('',(0.00668442969272237,-0.0131918209245283,0.0035));
#5356=CARTESIAN_POINT('',(0.00668442969272237,-0.0131918209245283,0.0035));
#5357=CARTESIAN_POINT('',(0.00668442969272237,-0.0053918209245283,0.0035));
#5358=CARTESIAN_POINT('',(-0.00111557030727763,-0.0131918209245283,0.0035));
#5359=CARTESIAN_POINT('',(-0.00891557030727763,-0.0131918209245283,0.0035));
#5360=CARTESIAN_POINT('',(-0.00891557030727763,-0.0131918209245283,0.0035));
#5361=CARTESIAN_POINT('',(-0.00111557030727763,-0.0131918209245283,0.0035));
#5362=CARTESIAN_POINT('',(0.00668442969272237,0.0120846070754717,0.0035));
#5363=CARTESIAN_POINT('',(0.00668442969272237,0.0042846070754717,0.0035));
#5364=CARTESIAN_POINT('',(0.00668442969272237,0.0042846070754717,0.0035));
#5365=CARTESIAN_POINT('',(0.00668442969272237,0.0120846070754717,0.0035));
#5366=CARTESIAN_POINT('',(0.00668442969272237,0.0198846070754717,0.0035));
#5367=CARTESIAN_POINT('',(0.00668442969272237,0.0198846070754717,0.0035));
#5368=CARTESIAN_POINT('',(-0.00111557030727763,0.0042846070754717,0.0035));
#5369=CARTESIAN_POINT('',(-0.00891557030727763,0.0042846070754717,0.0035));
#5370=CARTESIAN_POINT('',(-0.00891557030727763,0.0042846070754717,0.0035));
#5371=CARTESIAN_POINT('',(-0.00111557030727763,0.0042846070754717,0.0035));
#5372=CARTESIAN_POINT('',(-0.00891557030727763,0.0120846070754717,0.0035));
#5373=CARTESIAN_POINT('',(-0.00891557030727762,0.0198846070754717,0.0035));
#5374=CARTESIAN_POINT('',(-0.00891557030727762,0.0198846070754717,0.0035));
#5375=CARTESIAN_POINT('',(-0.00891557030727763,0.0120846070754717,0.0035));
#5376=CARTESIAN_POINT('',(0.00668442969272237,0.0293424720754717,0.0035));
#5377=CARTESIAN_POINT('',(0.00668442969272237,0.0215424720754717,0.0035));
#5378=CARTESIAN_POINT('',(0.00668442969272237,0.0215424720754717,0.0035));
#5379=CARTESIAN_POINT('',(0.00668442969272237,0.0293424720754717,0.0035));
#5380=CARTESIAN_POINT('',(0.00668442969272237,0.0371424720754717,0.0035));
#5381=CARTESIAN_POINT('',(0.00668442969272237,0.0371424720754717,0.0035));
#5382=CARTESIAN_POINT('',(-0.00111557030727763,0.0215424720754717,0.0035));
#5383=CARTESIAN_POINT('',(-0.00891557030727763,0.0215424720754717,0.0035));
#5384=CARTESIAN_POINT('',(-0.00891557030727763,0.0215424720754717,0.0035));
#5385=CARTESIAN_POINT('',(-0.00111557030727763,0.0215424720754717,0.0035));
#5386=CARTESIAN_POINT('',(-0.00891557030727763,0.0293424720754717,0.0035));
#5387=CARTESIAN_POINT('',(-0.00891557030727762,0.0371424720754717,0.0035));
#5388=CARTESIAN_POINT('',(-0.00891557030727762,0.0371424720754717,0.0035));
#5389=CARTESIAN_POINT('',(-0.00891557030727763,0.0293424720754717,0.0035));
#5390=CARTESIAN_POINT('',(-0.0204029843072776,-0.0025918209245283,0.0035));
#5391=CARTESIAN_POINT('',(-0.0126029843072776,-0.0025918209245283,0.0035));
#5392=CARTESIAN_POINT('',(-0.0126029843072776,-0.0025918209245283,0.0035));
#5393=CARTESIAN_POINT('',(-0.0204029843072776,-0.0025918209245283,0.0035));
#5394=CARTESIAN_POINT('',(-0.0282029843072776,-0.0025918209245283,0.0035));
#5395=CARTESIAN_POINT('',(-0.0282029843072776,-0.0025918209245283,0.0035));
#5396=CARTESIAN_POINT('',(-0.0126029843072776,-0.0103918209245283,0.0035));
#5397=CARTESIAN_POINT('',(-0.0126029843072776,-0.0181918209245283,0.0035));
#5398=CARTESIAN_POINT('',(-0.0126029843072776,-0.0181918209245283,0.0035));
#5399=CARTESIAN_POINT('',(-0.0126029843072776,-0.0103918209245283,0.0035));
#5400=CARTESIAN_POINT('',(-0.0204029843072777,-0.0181918209245283,0.0035));
#5401=CARTESIAN_POINT('',(-0.0282029843072776,-0.0181918209245283,0.0035));
#5402=CARTESIAN_POINT('',(-0.0282029843072776,-0.0181918209245283,0.0035));
#5403=CARTESIAN_POINT('',(-0.0204029843072777,-0.0181918209245283,0.0035));
#5404=CARTESIAN_POINT('',(-0.0204029843072776,0.0148846070754717,0.0035));
#5405=CARTESIAN_POINT('',(-0.0126029843072776,0.0148846070754717,0.0035));
#5406=CARTESIAN_POINT('',(-0.0126029843072776,0.0148846070754717,0.0035));
#5407=CARTESIAN_POINT('',(-0.0204029843072776,0.0148846070754717,0.0035));
#5408=CARTESIAN_POINT('',(-0.0282029843072777,0.0148846070754717,0.0035));
#5409=CARTESIAN_POINT('',(-0.0282029843072777,0.0148846070754717,0.0035));
#5410=CARTESIAN_POINT('',(-0.0126029843072776,0.0070846070754717,0.0035));
#5411=CARTESIAN_POINT('',(-0.0126029843072776,-0.000715392924528303,0.0035));
#5412=CARTESIAN_POINT('',(-0.0126029843072776,-0.000715392924528303,0.0035));
#5413=CARTESIAN_POINT('',(-0.0126029843072776,0.0070846070754717,0.0035));
#5414=CARTESIAN_POINT('',(-0.0204029843072777,-0.000715392924528302,0.0035));
#5415=CARTESIAN_POINT('',(-0.0282029843072776,-0.000715392924528301,0.0035));
#5416=CARTESIAN_POINT('',(-0.0282029843072776,-0.000715392924528301,0.0035));
#5417=CARTESIAN_POINT('',(-0.0204029843072777,-0.000715392924528302,0.0035));
#5418=CARTESIAN_POINT('',(-0.0204029843072776,0.0321424720754717,0.0035));
#5419=CARTESIAN_POINT('',(-0.0126029843072776,0.0321424720754717,0.0035));
#5420=CARTESIAN_POINT('',(-0.0126029843072776,0.0321424720754717,0.0035));
#5421=CARTESIAN_POINT('',(-0.0204029843072776,0.0321424720754717,0.0035));
#5422=CARTESIAN_POINT('',(-0.0282029843072776,0.0321424720754717,0.0035));
#5423=CARTESIAN_POINT('',(-0.0282029843072776,0.0321424720754717,0.0035));
#5424=CARTESIAN_POINT('',(-0.0126029843072776,0.0243424720754717,0.0035));
#5425=CARTESIAN_POINT('',(-0.0126029843072776,0.0165424720754717,0.0035));
#5426=CARTESIAN_POINT('',(-0.0126029843072776,0.0165424720754717,0.0035));
#5427=CARTESIAN_POINT('',(-0.0126029843072776,0.0243424720754717,0.0035));
#5428=CARTESIAN_POINT('',(-0.0204029843072777,0.0165424720754717,0.0035));
#5429=CARTESIAN_POINT('',(-0.0282029843072776,0.0165424720754717,0.0035));
#5430=CARTESIAN_POINT('',(-0.0282029843072776,0.0165424720754717,0.0035));
#5431=CARTESIAN_POINT('',(-0.0204029843072777,0.0165424720754717,0.0035));
#5432=CARTESIAN_POINT('',(-0.0392572283072777,0.0024081790754717,0.0035));
#5433=CARTESIAN_POINT('',(-0.0314572283072777,0.0024081790754717,0.0035));
#5434=CARTESIAN_POINT('',(-0.0314572283072777,0.0024081790754717,0.0035));
#5435=CARTESIAN_POINT('',(-0.0392572283072777,0.0024081790754717,0.0035));
#5436=CARTESIAN_POINT('',(-0.0470572283072776,0.0024081790754717,0.0035));
#5437=CARTESIAN_POINT('',(-0.0470572283072776,0.0024081790754717,0.0035));
#5438=CARTESIAN_POINT('',(-0.0314572283072777,-0.0053918209245283,0.0035));
#5439=CARTESIAN_POINT('',(-0.0314572283072777,-0.0131918209245283,0.0035));
#5440=CARTESIAN_POINT('',(-0.0314572283072777,-0.0131918209245283,0.0035));
#5441=CARTESIAN_POINT('',(-0.0314572283072777,-0.0053918209245283,0.0035));
#5442=CARTESIAN_POINT('',(-0.0392572283072777,-0.0131918209245283,0.0035));
#5443=CARTESIAN_POINT('',(-0.0470572283072776,-0.0131918209245283,0.0035));
#5444=CARTESIAN_POINT('',(-0.0470572283072776,-0.0131918209245283,0.0035));
#5445=CARTESIAN_POINT('',(-0.0392572283072777,-0.0131918209245283,0.0035));
#5446=CARTESIAN_POINT('',(-0.0665029843072776,0.0243424720754717,0.0035));
#5447=CARTESIAN_POINT('',(-0.0665029843072776,0.0321424720754717,0.0035));
#5448=CARTESIAN_POINT('',(-0.0665029843072776,0.0321424720754717,0.0035));
#5449=CARTESIAN_POINT('',(-0.0665029843072776,0.0243424720754717,0.0035));
#5450=CARTESIAN_POINT('',(-0.0665029843072776,0.0165424720754717,0.0035));
#5451=CARTESIAN_POINT('',(-0.0665029843072776,0.0165424720754717,0.0035));
#5452=CARTESIAN_POINT('',(-0.0587029843072776,0.0321424720754717,0.0035));
#5453=CARTESIAN_POINT('',(-0.0509029843072776,0.0321424720754717,0.0035));
#5454=CARTESIAN_POINT('',(-0.0509029843072776,0.0321424720754717,0.0035));
#5455=CARTESIAN_POINT('',(-0.0587029843072776,0.0321424720754717,0.0035));
#5456=CARTESIAN_POINT('',(-0.0509029843072776,0.0243424720754717,0.0035));
#5457=CARTESIAN_POINT('',(-0.0509029843072776,0.0165424720754717,0.0035));
#5458=CARTESIAN_POINT('',(-0.0509029843072776,0.0165424720754717,0.0035));
#5459=CARTESIAN_POINT('',(-0.0509029843072776,0.0243424720754717,0.0035));
#5460=CARTESIAN_POINT('',(0.0370470156927224,0.0215424720754717,0.0035));
#5461=CARTESIAN_POINT('',(0.0292470156927224,0.0215424720754717,0.0035));
#5462=CARTESIAN_POINT('',(0.0292470156927224,0.0215424720754717,0.0035));
#5463=CARTESIAN_POINT('',(0.0370470156927224,0.0215424720754717,0.0035));
#5464=CARTESIAN_POINT('',(0.0448470156927224,0.0215424720754717,0.0035));
#5465=CARTESIAN_POINT('',(0.0448470156927224,0.0215424720754717,0.0035));
#5466=CARTESIAN_POINT('',(0.0292470156927224,0.0293424720754717,0.0035));
#5467=CARTESIAN_POINT('',(0.0292470156927224,0.0371424720754717,0.0035));
#5468=CARTESIAN_POINT('',(0.0292470156927224,0.0371424720754717,0.0035));
#5469=CARTESIAN_POINT('',(0.0292470156927224,0.0293424720754717,0.0035));
#5470=CARTESIAN_POINT('',(0.0370470156927224,0.0371424720754717,0.0035));
#5471=CARTESIAN_POINT('',(0.0448470156927224,0.0371424720754717,0.0035));
#5472=CARTESIAN_POINT('',(0.0448470156927224,0.0371424720754717,0.0035));
#5473=CARTESIAN_POINT('',(0.0370470156927224,0.0371424720754717,0.0035));
#5474=CARTESIAN_POINT('',(0.0448470156927224,-0.0053918209245283,0.0035));
#5475=CARTESIAN_POINT('',(0.0448470156927224,-0.0131918209245283,0.0035));
#5476=CARTESIAN_POINT('',(0.0448470156927224,-0.0131918209245283,0.0035));
#5477=CARTESIAN_POINT('',(0.0448470156927224,-0.0053918209245283,0.0035));
#5478=CARTESIAN_POINT('',(0.0448470156927224,0.0024081790754717,0.0035));
#5479=CARTESIAN_POINT('',(0.0448470156927224,0.0024081790754717,0.0035));
#5480=CARTESIAN_POINT('',(0.0370470156927224,-0.0131918209245283,0.0035));
#5481=CARTESIAN_POINT('',(0.0292470156927224,-0.0131918209245283,0.0035));
#5482=CARTESIAN_POINT('',(0.0292470156927224,-0.0131918209245283,0.0035));
#5483=CARTESIAN_POINT('',(0.0370470156927224,-0.0131918209245283,0.0035));
#5484=CARTESIAN_POINT('',(0.0292470156927224,-0.0053918209245283,0.0035));
#5485=CARTESIAN_POINT('',(0.0292470156927224,0.0024081790754717,0.0035));
#5486=CARTESIAN_POINT('',(0.0292470156927224,0.0024081790754717,0.0035));
#5487=CARTESIAN_POINT('',(0.0292470156927224,-0.0053918209245283,0.0035));
#5488=CARTESIAN_POINT('',(0.0370470156927224,0.0042846070754717,0.0035));
#5489=CARTESIAN_POINT('',(0.0292470156927224,0.0042846070754717,0.0035));
#5490=CARTESIAN_POINT('',(0.0292470156927224,0.0042846070754717,0.0035));
#5491=CARTESIAN_POINT('',(0.0370470156927224,0.0042846070754717,0.0035));
#5492=CARTESIAN_POINT('',(0.0448470156927224,0.0042846070754717,0.0035));
#5493=CARTESIAN_POINT('',(0.0448470156927224,0.0042846070754717,0.0035));
#5494=CARTESIAN_POINT('',(0.0292470156927224,0.0120846070754717,0.0035));
#5495=CARTESIAN_POINT('',(0.0292470156927224,0.0198846070754717,0.0035));
#5496=CARTESIAN_POINT('',(0.0292470156927224,0.0198846070754717,0.0035));
#5497=CARTESIAN_POINT('',(0.0292470156927224,0.0120846070754717,0.0035));
#5498=CARTESIAN_POINT('',(0.0370470156927224,0.0198846070754717,0.0035));
#5499=CARTESIAN_POINT('',(0.0448470156927224,0.0198846070754717,0.0035));
#5500=CARTESIAN_POINT('',(0.0448470156927224,0.0198846070754717,0.0035));
#5501=CARTESIAN_POINT('',(0.0370470156927224,0.0198846070754717,0.0035));
#5502=CARTESIAN_POINT('',(0.0102344296927224,0.0070846070754717,0.0035));
#5503=CARTESIAN_POINT('',(0.0102344296927224,0.0148846070754717,0.0035));
#5504=CARTESIAN_POINT('',(0.0102344296927224,0.0148846070754717,0.0035));
#5505=CARTESIAN_POINT('',(0.0102344296927224,0.0070846070754717,0.0035));
#5506=CARTESIAN_POINT('',(0.0102344296927224,-0.000715392924528301,0.0035));
#5507=CARTESIAN_POINT('',(0.0102344296927224,-0.000715392924528301,0.0035));
#5508=CARTESIAN_POINT('',(0.0180344296927224,0.0148846070754717,0.0035));
#5509=CARTESIAN_POINT('',(0.0258344296927224,0.0148846070754717,0.0035));
#5510=CARTESIAN_POINT('',(0.0258344296927224,0.0148846070754717,0.0035));
#5511=CARTESIAN_POINT('',(0.0180344296927224,0.0148846070754717,0.0035));
#5512=CARTESIAN_POINT('',(0.0258344296927224,0.0070846070754717,0.0035));
#5513=CARTESIAN_POINT('',(0.0258344296927224,-0.000715392924528303,0.0035));
#5514=CARTESIAN_POINT('',(0.0258344296927224,-0.000715392924528303,0.0035));
#5515=CARTESIAN_POINT('',(0.0258344296927224,0.0070846070754717,0.0035));
#5516=CARTESIAN_POINT('',(0.0180344296927223,-0.0181918209245283,0.0035));
#5517=CARTESIAN_POINT('',(0.0102344296927224,-0.0181918209245283,0.0035));
#5518=CARTESIAN_POINT('',(0.0102344296927224,-0.0181918209245283,0.0035));
#5519=CARTESIAN_POINT('',(0.0180344296927223,-0.0181918209245283,0.0035));
#5520=CARTESIAN_POINT('',(0.0258344296927224,-0.0181918209245283,0.0035));
#5521=CARTESIAN_POINT('',(0.0258344296927224,-0.0181918209245283,0.0035));
#5522=CARTESIAN_POINT('',(0.0102344296927224,-0.0103918209245283,0.0035));
#5523=CARTESIAN_POINT('',(0.0102344296927224,-0.0025918209245283,0.0035));
#5524=CARTESIAN_POINT('',(0.0102344296927224,-0.0025918209245283,0.0035));
#5525=CARTESIAN_POINT('',(0.0102344296927224,-0.0103918209245283,0.0035));
#5526=CARTESIAN_POINT('',(0.0180344296927224,-0.0025918209245283,0.0035));
#5527=CARTESIAN_POINT('',(0.0258344296927224,-0.0025918209245283,0.0035));
#5528=CARTESIAN_POINT('',(0.0258344296927224,-0.0025918209245283,0.0035));
#5529=CARTESIAN_POINT('',(0.0180344296927224,-0.0025918209245283,0.0035));
#5530=CARTESIAN_POINT('',(0.0180890576927224,-0.0358689449245283,0.0035));
#5531=CARTESIAN_POINT('',(0.0102890576927224,-0.0358689449245283,0.0035));
#5532=CARTESIAN_POINT('',(0.0102890576927224,-0.0358689449245283,0.0035));
#5533=CARTESIAN_POINT('',(0.0180890576927224,-0.0358689449245283,0.0035));
#5534=CARTESIAN_POINT('',(0.0258890576927224,-0.0358689449245283,0.0035));
#5535=CARTESIAN_POINT('',(0.0258890576927224,-0.0358689449245283,0.0035));
#5536=CARTESIAN_POINT('',(0.0102890576927224,-0.0280689449245283,0.0035));
#5537=CARTESIAN_POINT('',(0.0102890576927224,-0.0202689449245283,0.0035));
#5538=CARTESIAN_POINT('',(0.0102890576927224,-0.0202689449245283,0.0035));
#5539=CARTESIAN_POINT('',(0.0102890576927224,-0.0280689449245283,0.0035));
#5540=CARTESIAN_POINT('',(0.0180890576927224,-0.0202689449245283,0.0035));
#5541=CARTESIAN_POINT('',(0.0258890576927224,-0.0202689449245283,0.0035));
#5542=CARTESIAN_POINT('',(0.0258890576927224,-0.0202689449245283,0.0035));
#5543=CARTESIAN_POINT('',(0.0180890576927224,-0.0202689449245283,0.0035));
#5544=CARTESIAN_POINT('',(0.0448890576927224,-0.0230689449245283,0.0035));
#5545=CARTESIAN_POINT('',(0.0448890576927224,-0.0308689449245283,0.0035));
#5546=CARTESIAN_POINT('',(0.0448890576927224,-0.0308689449245283,0.0035));
#5547=CARTESIAN_POINT('',(0.0448890576927224,-0.0230689449245283,0.0035));
#5548=CARTESIAN_POINT('',(0.0448890576927224,-0.0152689449245283,0.0035));
#5549=CARTESIAN_POINT('',(0.0448890576927224,-0.0152689449245283,0.0035));
#5550=CARTESIAN_POINT('',(0.0370890576927224,-0.0308689449245283,0.0035));
#5551=CARTESIAN_POINT('',(0.0292890576927224,-0.0308689449245283,0.0035));
#5552=CARTESIAN_POINT('',(0.0292890576927224,-0.0308689449245283,0.0035));
#5553=CARTESIAN_POINT('',(0.0370890576927224,-0.0308689449245283,0.0035));
#5554=CARTESIAN_POINT('',(0.0292890576927224,-0.0230689449245283,0.0035));
#5555=CARTESIAN_POINT('',(0.0292890576927224,-0.0152689449245283,0.0035));
#5556=CARTESIAN_POINT('',(0.0292890576927224,-0.0152689449245283,0.0035));
#5557=CARTESIAN_POINT('',(0.0292890576927224,-0.0230689449245283,0.0035));
#5558=CARTESIAN_POINT('',(-0.0390524953794263,0.0485489008754717,0.0035));
#5559=CARTESIAN_POINT('',(-0.0390524953794263,0.0485489008754717,0.0035));
#5560=CARTESIAN_POINT('',(-0.0691455597789298,0.0451398842005089,0.0035));
#5561=CARTESIAN_POINT('',(-0.00453968026868595,0.0524585978292444,0.0035));
#5562=CARTESIAN_POINT('',(-0.00453968026868595,0.0524585978292444,0.0035));
#5563=CARTESIAN_POINT('',(-0.0691455597789298,0.0451398842005089,0.0035));
#5564=CARTESIAN_POINT('',(-0.0758013408794264,-0.0074669326245283,0.0035));
#5565=CARTESIAN_POINT('',(-0.0758013408794264,-0.0074669326245283,0.0035));
#5566=CARTESIAN_POINT('',(-0.0758013408794264,-0.0562131648816838,0.0035));
#5567=CARTESIAN_POINT('',(-0.0758013408794264,0.0376875493684095,0.0035));
#5568=CARTESIAN_POINT('',(-0.0758013408794264,0.0376875493684095,0.0035));
#5569=CARTESIAN_POINT('',(-0.0758013408794264,-0.0562131648816838,0.0035));
#5570=CARTESIAN_POINT('',(-0.0734888008794264,-0.0616323066245283,0.0035));
#5571=CARTESIAN_POINT('',(-0.0734888008794264,-0.0616323066245283,0.0035));
#5572=CARTESIAN_POINT('',(-0.0736046423116453,-0.061516465167263,0.0035));
#5573=CARTESIAN_POINT('',(-0.0733729601188934,-0.0617481474101075,0.0035));
#5574=CARTESIAN_POINT('',(-0.0736046423116453,-0.061516465167263,0.));
#5575=CARTESIAN_POINT('',(-0.0733729601188934,-0.0617481474101075,0.0035));
#5576=CARTESIAN_POINT('',(-0.0120703513885256,-0.0639448471245283,0.0035));
#5577=CARTESIAN_POINT('',(-0.0120703513885256,-0.0639448471245283,0.0035));
#5578=CARTESIAN_POINT('',(0.0429072853477876,-0.0639448471245283,0.0035));
#5579=CARTESIAN_POINT('',(-0.0680696586866744,-0.0639448471245283,0.0035));
#5580=CARTESIAN_POINT('',(-0.0680696586866744,-0.0639448471245283,0.));
#5581=CARTESIAN_POINT('',(0.0429072853477876,-0.0639448471245283,0.0035));
#5582=CARTESIAN_POINT('',(0.0599169918121462,-0.0435999171245283,0.0035));
#5583=CARTESIAN_POINT('',(0.0716159092247678,-0.0251226527766146,0.0035));
#5584=CARTESIAN_POINT('',(0.0716159092247678,-0.0251226527766146,0.0035));
#5585=CARTESIAN_POINT('',(0.0599169918121462,-0.0435999171245283,0.0035));
#5586=CARTESIAN_POINT('',(0.0492439476735215,-0.0604569177332818,0.0035));
#5587=CARTESIAN_POINT('',(0.0492439476735215,-0.0604569177332818,0.0035));
#5588=CARTESIAN_POINT('',(0.0725005390283913,0.0105653850046696,0.0035));
#5589=CARTESIAN_POINT('',(0.0722612169264999,0.0377366825311235,0.0035));
#5590=CARTESIAN_POINT('',(0.0722612169264999,0.0377366825311235,0.0035));
#5591=CARTESIAN_POINT('',(0.0725005390283913,0.0105653850046696,0.0035));
#5592=CARTESIAN_POINT('',(0.0727789559942518,-0.0210445254717282,0.0035));
#5593=CARTESIAN_POINT('',(0.0727789559942518,-0.0210445254717282,0.0035));
#5594=CARTESIAN_POINT('',(0.0548283332196407,0.0195608489292811,0.0035));
#5595=CARTESIAN_POINT('',(0.0548283332196407,0.0195608489292811,0.0033));
#5596=CARTESIAN_POINT('',(0.0594864906127573,0.0195608489292811,0.0033));
#5597=CARTESIAN_POINT('',(0.050170175826524,0.0195608489292811,0.0033));
#5598=CARTESIAN_POINT('',(0.0609007041751304,0.0195608489292811,0.000471572875253814));
#5599=CARTESIAN_POINT('',(0.0548283332196407,0.0195608489292811,0.0035));
#5600=CARTESIAN_POINT('',(0.0487559622641509,0.0195608489292811,0.000471572875253816));
#5601=CARTESIAN_POINT('',(0.0398890576927224,-0.0443189449245283,0.0035));
#5602=CARTESIAN_POINT('',(0.0398890576927224,-0.0443189449245283,0.0035));
#5603=CARTESIAN_POINT('',(0.0258344296927224,0.0243424720754717,0.0035));
#5604=CARTESIAN_POINT('',(0.0258344296927224,0.0243424720754717,0.0035));
#5605=CARTESIAN_POINT('',(-0.0665029843072776,0.0070846070754717,0.0035));
#5606=CARTESIAN_POINT('',(-0.0665029843072776,0.0070846070754717,0.0035));
#5607=CARTESIAN_POINT('',(-0.0665029843072776,-0.0103918209245283,0.0035));
#5608=CARTESIAN_POINT('',(-0.0665029843072776,-0.0103918209245283,0.0035));
#5609=CARTESIAN_POINT('',(-0.0392572283072777,0.0198846070754717,0.0035));
#5610=CARTESIAN_POINT('',(-0.0392572283072777,0.0198846070754717,0.0035));
#5611=CARTESIAN_POINT('',(-0.0392572283072777,0.0371424720754717,0.0035));
#5612=CARTESIAN_POINT('',(-0.0392572283072777,0.0371424720754717,0.0035));
#5613=CARTESIAN_POINT('',(-0.00891557030727763,-0.0053918209245283,0.0035));
#5614=CARTESIAN_POINT('',(-0.00891557030727763,-0.0053918209245283,0.0035));
#5615=CARTESIAN_POINT('',(0.0624879622641509,0.0364953700754717,0.0035));
#5616=CARTESIAN_POINT('',(0.0624879622641509,0.0364953700754717,0.0035));
#5617=CARTESIAN_POINT('',(0.0639879622641509,0.0364953700754717,0.0035));
#5618=CARTESIAN_POINT('',(0.050987962264151,-0.0375046299245283,0.0035));
#5619=CARTESIAN_POINT('',(0.050987962264151,-0.0375046299245283,0.0035));
#5620=CARTESIAN_POINT('',(0.052487962264151,-0.0375046299245283,0.0035));
#5621=CARTESIAN_POINT('',(-0.0662120377358491,0.0370453700754717,0.0035));
#5622=CARTESIAN_POINT('',(-0.0662120377358491,0.0370453700754717,0.0035));
#5623=CARTESIAN_POINT('',(-0.0647120377358491,0.0370453700754717,0.0035));
#5624=CARTESIAN_POINT('',(-0.0635120377358491,-0.0510046299245283,0.0035));
#5625=CARTESIAN_POINT('',(-0.0635120377358491,-0.0510046299245283,0.0035));
#5626=CARTESIAN_POINT('',(-0.0620120377358491,-0.0510046299245283,0.0035));
#5627=CARTESIAN_POINT('',(-0.00111557030727763,0.0198846070754717,0.0035));
#5628=CARTESIAN_POINT('',(-0.00111557030727763,0.0198846070754717,0.0035));
#5629=CARTESIAN_POINT('',(-0.00111557030727763,0.0371424720754717,0.0035));
#5630=CARTESIAN_POINT('',(-0.00111557030727763,0.0371424720754717,0.0035));
#5631=CARTESIAN_POINT('',(-0.0282029843072776,-0.0103918209245283,0.0035));
#5632=CARTESIAN_POINT('',(-0.0282029843072776,-0.0103918209245283,0.0035));
#5633=CARTESIAN_POINT('',(-0.0282029843072777,0.0070846070754717,0.0035));
#5634=CARTESIAN_POINT('',(-0.0282029843072777,0.0070846070754717,0.0035));
#5635=CARTESIAN_POINT('',(-0.0282029843072776,0.0243424720754717,0.0035));
#5636=CARTESIAN_POINT('',(-0.0282029843072776,0.0243424720754717,0.0035));
#5637=CARTESIAN_POINT('',(-0.0470572283072776,-0.0053918209245283,0.0035));
#5638=CARTESIAN_POINT('',(-0.0470572283072776,-0.0053918209245283,0.0035));
#5639=CARTESIAN_POINT('',(-0.0587029843072776,0.0165424720754717,0.0035));
#5640=CARTESIAN_POINT('',(-0.0587029843072776,0.0165424720754717,0.0035));
#5641=CARTESIAN_POINT('',(0.0448470156927224,0.0293424720754717,0.0035));
#5642=CARTESIAN_POINT('',(0.0448470156927224,0.0293424720754717,0.0035));
#5643=CARTESIAN_POINT('',(0.0370470156927224,0.0024081790754717,0.0035));
#5644=CARTESIAN_POINT('',(0.0370470156927224,0.0024081790754717,0.0035));
#5645=CARTESIAN_POINT('',(0.0448470156927224,0.0120846070754717,0.0035));
#5646=CARTESIAN_POINT('',(0.0448470156927224,0.0120846070754717,0.0035));
#5647=CARTESIAN_POINT('',(0.0180344296927223,-0.000715392924528302,0.0035));
#5648=CARTESIAN_POINT('',(0.0180344296927223,-0.000715392924528302,0.0035));
#5649=CARTESIAN_POINT('',(0.0258344296927224,-0.0103918209245283,0.0035));
#5650=CARTESIAN_POINT('',(0.0258344296927224,-0.0103918209245283,0.0035));
#5651=CARTESIAN_POINT('',(0.0258890576927224,-0.0280689449245283,0.0035));
#5652=CARTESIAN_POINT('',(0.0258890576927224,-0.0280689449245283,0.0035));
#5653=CARTESIAN_POINT('',(0.0370890576927224,-0.0152689449245283,0.0035));
#5654=CARTESIAN_POINT('',(0.0370890576927224,-0.0152689449245283,0.0035));
#5655=CARTESIAN_POINT('',(0.0349495013277194,0.0485488290046696,0.0035));
#5656=CARTESIAN_POINT('',(-6.72389377475297E-5,0.052461980018278,0.0035));
#5657=CARTESIAN_POINT('',(-6.72389377475297E-5,0.052461980018278,0.0035));
#5658=CARTESIAN_POINT('',(0.0349495013277194,0.0485488290046696,0.0035));
#5659=CARTESIAN_POINT('',(0.0655944544308804,0.0451242289879776,0.0035));
#5660=CARTESIAN_POINT('',(0.0655944544308804,0.0451242289879776,0.0035));
#5661=CARTESIAN_POINT('',(0.0551856912794519,-0.0191531299245283,0.0035));
#5662=CARTESIAN_POINT('',(0.050180962264151,-0.0191531299245283,-0.00214446712474619));
#5663=CARTESIAN_POINT('',(0.051595175826524,-0.0191531299245283,0.00068396));
#5664=CARTESIAN_POINT('',(0.0551856912794519,-0.0191531299245283,0.00068396));
#5665=CARTESIAN_POINT('',(0.0587762067323797,-0.0191531299245283,0.00068396));
#5666=CARTESIAN_POINT('',(0.0601904202947528,-0.0191531299245283,-0.00214446712474618));
#5667=CARTESIAN_POINT('',(0.0551856912794519,-0.0191531299245283,0.0035));
#5668=CARTESIAN_POINT('',(-0.00150145767875452,-0.0056164731245283,0.0035));
#5669=CARTESIAN_POINT('',(-0.00228842987001028,0.0325857049436461,0.0035));
#5670=CARTESIAN_POINT('',(-0.0683013408794264,0.0376875493684095,0.0035));
#5671=CARTESIAN_POINT('',(-0.0683013408794264,-0.0562131648816838,0.0035));
#5672=CARTESIAN_POINT('',(-0.0680696586866744,-0.0564448471245283,0.0035));
#5673=CARTESIAN_POINT('',(0.0429072853477876,-0.0564448471245283,0.0035));
#5674=CARTESIAN_POINT('',(0.0652792468990338,-0.0211105821678611,0.0035));
#5675=CARTESIAN_POINT('',(0.0647615078312819,0.0376706258349907,0.0035));
#5676=CARTESIAN_POINT('',(0.0647615078312819,0.0376706258349907,0.0035));
#5677=CARTESIAN_POINT('',(-0.0683013408794264,0.0376875493684095,0.0035));
#5678=CARTESIAN_POINT('',(-0.0683013408794264,-0.0562131648816838,0.0035));
#5679=CARTESIAN_POINT('',(-0.0680696586866744,-0.0564448471245283,0.0035));
#5680=CARTESIAN_POINT('',(0.0652792468990338,-0.0211105821678611,0.0035));
#5681=CARTESIAN_POINT('',(0.0429072853477876,-0.0564448471245283,0.0035));
#5682=CARTESIAN_POINT('',(-0.00228842987001028,0.0325857049436461,0.0035));
#5683=CARTESIAN_POINT('',(0.045755962264151,0.00375743450237639,0.));
#5684=CARTESIAN_POINT('',(0.0457559622641509,0.0225608489292811,-0.0025284271247462));
#5685=CARTESIAN_POINT('',(0.0457559622641509,0.021146635366908,0.0003));
#5686=CARTESIAN_POINT('',(0.045755962264151,0.00375743450237639,0.0003));
#5687=CARTESIAN_POINT('',(0.045755962264151,-0.0136317663621552,0.0003));
#5688=CARTESIAN_POINT('',(0.045755962264151,-0.0150459799245283,-0.0025284271247462));
#5689=CARTESIAN_POINT('',(0.0639007041751304,0.0037574345023764,0.));
#5690=CARTESIAN_POINT('',(0.0639007041751304,0.0195608489292811,0.0003));
#5691=CARTESIAN_POINT('',(0.0639007041751304,-0.0136317663621552,0.0003));
#5692=CARTESIAN_POINT('',(0.0639007041751304,0.021146635366908,0.0003));
#5693=CARTESIAN_POINT('',(0.0639007041751304,0.0225608489292811,-0.00252842712474619));
#5694=CARTESIAN_POINT('',(0.0639007041751304,-0.0150459799245283,-0.0025284271247462));
#5695=CARTESIAN_POINT('',(0.049180962264151,-0.0217182190523822,-0.00031604));
#5696=CARTESIAN_POINT('',(0.0497095577433599,-0.0200959389661103,0.000212555479208972));
#5697=CARTESIAN_POINT('',(0.0490255977433599,-0.024024459138654,-0.000471404520791032));
#5698=CARTESIAN_POINT('',(-0.00150145767875452,-0.0191531299245283,0.00068396));
#5699=CARTESIAN_POINT('',(0.050439811305733,-0.0179977654037373,-0.000471404520791027));
#5700=CARTESIAN_POINT('',(0.0592476112531707,-0.0186817254037373,0.000212555479208967));
#5701=CARTESIAN_POINT('',(0.0551856912794519,-0.025283308180236,-0.00031604));
#5702=CARTESIAN_POINT('',(0.0599315712531707,-0.0254386727010271,-0.00047140452079103));
#5703=CARTESIAN_POINT('',(0.051123771305733,-0.0247547127010271,0.000212555479208967));
#5704=CARTESIAN_POINT('',(0.0601904202947528,-0.0056164731245283,0.00068396));
#5705=CARTESIAN_POINT('',(0.0613457848155438,-0.0194119789661103,-0.000471404520791027));
#5706=CARTESIAN_POINT('',(0.0606618248155438,-0.023340499138654,0.000212555479208969));
#5707=CARTESIAN_POINT('',(0.0338962979914312,-0.00286846565180853,-0.018429131397466));
#5708=CARTESIAN_POINT('',(0.0637598301865041,-0.015583720032777,-0.00571387701649746));
#5709=CARTESIAN_POINT('',(0.0530253329012682,-0.0171182207867514,0.00502062026873846));
#5710=CARTESIAN_POINT('',(0.0521253476441667,-0.0223389228002204,-0.000200081744730486));
#5711=CARTESIAN_POINT('',(-0.00150145767875455,0.0195608489292811,0.0033));
#5712=CARTESIAN_POINT('',(0.046698771305733,0.0230322534500721,-0.000171404520791026));
#5713=CARTESIAN_POINT('',(0.0599578951335484,0.0200322534500721,0.00282859547920898));
#5714=CARTESIAN_POINT('',(-0.00150145767875451,-0.0120459799245284,0.0033));
#5715=CARTESIAN_POINT('',(0.049698771305733,-0.0125173844453193,0.00282859547920896));
#5716=CARTESIAN_POINT('',(0.0629578951335484,-0.0155173844453193,-0.000171404520791037));
#5717=CARTESIAN_POINT('',(0.048755962264151,-0.00561647312452825,0.0033));
#5718=CARTESIAN_POINT('',(0.0482845577433599,0.018618039887699,0.00282859547920898));
#5719=CARTESIAN_POINT('',(0.0452845577433599,-0.0141031708829462,-0.000171404520791035));
#5720=CARTESIAN_POINT('',(0.0639007041751304,0.0037574345023764,0.0003));
#5721=CARTESIAN_POINT('',(0.0643721086959214,0.021618039887699,-0.000171404520791029));
#5722=CARTESIAN_POINT('',(0.0613721086959215,-0.0111031708829462,0.00282859547920897));
#5723=CARTESIAN_POINT('',(0.0329462979914311,0.0353705132020009,-0.0153380913974659));
#5724=CARTESIAN_POINT('',(0.0391571745155867,-0.00218268073026266,0.0222151025347976));
#5725=CARTESIAN_POINT('',(0.0329462979914312,-0.0278556441972481,-0.0153380913974659));
#5726=CARTESIAN_POINT('',(0.0391571745155867,0.00969754973501541,0.0222151025347975));
#5727=CARTESIAN_POINT('',(-0.0485961198354169,0.0116993239773325,0.0123669759333134));
#5728=MECHANICAL_DESIGN_GEOMETRIC_PRESENTATION_REPRESENTATION('',(#3544,
#3545),#5729);
#5729=(
GEOMETRIC_REPRESENTATION_CONTEXT(3)
GLOBAL_UNCERTAINTY_ASSIGNED_CONTEXT((#5732))
GLOBAL_UNIT_ASSIGNED_CONTEXT((#5737,#5736,#5735))
REPRESENTATION_CONTEXT('RightAssembly','TOP_LEVEL_ASSEMBLY_PART')
);
#5730=(
GEOMETRIC_REPRESENTATION_CONTEXT(3)
GLOBAL_UNCERTAINTY_ASSIGNED_CONTEXT((#5733))
GLOBAL_UNIT_ASSIGNED_CONTEXT((#5737,#5736,#5735))
REPRESENTATION_CONTEXT('Part 1','COMPONENT_PART')
);
#5731=(
GEOMETRIC_REPRESENTATION_CONTEXT(3)
GLOBAL_UNCERTAINTY_ASSIGNED_CONTEXT((#5734))
GLOBAL_UNIT_ASSIGNED_CONTEXT((#5737,#5736,#5735))
REPRESENTATION_CONTEXT('Part 1','COMPONENT_PART')
);
#5732=UNCERTAINTY_MEASURE_WITH_UNIT(LENGTH_MEASURE(1.E-8),#5737,
'DISTANCE_ACCURACY_VALUE','Maximum Tolerance applied to model');
#5733=UNCERTAINTY_MEASURE_WITH_UNIT(LENGTH_MEASURE(2.04599675738947E-5),
#5737,'DISTANCE_ACCURACY_VALUE','Maximum Tolerance applied to model');
#5734=UNCERTAINTY_MEASURE_WITH_UNIT(LENGTH_MEASURE(1.E-8),#5737,
'DISTANCE_ACCURACY_VALUE','Maximum Tolerance applied to model');
#5735=(
NAMED_UNIT(*)
SI_UNIT($,.STERADIAN.)
SOLID_ANGLE_UNIT()
);
#5736=(
NAMED_UNIT(*)
PLANE_ANGLE_UNIT()
SI_UNIT($,.RADIAN.)
);
#5737=(
LENGTH_UNIT()
NAMED_UNIT(*)
SI_UNIT($,.METRE.)
);
#5738=PRODUCT_DEFINITION_SHAPE('','',#5743);
#5739=PRODUCT_DEFINITION_SHAPE('','',#5744);
#5740=PRODUCT_DEFINITION_SHAPE(' ','NAUO PRDDFN',#40);
#5741=PRODUCT_DEFINITION_SHAPE('','',#5745);
#5742=PRODUCT_DEFINITION_SHAPE(' ','NAUO PRDDFN',#41);
#5743=PRODUCT_DEFINITION('','',#5749,#5746);
#5744=PRODUCT_DEFINITION('','',#5750,#5747);
#5745=PRODUCT_DEFINITION('','',#5751,#5748);
#5746=PRODUCT_DEFINITION_CONTEXT('',#5765,'design');
#5747=PRODUCT_DEFINITION_CONTEXT('',#5765,'design');
#5748=PRODUCT_DEFINITION_CONTEXT('',#5765,'design');
#5749=PRODUCT_DEFINITION_FORMATION_WITH_SPECIFIED_SOURCE('','',#5755,
 .NOT_KNOWN.);
#5750=PRODUCT_DEFINITION_FORMATION_WITH_SPECIFIED_SOURCE('','',#5756,
 .NOT_KNOWN.);
#5751=PRODUCT_DEFINITION_FORMATION_WITH_SPECIFIED_SOURCE('','',#5757,
 .NOT_KNOWN.);
#5752=PRODUCT_RELATED_PRODUCT_CATEGORY('','',(#5755));
#5753=PRODUCT_RELATED_PRODUCT_CATEGORY('','',(#5756));
#5754=PRODUCT_RELATED_PRODUCT_CATEGORY('','',(#5757));
#5755=PRODUCT('RightAssembly','RightAssembly','RightAssembly',(#5761));
#5756=PRODUCT('Part 1','Part 1','Part 1',(#5762));
#5757=PRODUCT('Part 1','Part 1','Part 1',(#5763));
#5758=PRODUCT_CATEGORY('','');
#5759=PRODUCT_CATEGORY('','');
#5760=PRODUCT_CATEGORY('','');
#5761=PRODUCT_CONTEXT('',#5765,'mechanical');
#5762=PRODUCT_CONTEXT('',#5765,'mechanical');
#5763=PRODUCT_CONTEXT('',#5765,'mechanical');
#5764=APPLICATION_PROTOCOL_DEFINITION('international standard',
'ap242_managed_model_based_3d_engineering',2020,#5765);
#5765=APPLICATION_CONTEXT('managed model based 3d engineering');
ENDSEC;
END-ISO-10303-21;
